year,scenario,AS,CR,EU,CH,global_wealth,total
2001,25% equal weights,695.8077954182888,324.2024846967487,1020.2886048960053,1271.2506882567957,3311.5495732678387,3311.5495732678382
2001,50% equal weights,750.2296018593565,323.5191416405189,966.5501415111675,1271.2506882567957,3311.5495732678387,3311.5495732678387
2001,Baseline,641.3859889772214,324.88582775297846,1074.0270682808432,1271.2506882567957,3311.5495732678387,3311.5495732678387
2002,25% equal weights,616.7754722234815,400.6267047758084,1026.9039013853412,1282.4401425946048,3326.746220979236,3326.746220979236
2002,50% equal weights,698.1037995012167,374.6795266076248,971.5227522757898,1282.4401425946048,3326.746220979236,3326.7462209792357
2002,Baseline,535.4471449457465,426.573882943992,1082.2850504948929,1282.4401425946048,3326.746220979236,3326.746220979236
2003,25% equal weights,582.9842403752627,387.479240543998,1042.7079491121601,1556.1788672324774,3569.3502972638985,3569.350297263898
2003,50% equal weights,671.2065363949359,364.275884750284,977.689008886201,1556.1788672324774,3569.3502972638985,3569.350297263898
2003,Baseline,494.7619443555895,410.682596337712,1107.7268893381195,1556.1788672324774,3569.3502972638985,3569.350297263898
2004,25% equal weights,693.6445630532744,488.88942178528237,1264.3584336616525,1819.918975951736,4266.8113944519455,4266.8113944519455
2004,50% equal weights,805.8532060355458,454.7100926901993,1186.3291197744645,1819.918975951736,4266.8113944519455,4266.8113944519455
2004,Baseline,581.435920071003,523.0687508803655,1342.3877475488407,1819.918975951736,4266.8113944519455,4266.8113944519455
2005,25% equal weights,770.2589913075087,473.9936850080775,1302.9776893335,2019.501565473577,4566.731931122663,4566.731931122664
2005,50% equal weights,871.0120104364564,450.0605460921789,1226.1578091204503,2019.501565473577,4566.731931122663,4566.731931122663
2005,Baseline,669.505972178561,497.9268239239759,1379.797569546549,2019.501565473577,4566.731931122663,4566.731931122663
2006,25% equal weights,799.3233876165523,507.4347654087704,1323.6897122579794,2422.1621746176393,5052.610039900942,5052.610039900941
2006,50% equal weights,902.0679237139544,476.7344680944418,1251.6454734749063,2422.1621746176393,5052.610039900942,5052.610039900942
2006,Baseline,696.57885151915,538.135062723099,1395.7339510410534,2422.1621746176393,5052.610039900942,5052.610039900941
2007,25% equal weights,1212.2260848466888,756.6726192670885,1914.4318606862628,2911.7417314555923,6795.072296255632,6795.072296255632
2007,50% equal weights,1353.1795744311314,708.8342320447277,1821.316758324181,2911.7417314555923,6795.072296255632,6795.072296255633
2007,Baseline,1071.2725952622459,804.5110064894492,2007.5469630483449,2911.7417314555923,6795.072296255632,6795.072296255633
2008,25% equal weights,1161.3756903960464,819.9103851597818,1527.4591152659236,2135.386399455316,5644.1315902770675,5644.1315902770675
2008,50% equal weights,1266.7059256425223,731.2777229567887,1510.7615422224403,2135.386399455316,5644.1315902770675,5644.1315902770675
2008,Baseline,1056.0454551495702,908.5430473627748,1544.156688309407,2135.386399455316,5644.1315902770675,5644.1315902770675
2009,25% equal weights,1366.608950988185,902.3894719528597,1677.7142514185355,2358.608590598537,6305.321264958117,6305.321264958117
2009,50% equal weights,1464.9972198671521,809.3147010050423,1672.4007534873858,2358.608590598537,6305.321264958117,6305.321264958116
2009,Baseline,1268.220682109218,995.464242900677,1683.027749349685,2358.608590598537,6305.321264958117,6305.321264958117
2010,25% equal weights,1274.192940536921,860.4160664164145,1408.9980330907988,2301.2503586082425,5844.857398652377,5844.857398652377
2010,50% equal weights,1346.8103168553698,760.1163446308097,1436.680378557955,2301.2503586082425,5844.857398652377,5844.857398652377
2010,Baseline,1201.5755642184722,960.7157882020193,1381.315687623643,2301.2503586082425,5844.857398652377,5844.857398652377
2011,25% equal weights,1657.320258474095,954.1006097857595,1699.9487644498004,2251.6964074010957,6563.066040110752,6563.066040110751
2011,50% equal weights,1709.98468217005,862.9812643857514,1738.4036861538539,2251.6964074010957,6563.066040110752,6563.066040110751
2011,Baseline,1604.6558347781402,1045.2199551857677,1661.4938427457473,2251.6964074010957,6563.066040110752,6563.066040110751
2012,25% equal weights,2261.6537113043964,1198.9932995700424,2389.453840363404,2369.874815311892,8219.975666549735,8219.975666549733
2012,50% equal weights,2328.8359270082424,1107.22891118202,2414.0360130475806,2369.874815311892,8219.975666549735,8219.975666549735
2012,Baseline,2194.4714956005505,1290.757687958065,2364.8716676792274,2369.874815311892,8219.975666549735,8219.975666549733
2013,25% equal weights,2463.1060752871513,1305.2508352874438,2283.9753329025452,2423.4840239192777,8475.816267396418,8475.816267396418
2013,50% equal weights,2491.5208562934886,1188.711025813233,2372.1003613704183,2423.4840239192777,8475.816267396418,8475.816267396418
2013,Baseline,2434.691294280813,1421.7906447616544,2195.850304434672,2423.4840239192777,8475.816267396418,8475.816267396418
2014,25% equal weights,3071.2028226092716,1585.262151636999,2525.0291781387637,2341.8949121053233,9523.389064490357,9523.389064490359
2014,50% equal weights,3055.397552249695,1434.8148108659834,2691.2817892693556,2341.8949121053233,9523.389064490357,9523.389064490359
2014,Baseline,3087.008092968849,1735.7094924080143,2358.7765670081712,2341.8949121053233,9523.389064490357,9523.389064490359
2015,25% equal weights,3273.0272463868864,1536.346282281932,2497.11622295147,2216.899312870068,9523.389064490357,9523.389064490357
2015,50% equal weights,3207.490410099368,1408.782947045163,2690.216394475757,2216.899312870068,9523.389064490357,9523.389064490357
2015,Baseline,3338.564082674404,1663.9096175187012,2304.016051427182,2216.899312870068,9523.389064490357,9523.389064490355
2016,25% equal weights,2656.8292822666563,1180.1504277948543,1939.6431899842105,2128.9410793406223,7905.563979386344,7905.563979386343
2016,50% equal weights,2581.9736127455917,1090.799736076169,2103.8495512239606,2128.9410793406223,7905.563979386344,7905.563979386344
2016,Baseline,2731.6849517877217,1269.5011195135398,1775.43682874446,2128.9410793406223,7905.563979386344,7905.563979386343
2017,25% equal weights,3256.2938675285295,1301.3709285462044,2427.181739533865,2444.343036082455,9429.189571691053,9429.189571691055
2017,50% equal weights,3151.1919166833836,1235.2041209049394,2598.450498020274,2444.343036082455,9429.189571691053,9429.189571691053
2017,Baseline,3361.3958183736745,1367.5377361874691,2255.9129810474556,2444.343036082455,9429.189571691053,9429.189571691053
2018,25% equal weights,3153.3026327001157,1150.4667539153015,2180.4478155492297,2281.5675692115733,8765.78477137622,8765.78477137622
2018,50% equal weights,3012.2673273670453,1108.2524255311473,2363.6974492664544,2281.5675692115733,8765.78477137622,8765.78477137622
2018,Baseline,3294.337938033186,1192.6810822994557,1997.1981818320046,2281.5675692115733,8765.78477137622,8765.78477137622
2019,25% equal weights,4013.919314317331,1439.7954317690383,2692.3778474590695,2594.5728950462894,10740.665488591729,10740.665488591729
2019,50% equal weights,3819.2574507442478,1388.605336629119,2938.229806172072,2594.5728950462894,10740.665488591729,10740.665488591729
2019,Baseline,4208.581177890415,1490.985526908958,2446.5258887460654,2594.5728950462894,10740.665488591729,10740.665488591729
2020,25% equal weights,4954.258226326473,1811.6259282984788,3329.477025608783,2761.3611130775957,12856.722293311332,12856.72229331133
2020,50% equal weights,4719.731614776771,1739.085417825323,3636.5441476316432,2761.3611130775957,12856.722293311332,12856.722293311332
2020,Baseline,5188.784837876177,1884.166438771635,3022.4099035859235,2761.3611130775957,12856.722293311332,12856.722293311332
2021,25% equal weights,5429.338170677227,2039.6715664995136,3538.1244956881783,3026.471883151337,14033.606116016255,14033.606116016255
2021,50% equal weights,5164.419725414982,1939.1038986943206,3903.6106087556163,3026.471883151337,14033.606116016255,14033.606116016255
2021,Baseline,5694.256615939471,2140.2392343047068,3172.6383826207402,3026.471883151337,14033.606116016255,14033.606116016255
