year,scenario,equity_assets,debt_assets,portfolio_assets,bank_assets,hedge_fund_equity_liabilities,baseline_equity,baseline_debt,baseline_portfolio,baseline_hedge_liabilities,delta_equity_assets,delta_debt_assets,delta_portfolio_assets,delta_equity_liabilities,delta_global_asset_liability_gap
2001,Baseline,70579.38487976546,146493.3259790552,217072.71085882065,50817,166255.71085882065,70579.38487976546,146493.3259790552,217072.71085882065,166255.71085882065,0,0,0,0,0
2001,Higher US shares,63475.555555555526,128871.99999999997,192347.5555555555,50817,141530.5555555555,70579.38487976546,146493.3259790552,217072.71085882065,166255.71085882065,-7103.829324209939,-17621.325979055226,-24725.155303265143,-24725.155303265143,0
2001,Lower US shares,142820.00000000003,161089.99999999994,303910,50817,253093,70579.38487976546,146493.3259790552,217072.71085882065,166255.71085882065,72240.61512023456,14596.674020944745,86837.28914117935,86837.28914117935,0
2001,Rising equity US share,142820.00000000003,146493.3259790552,289313.32597905525,50817,238496.32597905525,70579.38487976546,146493.3259790552,217072.71085882065,166255.71085882065,72240.61512023456,0,72240.61512023461,72240.61512023461,0
2002,Baseline,80516.1933202491,191217.03180592193,271733.225126171,55194.47125000001,216538.75387617102,80516.1933202491,191217.03180592193,271733.225126171,216538.75387617102,0,0,0,0,0
2002,Higher US shares,72412.22222222226,168216.00000000006,240628.2222222223,55194.47125000001,185433.7509722223,80516.1933202491,191217.03180592193,271733.225126171,216538.75387617102,-8103.971098026843,-23001.03180592187,-31105.002903948713,-31105.002903948713,0
2002,Lower US shares,162927.49999999997,210269.99999999997,373197.49999999994,55194.47125000001,318003.02874999994,80516.1933202491,191217.03180592193,271733.225126171,216538.75387617102,82411.30667975087,19052.968194078043,101464.27487382892,101464.27487382892,0
2002,Rising equity US share,151827.42872003667,191217.03180592193,343044.46052595857,55194.47125000001,287849.98927595856,80516.1933202491,191217.03180592193,271733.225126171,216538.75387617102,71311.23539978756,0,71311.23539978755,71311.23539978755,0
2003,Baseline,144132.52307499072,242273.10997061725,386405.63304560794,62365.884792968754,324039.7482526392,144132.52307499072,242273.10997061725,386405.63304560794,324039.7482526392,0,0,0,0,0
2003,Higher US shares,129625.55555555563,213130.66666666666,342756.2222222223,62365.884792968754,280390.33742925356,144132.52307499072,242273.10997061725,386405.63304560794,324039.7482526392,-14506.967519435086,-29142.443303950597,-43649.41082338564,-43649.41082338564,0
2003,Lower US shares,291657.5,266413.3333333335,558070.8333333335,62365.884792968754,495704.94854036474,144132.52307499072,242273.10997061725,386405.63304560794,324039.7482526392,147524.97692500928,24140.223362716235,171665.20028772554,171665.20028772554,0
2003,Rising equity US share,254451.68237552996,242273.10997061725,496724.79234614724,62365.884792968754,434358.9075531785,144132.52307499072,242273.10997061725,386405.63304560794,324039.7482526392,110319.15930053924,0,110319.1593005393,110319.1593005393,0
2004,Baseline,172922.45806051747,396091.5569426654,569014.0150031829,57986.295200195294,511027.71980298765,172922.45806051747,396091.5569426654,569014.0150031829,511027.71980298765,0,0,0,0,0
2004,Higher US shares,155517.77777777775,348446.6666666666,503964.4444444444,57986.295200195294,445978.1492442491,172922.45806051747,396091.5569426654,569014.0150031829,511027.71980298765,-17404.68028273972,-47644.8902759988,-65049.570558738546,-65049.570558738546,0
2004,Lower US shares,349914.99999999977,435558.33333333314,785473.3333333329,57986.295200195294,727487.0381331376,172922.45806051747,396091.5569426654,569014.0150031829,511027.71980298765,176992.5419394823,39466.776390667714,216459.31833014998,216459.31833014998,0
2004,Rising equity US share,286973.3227622898,396091.5569426654,683064.8797049553,57986.295200195294,625078.58450476,172922.45806051747,396091.5569426654,569014.0150031829,511027.71980298765,114050.86470177231,0,114050.86470177234,114050.86470177234,0
2005,Baseline,204377.28124772577,417578.8816514728,621956.1628991986,72302.13275488286,549654.0301443157,204377.28124772577,417578.8816514728,621956.1628991986,549654.0301443157,0,0,0,0,0
2005,Higher US shares,183806.66666666663,367349.33333333343,551156,72302.13275488286,478853.86724511714,204377.28124772577,417578.8816514728,621956.1628991986,549654.0301443157,-20570.61458105914,-50229.548318139394,-70800.16289919859,-70800.16289919853,-5.820766091346741e-11
2005,Lower US shares,413564.99999999994,459186.666666667,872751.666666667,72302.13275488286,800449.5339117842,204377.28124772577,417578.8816514728,621956.1628991986,549654.0301443157,209187.71875227417,41607.78501519415,250795.50376746838,250795.5037674685,-1.1641532182693481e-10
2005,Rising equity US share,319987.9840104301,417578.8816514728,737566.8656619029,72302.13275488286,665264.73290702,204377.28124772577,417578.8816514728,621956.1628991986,549654.0301443157,115610.70276270434,0,115610.70276270434,115610.70276270434,0
2006,Baseline,272716.77632236894,641706.668111204,914423.4444335729,85109,829314.4444335729,272716.77632236894,641706.668111204,914423.4444335729,829314.4444335729,0,0,0,0,0
2006,Higher US shares,245267.77777777775,564517.3333333334,809785.1111111111,85109,724676.1111111111,272716.77632236894,641706.668111204,914423.4444335729,829314.4444335729,-27448.998544591188,-77189.33477787068,-104638.33332246181,-104638.33332246181,0
2006,Lower US shares,551852.4999999997,705646.6666666669,1257499.1666666665,85109,1172390.1666666665,272716.77632236894,641706.668111204,914423.4444335729,829314.4444335729,279135.7236776307,63939.99855546281,343075.7222330936,343075.7222330936,0
2006,Rising equity US share,404125.0238567321,641706.668111204,1045831.6919679362,85109,960722.6919679362,272716.77632236894,641706.668111204,914423.4444335729,829314.4444335729,131408.24753436318,0,131408.2475343633,131408.2475343633,0
2007,Baseline,406719.7591258781,786126.5892654257,1192846.3483913038,90008,1102838.3483913038,406719.7591258781,786126.5892654257,1192846.3483913038,1102838.3483913038,0,0,0,0,0
2007,Higher US shares,365783.3333333335,691565.3333333334,1057348.666666667,90008,967340.666666667,406719.7591258781,786126.5892654257,1192846.3483913038,1102838.3483913038,-40936.425792544615,-94561.25593209232,-135497.68172463682,-135497.68172463682,0
2007,Lower US shares,823012.4999999998,864456.6666666667,1687469.1666666665,90008,1597461.1666666665,406719.7591258781,786126.5892654257,1192846.3483913038,1102838.3483913038,416292.74087412166,78330.07740124105,494622.8182753627,494622.8182753627,0
2007,Rising equity US share,572069.3035174347,786126.5892654257,1358195.8927828604,90008,1268187.8927828604,406719.7591258781,786126.5892654257,1192846.3483913038,1102838.3483913038,165349.54439155664,0,165349.54439155664,165349.54439155664,0
2008,Baseline,264101.91056885745,733836.7746040829,997938.6851729404,50055,947883.6851729404,264101.91056885745,733836.7746040829,997938.6851729404,947883.6851729404,0,0,0,0,0
2008,Higher US shares,237520.00000000003,645565.3333333337,883085.3333333337,50055,833030.3333333337,264101.91056885745,733836.7746040829,997938.6851729404,947883.6851729404,-26581.91056885742,-88271.4412707492,-114853.35183960665,-114853.35183960665,0
2008,Lower US shares,534420.0000000001,806956.6666666667,1341376.666666667,50055,1291321.666666667,264101.91056885745,733836.7746040829,997938.6851729404,947883.6851729404,270318.08943114267,73119.89206258382,343437.9814937266,343437.9814937266,0
2008,Rising equity US share,353506.500393111,733836.7746040829,1087343.2749971938,50055,1037288.2749971938,264101.91056885745,733836.7746040829,997938.6851729404,947883.6851729404,89404.58982425358,0,89404.58982425346,89404.58982425346,0
2009,Baseline,371226.2157109017,658105.9665064414,1029332.182217343,56419,972913.182217343,371226.2157109017,658105.9665064414,1029332.182217343,972913.182217343,0,0,0,0,0
2009,Higher US shares,333862.22222222225,578944,912806.2222222222,56419,856387.2222222222,371226.2157109017,658105.9665064414,1029332.182217343,972913.182217343,-37363.993488679465,-79161.96650644136,-116525.95999512076,-116525.95999512076,0
2009,Lower US shares,751189.9999999995,723679.9999999997,1474869.999999999,56419,1418450.999999999,371226.2157109017,658105.9665064414,1029332.182217343,972913.182217343,379963.7842890978,65574.0334935583,445537.81778265606,445537.81778265606,0
2009,Rising equity US share,473973.2976763239,658105.9665064414,1132079.2641827653,56419,1075660.2641827653,371226.2157109017,658105.9665064414,1029332.182217343,972913.182217343,102747.0819654222,0,102747.08196542226,102747.08196542226,0
2010,Baseline,464528.189281128,737331.8561289838,1201860.0454101118,59393,1142467.0454101118,464528.189281128,737331.8561289838,1201860.0454101118,1142467.0454101118,0,0,0,0,0
2010,Higher US shares,417773.33333333326,648639.9999999999,1066413.333333333,59393,1007020.333333333,464528.189281128,737331.8561289838,1201860.0454101118,1142467.0454101118,-46754.85594779474,-88691.8561289839,-135446.71207677876,-135446.71207677876,0
2010,Lower US shares,939990,810800,1750790,59393,1691397,464528.189281128,737331.8561289838,1201860.0454101118,1142467.0454101118,475461.810718872,73468.14387101622,548929.9545898882,548929.9545898882,0
2010,Rising equity US share,566946.1676905826,737331.8561289838,1304278.0238195662,59393,1244885.0238195662,464528.189281128,737331.8561289838,1201860.0454101118,1142467.0454101118,102417.97840945458,0,102417.97840945446,102417.97840945446,0
2011,Baseline,588758.6798846837,837111.4320304374,1425870.111915121,51112,1374758.111915121,588758.6798846837,837111.4320304374,1425870.111915121,1374758.111915121,0,0,0,0,0
2011,Higher US shares,529499.9999999998,736417.3333333336,1265917.3333333335,51112,1214805.3333333335,588758.6798846837,837111.4320304374,1425870.111915121,1374758.111915121,-59258.67988468392,-100694.0986971038,-159952.7785817876,-159952.7785817876,0
2011,Lower US shares,1191374.9999999998,920521.6666666663,2111896.666666666,51112,2060784.666666666,588758.6798846837,837111.4320304374,1425870.111915121,1374758.111915121,602616.3201153161,83410.23463622888,686026.554751545,686026.554751545,0
2011,Rising equity US share,688219.3126103916,837111.4320304374,1525330.744640829,51112,1474218.744640829,588758.6798846837,837111.4320304374,1425870.111915121,1374758.111915121,99460.63272570795,0,99460.63272570795,99460.63272570795,0
2012,Baseline,695302.3186128245,835677.6301559558,1530979.9487687803,52273,1478706.9487687803,695302.3186128245,835677.6301559558,1530979.9487687803,1478706.9487687803,0,0,0,0,0
2012,Higher US shares,625320,735156.0000000001,1360476,52273,1308203,695302.3186128245,835677.6301559558,1530979.9487687803,1478706.9487687803,-69982.31861282454,-100521.63015595567,-170503.94876878033,-170503.94876878033,0
2012,Lower US shares,1406969.9999999998,918944.9999999998,2325914.9999999995,52273,2273641.9999999995,695302.3186128245,835677.6301559558,1530979.9487687803,1478706.9487687803,711667.6813871752,83267.36984404398,794935.0512312192,794935.0512312192,0
2012,Rising equity US share,779827.0766015688,835677.6301559558,1615504.7067575245,52273,1563231.7067575245,695302.3186128245,835677.6301559558,1530979.9487687803,1478706.9487687803,84524.7579887443,0,84524.75798874418,84524.75798874418,0
2013,Baseline,910795.0375752127,848158.9815685981,1758954.0191438107,47118,1711836.0191438107,910795.0375752127,848158.9815685981,1758954.0191438107,1711836.0191438107,0,0,0,0,0
2013,Higher US shares,819123.3333333328,746136.0000000003,1565259.333333333,47118,1518141.333333333,910795.0375752127,848158.9815685981,1758954.0191438107,1711836.0191438107,-91671.70424187987,-102022.98156859772,-193694.6858104777,-193694.6858104777,0
2013,Lower US shares,1843027.5000000005,932669.9999999997,2775697.5,47118,2728579.5,910795.0375752127,848158.9815685981,1758954.0191438107,1711836.0191438107,932232.4624247878,84511.01843140158,1016743.4808561893,1016743.4808561893,0
2013,Rising equity US share,981734.5927226478,848158.9815685981,1829893.574291246,47118,1782775.574291246,910795.0375752127,848158.9815685981,1758954.0191438107,1711836.0191438107,70939.55514743517,0,70939.55514743528,70939.55514743528,0
2014,Baseline,1053456.1272481617,873468.7675114889,1926924.8947596506,41912,1885012.8947596506,1053456.1272481617,873468.7675114889,1926924.8947596506,1885012.8947596506,0,0,0,0,0
2014,Higher US shares,947425.5555555555,768401.3333333329,1715826.8888888885,41912,1673914.8888888885,1053456.1272481617,873468.7675114889,1926924.8947596506,1885012.8947596506,-106030.5716926062,-105067.43417815596,-211098.00587076205,-211098.00587076205,0
2014,Lower US shares,2131707.5,960501.6666666672,3092209.166666667,41912,3050297.166666667,1053456.1272481617,873468.7675114889,1926924.8947596506,1885012.8947596506,1078251.3727518383,87032.89915517834,1165284.2719070164,1165284.2719070164,0
2014,Rising equity US share,1092943.8625194787,873468.7675114889,1966412.6300309675,41912,1924500.6300309675,1053456.1272481617,873468.7675114889,1926924.8947596506,1885012.8947596506,39487.73527131695,0,39487.73527131695,39487.73527131695,0
