year,difference_CR,difference_AS,difference_EU
2001,0,1.1368683772161603e-13,0
2002,0,0,0
2003,-5.684341886080802e-14,0,-2.2737367544323206e-13
2004,0,-1.1368683772161603e-13,0
2005,0,2.2737367544323206e-13,2.2737367544323206e-13
2006,1.1368683772161603e-13,0,2.2737367544323206e-13
2007,1.1368683772161603e-13,-2.2737367544323206e-13,4.547473508864641e-13
2008,-1.1368683772161603e-13,-2.2737367544323206e-13,2.2737367544323206e-13
2009,-1.1368683772161603e-13,0,0
2010,1.1368683772161603e-13,0,2.2737367544323206e-13
2011,-2.2737367544323206e-13,2.2737367544323206e-13,2.2737367544323206e-13
2012,2.2737367544323206e-13,-4.547473508864641e-13,-4.547473508864641e-13
2013,0,0,0
2014,-2.2737367544323206e-13,0,9.094947017729282e-13
2015,-4.547473508864641e-13,0,-4.547473508864641e-13
2016,0,-4.547473508864641e-13,-4.547473508864641e-13
2017,2.2737367544323206e-13,9.094947017729282e-13,9.094947017729282e-13
2018,2.2737367544323206e-13,-4.547473508864641e-13,-2.2737367544323206e-13
2019,2.2737367544323206e-13,0,-4.547473508864641e-13
2020,-2.2737367544323206e-13,-9.094947017729282e-13,0
2021,0,-1.8189894035458565e-12,4.547473508864641e-13
