"year","source","sourcename","corr_eq","corr_debt"
2013,111,"United States of America",-3.72529029846191e-12,-9.31322574615479e-13
2013,112,"United Kingdom",-2.3283064365387e-13,4.65661287307739e-13
2013,122,"Austria",-2.91038304567337e-14,-5.82076609134674e-14
2013,124,"Belgium",-1.16415321826935e-13,5.82076609134674e-14
2013,128,"Denmark",2.91038304567337e-14,8.73114913702011e-14
2013,132,"France",4.65661287307739e-13,4.65661287307739e-13
2013,134,"Germany",-3.49245965480804e-13,-9.31322574615479e-13
2013,136,"Italy",-2.3283064365387e-13,-1.16415321826935e-13
2013,137,"Luxembourg",-2.3283064365387e-13,-9.31322574615479e-13
2013,138,"Netherlands",3.49245965480804e-13,2.3283064365387e-13
2013,142,"Norway",-3.49245965480804e-13,1.16415321826935e-13
2013,144,"Sweden",-1.74622982740402e-13,0
2013,146,"Switzerland",4.65661287307739e-13,-2.3283064365387e-13
2013,156,"Canada",-1.16415321826935e-13,8.73114913702011e-14
2013,158,"Japan",-2.3283064365387e-13,4.65661287307739e-13
2013,172,"Finland",-2.91038304567337e-14,-1.74622982740402e-13
2013,174,"Greece",9.09494701772928e-16,1.16415321826935e-13
2013,176,"Iceland",0,9.09494701772928e-16
2013,178,"Ireland",2.3283064365387e-13,-6.98491930961609e-13
2013,181,"Malta",-2.27373675443232e-16,3.63797880709171e-15
2013,182,"Portugal",-1.45519152283669e-14,-5.82076609134674e-14
2013,184,"Spain",-5.82076609134674e-14,1.16415321826935e-13
2013,186,"Turkey",5.6843418860808e-17,4.54747350886464e-16
2013,193,"Australia",2.91038304567337e-13,-2.91038304567337e-14
2013,196,"New Zealand",1.45519152283669e-14,-1.09139364212751e-14
2013,199,"South Africa",-8.73114913702011e-14,-3.63797880709171e-15
2013,213,"Argentina",1.81898940354586e-15,-1.81898940354586e-15
2013,218,"Bolivia",0,5.6843418860808e-17
2013,223,"Brazil",0,-1.81898940354586e-15
2013,228,"Chile",-1.45519152283669e-14,0
2013,233,"Colombia",1.09139364212751e-14,-1.09139364212751e-14
2013,238,"Costa Rica",1.13686837721616e-16,-1.13686837721616e-16
2013,253,"El Salvador",0,0
2013,268,"Honduras",0,0
2013,273,"Mexico",3.63797880709171e-15,-1.09139364212751e-14
2013,283,"Panama",1.13686837721616e-16,-1.2732925824821e-14
2013,293,"Peru",0,0
2013,298,"Uruguay",2.27373675443232e-16,0
2013,299,"Venezuela",0,-1.81898940354586e-15
2013,313,"Bahamas",1.36424205265939e-15,0
2013,314,"Aruba",2.8421709430404e-17,-5.6843418860808e-17
2013,316,"Barbados",0,0
2013,319,"Bermuda",2.91038304567337e-14,-4.07453626394272e-13
2013,353,"Netherlands Antilles",0,0
2013,355,"Curacao and Sint Maarten",0,-7.27595761418343e-15
2013,419,"Bahrain",0,-7.27595761418343e-15
2013,423,"Cyprus",-9.09494701772928e-16,-3.63797880709171e-15
2013,436,"Israel",-2.18278728425503e-14,2.91038304567337e-14
2013,443,"Kuwait",-1.09139364212751e-14,9.09494701772928e-16
2013,446,"Lebanon",0,-4.54747350886464e-16
2013,456,"Saudi Arabia",2.91038304567337e-14,5.82076609134674e-14
2013,469,"Egypt",0,0
2013,487,"Palestine",0,0
2013,513,"Bangladesh",0,0
2013,532,"Hong Kong",3.49245965480804e-13,5.82076609134674e-14
2013,534,"India",-2.27373675443232e-16,7.105427357601e-18
2013,536,"Indonesia + Timor-Leste",-4.54747350886464e-16,-9.09494701772928e-15
2013,542,"South Korea",-2.91038304567337e-14,2.18278728425503e-14
2013,546,"Macao",-2.91038304567337e-14,-7.27595761418343e-15
2013,548,"Malaysia",1.45519152283669e-14,-1.09139364212751e-14
2013,564,"Pakistan",-2.8421709430404e-17,1.13686837721616e-16
2013,565,"Palau",0,0
2013,566,"Philippines",0,9.09494701772928e-16
2013,576,"Singapore",3.49245965480804e-13,-2.3283064365387e-13
2013,578,"Thailand",0,0
2013,668,"Liberia",0,0
2013,684,"Mauritius",0,0
2013,728,"Namibia",0,0
2013,823,"Gibraltar",-4.54747350886464e-16,-0.0285893179870723
2013,846,"Vanuatu",0,0
2013,913,"Belarus",0,0
2013,914,"Albania",0,0
2013,916,"Kazakhstan",-3.63797880709171e-15,-2.91038304567337e-14
2013,918,"Bulgaria",0,2.72848410531878e-15
2013,922,"Russia",1.36424205265939e-15,-7.27595761418343e-15
2013,926,"Ukraine",-1.4210854715202e-17,0
2013,935,"Czech Republic",0,-5.45696821063757e-15
2013,936,"Slovakia",0,-3.63797880709171e-15
2013,939,"Estonia",-4.54747350886464e-16,0
2013,941,"Latvia",6.82121026329696e-16,4.54747350886464e-16
2013,944,"Hungary",-9.09494701772928e-16,4.54747350886464e-16
2013,946,"Lithuania",4.54747350886464e-16,-4.54747350886464e-16
2013,948,"Mongolia",5.6843418860808e-17,0
2013,961,"Slovenia",0,1.81898940354586e-15
2013,962,"North Macedonia",0,0
2013,964,"Poland",-9.09494701772928e-15,-9.09494701772928e-16
2013,967,"Kosovo, Rep. of",1.13686837721616e-16,1.13686837721616e-15
2013,968,"Romania",4.54747350886464e-16,-4.54747350886464e-16
2013,1006,"Guernsey",1.16415321826935e-13,0
2013,1012,"Isle of Man",7.27595761418343e-15,3.63797880709171e-15
2013,1017,"Jersey",1.45519152283669e-14,4.36557456851006e-14
2013,9999,"International Organizations and SEFER",0,0
2018,111,"United States of America",0,2.79396772384644e-12
2018,112,"United Kingdom",-6.98491930961609e-13,0
2018,122,"Austria",7.27595761418343e-14,-1.45519152283669e-13
2018,124,"Belgium",1.74622982740402e-13,0
2018,128,"Denmark",-3.49245965480804e-13,-2.91038304567337e-14
2018,132,"France",4.65661287307739e-13,6.98491930961609e-13
2018,134,"Germany",9.31322574615479e-13,-1.39698386192322e-12
2018,136,"Italy",-5.82076609134674e-13,1.16415321826935e-13
2018,137,"Luxembourg",0,0
2018,138,"Netherlands",4.65661287307739e-13,-2.3283064365387e-13
2018,142,"Norway",0,2.91038304567337e-13
2018,144,"Sweden",4.65661287307739e-13,0
2018,146,"Switzerland",1.16415321826935e-13,-1.16415321826935e-13
2018,156,"Canada",0,1.74622982740402e-13
2018,158,"Japan",-1.16415321826935e-12,4.65661287307739e-13
2018,172,"Finland",8.73114913702011e-14,2.91038304567337e-14
2018,174,"Greece",1.81898940354586e-15,-4.36557456851006e-14
2018,176,"Iceland",1.81898940354586e-15,4.54747350886464e-16
2018,178,"Ireland",1.39698386192322e-12,-9.31322574615479e-13
2018,181,"Malta",-1.45519152283669e-14,0
2018,182,"Portugal",-2.91038304567337e-14,-4.36557456851006e-14
2018,184,"Spain",1.74622982740402e-13,-5.82076609134674e-14
2018,186,"Turkey",1.13686837721616e-16,1.13686837721616e-16
2018,193,"Australia",2.3283064365387e-13,3.49245965480804e-13
2018,196,"New Zealand",3.63797880709171e-14,-7.27595761418343e-15
2018,199,"South Africa",0,-1.81898940354586e-15
2018,213,"Argentina",3.63797880709171e-15,-9.09494701772928e-15
2018,218,"Bolivia",-2.8421709430404e-17,9.09494701772928e-16
2018,223,"Brazil",-1.45519152283669e-14,-1.81898940354586e-15
2018,228,"Chile",1.45519152283669e-14,-7.27595761418343e-15
2018,233,"Colombia",-1.45519152283669e-14,7.27595761418343e-15
2018,238,"Costa Rica",9.09494701772928e-16,-4.54747350886464e-16
2018,253,"El Salvador",0,-1.13686837721616e-16
2018,268,"Honduras",-8.88178419700125e-19,0
2018,273,"Mexico",7.27595761418343e-15,-3.63797880709171e-15
2018,283,"Panama",-1.13686837721616e-16,-1.81898940354586e-15
2018,293,"Peru",0,0
2018,298,"Uruguay",-2.27373675443232e-16,0
2018,299,"Venezuela",0.0258751242742487,3.35971342535594
2018,313,"Bahamas",5.96623156658924,3.63797880709171e-15
2018,314,"Aruba",0,0
2018,316,"Barbados",3.51466025579778,6.26058999109026
2018,319,"Bermuda",2.91038304567337e-14,-1.16415321826935e-13
2018,353,"Netherlands Antilles",0,0
2018,355,"Curacao and Sint Maarten",0,0
2018,419,"Bahrain",3.63797880709171e-15,1.45519152283669e-14
2018,423,"Cyprus",0,-1.81898940354586e-15
2018,436,"Israel",-7.27595761418343e-14,-1.45519152283669e-14
2018,443,"Kuwait",3.63797880709171e-15,-8.18545231595635e-15
2018,446,"Lebanon",-9.09494701772928e-16,0
2018,456,"Saudi Arabia",2.91038304567337e-14,-1.45519152283669e-14
2018,469,"Egypt",0,0
2018,487,"Palestine",-5.6843418860808e-17,6.82121026329696e-16
2018,513,"Bangladesh",0,-4.54747350886464e-16
2018,532,"Hong Kong",6.98491930961609e-13,0
2018,534,"India",2.27373675443232e-16,-1.81898940354586e-15
2018,536,"Indonesia + Timor-Leste",9.09494701772928e-16,-7.27595761418343e-15
2018,542,"South Korea",1.16415321826935e-13,1.45519152283669e-13
2018,546,"Macao",-2.91038304567337e-14,2.91038304567337e-14
2018,548,"Malaysia",0,-3.63797880709171e-15
2018,564,"Pakistan",-5.6843418860808e-17,-1.70530256582424e-16
2018,565,"Palau",0,0
2018,566,"Philippines",-2.27373675443232e-16,1.81898940354586e-15
2018,576,"Singapore",6.98491930961609e-13,4.65661287307739e-13
2018,578,"Thailand",1.45519152283669e-14,3.63797880709171e-15
2018,668,"Liberia",0,0
2018,684,"Mauritius",1.45519152283669e-14,7.27595761418343e-15
2018,728,"Namibia",0,0
2018,823,"Gibraltar",-1.13686837721616e-16,0.0312430037889881
2018,846,"Vanuatu",0,0
2018,913,"Belarus",1.77635683940025e-18,2.8421709430404e-17
2018,914,"Albania",0,2.27373675443232e-16
2018,916,"Kazakhstan",1.81898940354586e-15,5.0931703299284e-14
2018,918,"Bulgaria",-1.36424205265939e-15,1.81898940354586e-15
2018,922,"Russia",-4.54747350886464e-15,1.45519152283669e-14
2018,926,"Ukraine",8.88178419700125e-19,0
2018,935,"Czech Republic",-7.27595761418343e-15,1.81898940354586e-15
2018,936,"Slovakia",5.45696821063757e-15,-7.27595761418343e-15
2018,939,"Estonia",-9.09494701772928e-16,-1.81898940354586e-15
2018,941,"Latvia",9.09494701772928e-16,1.81898940354586e-15
2018,944,"Hungary",-2.72848410531878e-15,9.09494701772928e-16
2018,946,"Lithuania",-9.09494701772928e-16,0
2018,948,"Mongolia",-5.6843418860808e-17,7.105427357601e-18
2018,961,"Slovenia",1.81898940354586e-15,3.63797880709171e-15
2018,962,"North Macedonia",0,3.5527136788005e-18
2018,964,"Poland",3.63797880709171e-15,-9.09494701772928e-15
2018,967,"Kosovo, Rep. of",-2.27373675443232e-16,-0.0432711447333509
2018,968,"Romania",0,4.54747350886464e-16
2018,1006,"Guernsey",-2.61934474110603e-13,2.91038304567337e-14
2018,1012,"Isle of Man",1.45519152283669e-14,-2.72848410531878e-15
2018,1017,"Jersey",0,-7.27595761418343e-15
2018,9999,"International Organizations and SEFER",-1.16415321826935e-13,-1.86264514923096e-12
2019,111,"United States of America",-7.45058059692383e-12,1.39698386192322e-12
2019,112,"United Kingdom",-9.31322574615479e-13,0
2019,122,"Austria",-2.91038304567337e-14,5.82076609134674e-14
2019,124,"Belgium",1.74622982740402e-13,-2.3283064365387e-13
2019,128,"Denmark",2.3283064365387e-13,0
2019,132,"France",-1.16415321826935e-13,-2.3283064365387e-13
2019,134,"Germany",-1.62981450557709e-12,0
2019,136,"Italy",0,3.49245965480804e-13
2019,137,"Luxembourg",-4.65661287307739e-13,4.65661287307739e-13
2019,138,"Netherlands",0,-4.65661287307739e-13
2019,142,"Norway",-3.49245965480804e-13,1.74622982740402e-13
2019,144,"Sweden",2.3283064365387e-13,-5.82076609134674e-14
2019,146,"Switzerland",-1.16415321826935e-13,0
2019,156,"Canada",9.31322574615479e-13,-1.74622982740402e-13
2019,158,"Japan",1.62981450557709e-12,-4.65661287307739e-12
2019,172,"Finland",1.16415321826935e-13,-2.91038304567337e-14
2019,174,"Greece",1.81898940354586e-15,2.91038304567337e-14
2019,176,"Iceland",0,6.82121026329696e-16
2019,178,"Ireland",0,0
2019,181,"Malta",2.91038304567337e-14,-1.09139364212751e-14
2019,182,"Portugal",0,-2.91038304567337e-14
2019,184,"Spain",-5.23868948221207e-13,-1.16415321826935e-13
2019,186,"Turkey",1.13686837721616e-16,4.54747350886464e-16
2019,193,"Australia",-3.49245965480804e-13,-5.82076609134674e-14
2019,196,"New Zealand",2.91038304567337e-14,5.0931703299284e-14
2019,199,"South Africa",2.91038304567337e-14,-3.63797880709171e-15
2019,213,"Argentina",3.63797880709171e-15,1.45519152283669e-14
2019,218,"Bolivia",-8.5265128291212e-17,1.81898940354586e-15
2019,223,"Brazil",-7.27595761418343e-15,0
2019,228,"Chile",-2.91038304567337e-14,-7.27595761418343e-15
2019,233,"Colombia",-1.09139364212751e-14,-1.45519152283669e-14
2019,238,"Costa Rica",-1.13686837721616e-15,1.59161572810262e-15
2019,253,"El Salvador",0,1.13686837721616e-16
2019,268,"Honduras",1.77635683940025e-18,5.6843418860808e-17
2019,273,"Mexico",7.27595761418343e-15,3.63797880709171e-15
2019,283,"Panama",-3.41060513164848e-16,5.45696821063757e-15
2019,293,"Peru",0,0
2019,298,"Uruguay",6.82121026329696e-16,0
2019,299,"Venezuela",0.030804203927431,3.61941795937464
2019,313,"Bahamas",2.22233314850994,7.27595761418343e-15
2019,314,"Aruba",-1.70530256582424e-16,-1.13686837721616e-16
2019,316,"Barbados",4.18418516980726,6.74453114929959
2019,319,"Bermuda",-5.82076609134674e-14,2.3283064365387e-13
2019,353,"Netherlands Antilles",0,0
2019,355,"Curacao and Sint Maarten",-3.63797880709171e-15,2.72848410531878e-15
2019,419,"Bahrain",-3.63797880709171e-15,-1.45519152283669e-14
2019,423,"Cyprus",0,7.27595761418343e-15
2019,436,"Israel",-5.82076609134674e-14,-7.27595761418343e-14
2019,443,"Kuwait",1.45519152283669e-14,7.27595761418343e-15
2019,446,"Lebanon",0,4.54747350886464e-16
2019,456,"Saudi Arabia",-5.82076609134674e-14,4.36557456851006e-14
2019,469,"Egypt",0,0
2019,487,"Palestine",0,0
2019,513,"Bangladesh",-1.77635683940025e-18,0
2019,532,"Hong Kong",0,2.3283064365387e-13
2019,534,"India",0.101120418949349,9.09494701772928e-16
2019,536,"Indonesia + Timor-Leste",0,-3.63797880709171e-15
2019,542,"South Korea",1.16415321826935e-13,5.82076609134674e-14
2019,546,"Macao",0,-1.45519152283669e-14
2019,548,"Malaysia",-4.36557456851006e-14,7.27595761418343e-15
2019,564,"Pakistan",-2.8421709430404e-17,5.6843418860808e-17
2019,565,"Palau",0,0
2019,566,"Philippines",-9.09494701772928e-16,1.09139364212751e-14
2019,576,"Singapore",-3.49245965480804e-13,1.16415321826935e-13
2019,578,"Thailand",-7.27595761418343e-15,-2.18278728425503e-14
2019,668,"Liberia",0,0
2019,684,"Mauritius",1.45519152283669e-14,-3.63797880709171e-15
2019,728,"Namibia",0,0
2019,823,"Gibraltar",4.54747350886464e-16,-0.0281801014655884
2019,846,"Vanuatu",0,0
2019,913,"Belarus",8.88178419700125e-19,-2.8421709430404e-17
2019,914,"Albania",7.105427357601e-18,-6.82121026329696e-16
2019,916,"Kazakhstan",1.81898940354586e-15,-7.27595761418343e-15
2019,918,"Bulgaria",9.09494701772928e-16,-3.63797880709171e-15
2019,922,"Russia",0,4.36557456851006e-14
2019,926,"Ukraine",0,0
2019,935,"Czech Republic",-1.09139364212751e-14,5.45696821063757e-15
2019,936,"Slovakia",-3.63797880709171e-15,-1.45519152283669e-14
2019,939,"Estonia",1.81898940354586e-15,0
2019,941,"Latvia",-9.09494701772928e-16,1.81898940354586e-15
2019,944,"Hungary",3.63797880709171e-15,1.81898940354586e-15
2019,946,"Lithuania",-3.63797880709171e-15,0
2019,948,"Mongolia",5.6843418860808e-17,3.5527136788005e-18
2019,961,"Slovenia",0,0
2019,962,"North Macedonia",0,7.105427357601e-18
2019,964,"Poland",-1.09139364212751e-14,1.09139364212751e-14
2019,967,"Kosovo, Rep. of",-2.27373675443232e-16,-0.0541658766937092
2019,968,"Romania",0,-1.81898940354586e-15
2019,1006,"Guernsey",1.45519152283669e-13,0
2019,1012,"Isle of Man",46.6145578071992,5.84624988228801
2019,1017,"Jersey",2.03726813197136e-13,1.45519152283669e-14
2019,9999,"International Organizations and SEFER",1.74622982740402e-13,-9.31322574615479e-13
2020,111,"United States of America",0,-4.65661287307739e-13
2020,112,"United Kingdom",-4.65661287307739e-13,-2.3283064365387e-13
2020,122,"Austria",8.73114913702011e-14,0
2020,124,"Belgium",1.16415321826935e-13,-4.65661287307739e-13
2020,128,"Denmark",5.82076609134674e-14,5.82076609134674e-14
2020,132,"France",4.65661287307739e-13,0
2020,134,"Germany",-6.98491930961609e-13,9.31322574615479e-13
2020,136,"Italy",9.31322574615479e-13,-4.65661287307739e-13
2020,137,"Luxembourg",0,4.65661287307739e-13
2020,138,"Netherlands",-2.3283064365387e-13,-4.65661287307739e-13
2020,142,"Norway",9.31322574615479e-13,1.16415321826935e-13
2020,144,"Sweden",0,-8.73114913702011e-14
2020,146,"Switzerland",0,0
2020,156,"Canada",1.16415321826935e-12,-2.3283064365387e-13
2020,158,"Japan",-6.98491930961609e-13,6.51925802230835e-12
2020,172,"Finland",0,2.61934474110603e-13
2020,174,"Greece",0,-5.82076609134674e-14
2020,176,"Iceland",0,6.82121026329696e-16
2020,178,"Ireland",6.98491930961609e-13,0
2020,181,"Malta",-5.82076609134674e-14,-1.09139364212751e-14
2020,182,"Portugal",4.36557456851006e-14,-2.91038304567337e-14
2020,184,"Spain",4.65661287307739e-13,1.16415321826935e-13
2020,186,"Turkey",2.27373675443232e-16,5.6843418860808e-16
2020,193,"Australia",3.49245965480804e-13,-5.82076609134674e-14
2020,196,"New Zealand",-1.45519152283669e-14,-1.45519152283669e-14
2020,199,"South Africa",2.91038304567337e-14,-1.81898940354586e-15
2020,213,"Argentina",3.63797880709171e-15,5.45696821063757e-15
2020,218,"Bolivia",0,-9.09494701772928e-16
2020,223,"Brazil",7.27595761418343e-15,9.09494701772928e-16
2020,228,"Chile",0,-7.27595761418343e-15
2020,233,"Colombia",-2.18278728425503e-14,9.09494701772928e-15
2020,238,"Costa Rica",-4.54747350886464e-16,6.82121026329696e-16
2020,253,"El Salvador",-1.13686837721616e-16,-9.09494701772928e-16
2020,268,"Honduras",0,5.6843418860808e-17
2020,273,"Mexico",7.27595761418343e-15,1.09139364212751e-14
2020,283,"Panama",-9.09494701772928e-16,-5.45696821063757e-15
2020,293,"Peru",0,0
2020,298,"Uruguay",2.27373675443232e-16,5.45696821063757e-15
2020,299,"Venezuela",0.0360930314758403,4.06188420154643
2020,313,"Bahamas",0,2.18278728425503e-14
2020,314,"Aruba",1.13686837721616e-16,1.13686837721616e-16
2020,316,"Barbados",4.90257522610786,7.56903591397087
2020,319,"Bermuda",-2.91038304567337e-14,-1.16415321826935e-13
2020,353,"Netherlands Antilles",0,0
2020,355,"Curacao and Sint Maarten",0,9.09494701772928e-16
2020,419,"Bahrain",3.63797880709171e-15,7.27595761418343e-15
2020,423,"Cyprus",3.63797880709171e-15,-3.63797880709171e-15
2020,436,"Israel",5.82076609134674e-14,-1.01863406598568e-13
2020,443,"Kuwait",-5.45696821063757e-15,-1.81898940354586e-15
2020,446,"Lebanon",-1.13686837721616e-16,-1.13686837721616e-16
2020,456,"Saudi Arabia",-2.3283064365387e-13,2.91038304567337e-14
2020,469,"Egypt",0,0
2020,487,"Palestine",1.13686837721616e-16,2.27373675443232e-16
2020,513,"Bangladesh",8.88178419700125e-19,0
2020,532,"Hong Kong",0,1.16415321826935e-13
2020,534,"India",-9.09494701772928e-16,9.09494701772928e-16
2020,536,"Indonesia + Timor-Leste",1.81898940354586e-15,0
2020,542,"South Korea",2.3283064365387e-13,-2.91038304567337e-14
2020,546,"Macao",2.18278728425503e-14,-4.36557456851006e-14
2020,548,"Malaysia",-1.45519152283669e-14,0
2020,564,"Pakistan",8.5265128291212e-17,0
2020,565,"Palau",0,0
2020,566,"Philippines",0,-3.63797880709171e-15
2020,576,"Singapore",4.65661287307739e-13,1.16415321826935e-13
2020,578,"Thailand",0,3.63797880709171e-15
2020,668,"Liberia",0,0
2020,684,"Mauritius",1.45519152283669e-14,-1.81898940354586e-15
2020,728,"Namibia",9.09494701772928e-16,4.54747350886464e-16
2020,823,"Gibraltar",2.27373675443232e-16,0.0077857025714984
2020,846,"Vanuatu",0,0
2020,913,"Belarus",0,-2.8421709430404e-17
2020,914,"Albania",-7.105427357601e-18,1.13686837721616e-15
2020,916,"Kazakhstan",-5.45696821063757e-15,-2.91038304567337e-14
2020,918,"Bulgaria",9.09494701772928e-16,1.81898940354586e-15
2020,922,"Russia",-7.27595761418343e-15,5.82076609134674e-14
2020,926,"Ukraine",5.6843418860808e-17,0
2020,935,"Czech Republic",0,0
2020,936,"Slovakia",-3.63797880709171e-15,-2.91038304567337e-14
2020,939,"Estonia",-9.09494701772928e-16,1.81898940354586e-15
2020,941,"Latvia",-1.81898940354586e-15,0
2020,944,"Hungary",3.63797880709171e-15,-9.09494701772928e-16
2020,946,"Lithuania",-3.63797880709171e-15,-1.81898940354586e-15
2020,948,"Mongolia",0,-7.105427357601e-18
2020,961,"Slovenia",3.63797880709171e-15,-3.63797880709171e-15
2020,962,"North Macedonia",0,0
2020,964,"Poland",1.09139364212751e-14,1.45519152283669e-14
2020,967,"Kosovo, Rep. of",-4.54747350886464e-16,-0.023821531159289
2020,968,"Romania",-9.09494701772928e-16,-1.81898940354586e-15
2020,1006,"Guernsey",2.91038304567337e-13,-4.36557456851006e-14
2020,1012,"Isle of Man",54.6178926139816,6.56094164909909
2020,1017,"Jersey",5.82076609134674e-14,8.73114913702011e-14
2020,9999,"International Organizations and SEFER",5.82076609134674e-14,9.31322574615479e-13
2021,111,"United States of America",3.72529029846191e-12,0
2021,112,"United Kingdom",0,0
2021,122,"Austria",5.82076609134674e-14,1.45519152283669e-13
2021,124,"Belgium",2.3283064365387e-13,0
2021,128,"Denmark",-1.74622982740402e-13,2.91038304567337e-14
2021,132,"France",2.3283064365387e-13,0
2021,134,"Germany",-4.65661287307739e-13,-4.65661287307739e-13
2021,136,"Italy",1.16415321826935e-12,-2.3283064365387e-13
2021,137,"Luxembourg",3.25962901115417e-12,-2.3283064365387e-12
2021,138,"Netherlands",-4.65661287307739e-13,4.65661287307739e-13
2021,142,"Norway",2.3283064365387e-13,0
2021,144,"Sweden",4.65661287307739e-13,2.91038304567337e-14
2021,146,"Switzerland",-9.31322574615479e-13,0
2021,156,"Canada",-2.3283064365387e-13,-6.98491930961609e-13
2021,158,"Japan",4.65661287307739e-13,5.58793544769287e-12
2021,172,"Finland",0,5.82076609134674e-14
2021,174,"Greece",3.63797880709171e-15,5.82076609134674e-14
2021,176,"Iceland",-3.63797880709171e-15,0
2021,178,"Ireland",3.25962901115417e-12,-4.65661287307739e-13
2021,181,"Malta",-5.82076609134674e-14,1.45519152283669e-14
2021,182,"Portugal",3.63797880709171e-14,7.27595761418343e-14
2021,184,"Spain",-1.16415321826935e-13,-1.16415321826935e-13
2021,186,"Turkey",-1.13686837721616e-15,-3.41060513164848e-16
2021,193,"Australia",-2.3283064365387e-13,1.74622982740402e-13
2021,196,"New Zealand",-1.45519152283669e-14,-1.45519152283669e-14
2021,199,"South Africa",5.82076609134674e-14,3.63797880709171e-15
2021,213,"Argentina",-1.81898940354586e-14,1.2732925824821e-14
2021,218,"Bolivia",0,-4.54747350886464e-16
2021,223,"Brazil",-1.45519152283669e-14,5.45696821063757e-15
2021,228,"Chile",5.82076609134674e-14,-1.45519152283669e-14
2021,233,"Colombia",-2.91038304567337e-14,-1.09139364212751e-14
2021,238,"Costa Rica",-9.09494701772928e-16,-6.82121026329696e-16
2021,253,"El Salvador",0,0
2021,268,"Honduras",-1.4210854715202e-17,0
2021,273,"Mexico",1.45519152283669e-14,-1.09139364212751e-14
2021,283,"Panama",1.31111984016458,12.9183056148053
2021,293,"Peru",0,0
2021,298,"Uruguay",-9.09494701772928e-16,3.63797880709171e-15
2021,299,"Venezuela",0.0412882543524752,3.94165536227589
2021,313,"Bahamas",2.44881215417008,0
2021,314,"Aruba",0,3.41060513164848e-16
2021,316,"Barbados",5.6082508074496,7.3449979165343
2021,319,"Bermuda",0,1.16415321826935e-13
2021,353,"Netherlands Antilles",0,0
2021,355,"Curacao and Sint Maarten",-9.09494701772928e-16,-9.09494701772928e-16
2021,419,"Bahrain",-1.81898940354586e-15,-2.18278728425503e-14
2021,423,"Cyprus",1.81898940354586e-15,-1.81898940354586e-14
2021,436,"Israel",-2.91038304567337e-14,5.82076609134674e-14
2021,443,"Kuwait",-1.09139364212751e-14,1.81898940354586e-15
2021,446,"Lebanon",-1.13686837721616e-16,-2.27373675443232e-16
2021,456,"Saudi Arabia",1.16415321826935e-13,-7.27595761418343e-15
2021,469,"Egypt",0,-1.13686837721616e-16
2021,487,"Palestine",0,2.27373675443232e-16
2021,513,"Bangladesh",-1.77635683940025e-18,0
2021,532,"Hong Kong",2.3283064365387e-13,-2.3283064365387e-13
2021,534,"India",3.63797880709171e-15,-3.63797880709171e-15
2021,536,"Indonesia + Timor-Leste",1.81898940354586e-15,3.63797880709171e-15
2021,542,"South Korea",2.3283064365387e-13,0
2021,546,"Macao",3.63797880709171e-14,5.82076609134674e-14
2021,548,"Malaysia",5.82076609134674e-14,-7.27595761418343e-15
2021,564,"Pakistan",2.8421709430404e-17,0
2021,565,"Palau",0,0
2021,566,"Philippines",9.09494701772928e-16,-3.63797880709171e-15
2021,576,"Singapore",2.3283064365387e-13,0
2021,578,"Thailand",2.91038304567337e-14,0
2021,668,"Liberia",0,0
2021,684,"Mauritius",2.91038304567337e-14,7.27595761418343e-15
2021,728,"Namibia",9.09494701772928e-16,-2.27373675443232e-16
2021,823,"Gibraltar",-6.82121026329696e-16,-0.00152090126286043
2021,846,"Vanuatu",0,0
2021,913,"Belarus",-7.105427357601e-18,2.8421709430404e-17
2021,914,"Albania",1.4210854715202e-17,0
2021,916,"Kazakhstan",-1.45519152283669e-14,1.45519152283669e-14
2021,918,"Bulgaria",-1.81898940354586e-15,-3.63797880709171e-15
2021,922,"Russia",-7.27595761418343e-15,-4.36557456851006e-14
2021,926,"Ukraine",1.13686837721616e-16,0
2021,935,"Czech Republic",-2.18278728425503e-14,0
2021,936,"Slovakia",-7.27595761418343e-15,-1.45519152283669e-14
2021,939,"Estonia",0,-1.81898940354586e-15
2021,941,"Latvia",-3.63797880709171e-15,0
2021,944,"Hungary",3.63797880709171e-15,1.81898940354586e-15
2021,946,"Lithuania",-5.45696821063757e-15,0
2021,948,"Mongolia",5.6843418860808e-17,-7.105427357601e-18
2021,961,"Slovenia",-3.63797880709171e-15,0
2021,962,"North Macedonia",0,0
2021,964,"Poland",3.63797880709171e-15,-3.63797880709171e-15
2021,967,"Kosovo, Rep. of",-9.09494701772928e-16,-0.0158171533230355
2021,968,"Romania",0,9.09494701772928e-16
2021,1006,"Guernsey",-5.82076609134674e-14,3.63797880709171e-14
2021,1012,"Isle of Man",62.4795798588362,6.36674251395571
2021,1017,"Jersey",-1.16415321826935e-13,-3.63797880709171e-14
2021,9999,"International Organizations and SEFER",1.74622982740402e-13,-1.86264514923096e-12
