year,offshore_wealth_R
2001,3311.801168236422
2002,3326.8060845047553
2003,3568.939315741301
2004,4266.670191800081
2005,4566.82660610941
2006,5052.588613867747
2007,6795.016077454146
2008,5644.2368827548835
2009,6305.321264958118
2010,5844.857398652379
2011,6563.0660401107525
2012,8219.975666549735
2013,8475.816267396422
2014,9523.389064490359
2015,9523.389064490357
2016,7905.5639793863475
2017,9429.189571691055
2018,8765.784771376218
2019,10740.665488591732
2020,12856.722293311339
2021,14033.606116016264
