"model","term","estimate","std_error","nobs","adj_r2"
"benchmark_eq","logdist",-0.536744159640703,0.011727080558387,119575,0.592067380862475
"benchmark_eq","gap_lon",0.00439353823837093,0.00018129895808562,119575,0.592067380862475
"benchmark_eq","comlang_off",0.478419723456268,0.0229233818022426,119575,0.592067380862475
"benchmark_eq","col45",0.509499770917361,0.0436430128858458,119575,0.592067380862475
"benchmark_eq","industrial",2.73666391145611,0.0293129648540949,119575,0.592067380862475
"benchmark_eq","loggap_gdp",-0.412749248215322,0.00548728891306413,119575,0.592067380862475
"benchmark_eq","loggap_gdppc",-0.224418991962693,0.00605003512197909,119575,0.592067380862475
"benchmark_eq","lat_source",0.00233543173894453,0.000231244356675735,119575,0.592067380862475
"benchmark_eq","landlocked_source",-0.26320297257498,0.0157040306747633,119575,0.592067380862475
"benchmark_eq","logpop_source",0.604534766986305,0.00573436748676089,119575,0.592067380862475
"benchmark_eq","loggdppc_source",1.272913679753,0.00925247684418064,119575,0.592067380862475
"benchmark_debt","logdist",-0.783905251380029,0.0111173756343248,124163,0.639137402219822
"benchmark_debt","gap_lon",0.00415734976995044,0.000171271569221162,124163,0.639137402219822
"benchmark_debt","comlang_off",0.042822228515455,0.0216273939301307,124163,0.639137402219822
"benchmark_debt","col45",0.462109600421042,0.0422270729331285,124163,0.639137402219822
"benchmark_debt","industrial",2.52905319848148,0.0279468704288958,124163,0.639137402219822
"benchmark_debt","loggap_gdp",-0.228622199830707,0.00516329527001177,124163,0.639137402219822
"benchmark_debt","loggap_gdppc",-0.144954877871727,0.00567716992845666,124163,0.639137402219822
"benchmark_debt","lat_source",0.00165500620192502,0.000219672891288576,124163,0.639137402219822
"benchmark_debt","landlocked_source",-0.0256869502350667,0.0149213489297734,124163,0.639137402219822
"benchmark_debt","logpop_source",0.541025453764855,0.00540258702721124,124163,0.639137402219822
"benchmark_debt","loggdppc_source",1.17296668607174,0.00869183452864595,124163,0.639137402219822
"augmented_eq","logdist",-0.362349622967371,0.00674982410285436,203437,0.555127016690429
"augmented_eq","comlang_off",0.668064655652518,0.0161519579396314,203437,0.555127016690429
"augmented_eq","col45",-0.0721074050089766,0.029425063508939,203437,0.555127016690429
"augmented_eq","industrial",2.80342311930965,0.0258484658009713,203437,0.555127016690429
"augmented_eq","loggap_gdp",-0.282258200294868,0.0043419566087292,203437,0.555127016690429
"augmented_eq","loggap_gdppc",-0.270511238701572,0.00470676618793563,203437,0.555127016690429
"augmented_eq","ofc_source",0.020153838471094,0.156184307620288,203437,0.555127016690429
"augmented_eq","lat_source",0.000765707818419774,0.000201722498310095,203437,0.555127016690429
"augmented_eq","landlocked_source",0.104875958171636,0.0137053193850629,203437,0.555127016690429
"augmented_eq","logpop_source",0.576480393931623,0.00430465299920831,203437,0.555127016690429
"augmented_eq","loggdppc_source",1.20286187261534,0.00694325157659946,203437,0.555127016690429
"augmented_eq","host::111:ofc_source",1.62601658480874,0.19249577322769,203437,0.555127016690429
"augmented_eq","host::112:ofc_source",2.13109389754961,0.193896046689145,203437,0.555127016690429
"augmented_eq","host::122:ofc_source",0.516353901374215,0.20131068036856,203437,0.555127016690429
"augmented_eq","host::124:ofc_source",0.825234514548772,0.198937072000801,203437,0.555127016690429
"augmented_eq","host::128:ofc_source",1.72504398526705,0.200194923921927,203437,0.555127016690429
"augmented_eq","host::132:ofc_source",1.1588089871315,0.195382854004906,203437,0.555127016690429
"augmented_eq","host::134:ofc_source",1.34670206734528,0.195041013400058,203437,0.555127016690429
"augmented_eq","host::135:ofc_source",0.862365332917648,0.225393633470097,203437,0.555127016690429
"augmented_eq","host::136:ofc_source",1.53216821976349,0.197339751525856,203437,0.555127016690429
"augmented_eq","host::137:ofc_source",0.445469719390157,0.195625681037716,203437,0.555127016690429
"augmented_eq","host::138:ofc_source",1.40327036370926,0.19505329807912,203437,0.555127016690429
"augmented_eq","host::142:ofc_source",1.58475037751866,0.200540728821855,203437,0.555127016690429
"augmented_eq","host::144:ofc_source",2.15453783531123,0.197315787500446,203437,0.555127016690429
"augmented_eq","host::146:ofc_source",1.55293507731498,0.19492606695455,203437,0.555127016690429
"augmented_eq","host::156:ofc_source",1.94518900804411,0.195260309759893,203437,0.555127016690429
"augmented_eq","host::158:ofc_source",2.02427951795444,0.195631132982756,203437,0.555127016690429
"augmented_eq","host::172:ofc_source",1.13414591745161,0.19853632788098,203437,0.555127016690429
"augmented_eq","host::174:ofc_source",1.78236054503813,0.204685991571034,203437,0.555127016690429
"augmented_eq","host::176:ofc_source",0.869484577930402,0.218080313241375,203437,0.555127016690429
"augmented_eq","host::178:ofc_source",1.33304247509355,0.195859231882791,203437,0.555127016690429
"augmented_eq","host::181:ofc_source",0.979321499367709,0.223121539171959,203437,0.555127016690429
"augmented_eq","host::182:ofc_source",0.812630322546342,0.202188099984262,203437,0.555127016690429
"augmented_eq","host::184:ofc_source",1.03722733278753,0.196579368068779,203437,0.555127016690429
"augmented_eq","host::186:ofc_source",1.33569822026654,0.204056466226467,203437,0.555127016690429
"augmented_eq","host::193:ofc_source",2.13836770247543,0.196058405913454,203437,0.555127016690429
"augmented_eq","host::196:ofc_source",1.09573243147374,0.204040293982797,203437,0.555127016690429
"augmented_eq","host::199:ofc_source",1.67452331121268,0.201252350801593,203437,0.555127016690429
"augmented_eq","host::213:ofc_source",0.599665528250943,0.205663445338136,203437,0.555127016690429
"augmented_eq","host::218:ofc_source",0.491729053063109,0.224568652588164,203437,0.555127016690429
"augmented_eq","host::223:ofc_source",0.49248157304077,0.198718779188623,203437,0.555127016690429
"augmented_eq","host::228:ofc_source",0.346324031942171,0.208700155430018,203437,0.555127016690429
"augmented_eq","host::233:ofc_source",0.323423601272628,0.211055151188331,203437,0.555127016690429
"augmented_eq","host::238:ofc_source",0.876241379381298,0.220702376742358,203437,0.555127016690429
"augmented_eq","host::243:ofc_source",0.648163963599107,0.221171048797873,203437,0.555127016690429
"augmented_eq","host::248:ofc_source",1.25832785728056,0.220488639201755,203437,0.555127016690429
"augmented_eq","host::253:ofc_source",0.506629357285522,0.222075959086177,203437,0.555127016690429
"augmented_eq","host::258:ofc_source",0.792638655114033,0.221647951945903,203437,0.555127016690429
"augmented_eq","host::263:ofc_source",0.207120421268096,0.225422394006194,203437,0.555127016690429
"augmented_eq","host::268:ofc_source",0.42125020540899,0.221389547255678,203437,0.555127016690429
"augmented_eq","host::273:ofc_source",0.0525142614749399,0.201064706132183,203437,0.555127016690429
"augmented_eq","host::278:ofc_source",0.268728592556885,0.224794878122194,203437,0.555127016690429
"augmented_eq","host::283:ofc_source",-0.700966467652593,0.205570453823951,203437,0.555127016690429
"augmented_eq","host::288:ofc_source",0.672308339467232,0.224117825806127,203437,0.555127016690429
"augmented_eq","host::293:ofc_source",0.554874057589013,0.21149550218808,203437,0.555127016690429
"augmented_eq","host::298:ofc_source",0.48225227033886,0.220298101750856,203437,0.555127016690429
"augmented_eq","host::299:ofc_source",0.812709625588042,0.215561446131577,203437,0.555127016690429
"augmented_eq","host::311:ofc_source",-0.0988612113590985,0.223625942410941,203437,0.555127016690429
"augmented_eq","host::312:ofc_source",-0.226700550571236,0.226927580674162,203437,0.555127016690429
"augmented_eq","host::313:ofc_source",0.504748916731526,0.208170240344554,203437,0.555127016690429
"augmented_eq","host::314:ofc_source",-0.0701367566675177,0.222400877136132,203437,0.555127016690429
"augmented_eq","host::316:ofc_source",0.0978406369382494,0.22525811809046,203437,0.555127016690429
"augmented_eq","host::319:ofc_source",0.673876372338922,0.197642629975679,203437,0.555127016690429
"augmented_eq","host::321:ofc_source",-0.169301426397254,0.225524186885369,203437,0.555127016690429
"augmented_eq","host::326:ofc_source",0.0941005316662196,0.227073935445686,203437,0.555127016690429
"augmented_eq","host::328:ofc_source",-0.192009653474248,0.225031493775063,203437,0.555127016690429
"augmented_eq","host::336:ofc_source",-0.16293390046854,0.225355068302911,203437,0.555127016690429
"augmented_eq","host::339:ofc_source",-0.148364885740884,0.22259127308601,203437,0.555127016690429
"augmented_eq","host::343:ofc_source",0.203251394461178,0.223372953851017,203437,0.555127016690429
"augmented_eq","host::351:ofc_source",-0.0436762769180294,0.224863941115496,203437,0.555127016690429
"augmented_eq","host::353:ofc_source",-0.582455513453644,0.268955730587921,203437,0.555127016690429
"augmented_eq","host::355:ofc_source",-0.764033874727057,0.213574168528849,203437,0.555127016690429
"augmented_eq","host::361:ofc_source",-0.0465569522691371,0.226313144460558,203437,0.555127016690429
"augmented_eq","host::362:ofc_source",-0.061976966305906,0.225684652602453,203437,0.555127016690429
"augmented_eq","host::364:ofc_source",-0.261623436146127,0.225989505014684,203437,0.555127016690429
"augmented_eq","host::366:ofc_source",0.250453012658754,0.225753270531872,203437,0.555127016690429
"augmented_eq","host::369:ofc_source",0.133888570658732,0.222802149761108,203437,0.555127016690429
"augmented_eq","host::377:ofc_source",1.1613000773768,0.19643041751523,203437,0.555127016690429
"augmented_eq","host::381:ofc_source",-0.512615291747721,0.223980709048058,203437,0.555127016690429
"augmented_eq","host::419:ofc_source",0.817629136530606,0.216436689938682,203437,0.555127016690429
"augmented_eq","host::423:ofc_source",1.06815744083171,0.214222852043916,203437,0.555127016690429
"augmented_eq","host::429:ofc_source",1.23781356456676,0.222118495773866,203437,0.555127016690429
"augmented_eq","host::433:ofc_source",0.770285414124032,0.224740185722324,203437,0.555127016690429
"augmented_eq","host::436:ofc_source",0.3683032345212,0.203656974776498,203437,0.555127016690429
"augmented_eq","host::439:ofc_source",1.14129033699561,0.215342234280919,203437,0.555127016690429
"augmented_eq","host::443:ofc_source",1.75395358985507,0.216347299378902,203437,0.555127016690429
"augmented_eq","host::446:ofc_source",1.12391637687297,0.224704812587489,203437,0.555127016690429
"augmented_eq","host::449:ofc_source",0.991182582752382,0.21756780237425,203437,0.555127016690429
"augmented_eq","host::453:ofc_source",0.777479760983386,0.215350218205937,203437,0.555127016690429
"augmented_eq","host::456:ofc_source",1.69001605129011,0.213571138255687,203437,0.555127016690429
"augmented_eq","host::463:ofc_source",0.438284784097842,0.223304498207496,203437,0.555127016690429
"augmented_eq","host::466:ofc_source",2.08125934337147,0.208725932209346,203437,0.555127016690429
"augmented_eq","host::469:ofc_source",1.46576759904526,0.209913827137383,203437,0.555127016690429
"augmented_eq","host::474:ofc_source",0.20062466461599,0.223056255585204,203437,0.555127016690429
"augmented_eq","host::487:ofc_source",0.482904330793287,0.22632924379975,203437,0.555127016690429
"augmented_eq","host::512:ofc_source",0.358668369560947,0.224710095334646,203437,0.555127016690429
"augmented_eq","host::513:ofc_source",1.66427148503438,0.222213005588396,203437,0.555127016690429
"augmented_eq","host::514:ofc_source",0.29366706127232,0.225808957516777,203437,0.555127016690429
"augmented_eq","host::516:ofc_source",-0.0588041751326109,0.223847646744793,203437,0.555127016690429
"augmented_eq","host::518:ofc_source",0.738314445827845,0.222322825874136,203437,0.555127016690429
"augmented_eq","host::522:ofc_source",0.464547212883733,0.222590917292922,203437,0.555127016690429
"augmented_eq","host::524:ofc_source",1.14543545560321,0.214099126151493,203437,0.555127016690429
"augmented_eq","host::528:ofc_source",1.20525355417958,0.201489157134902,203437,0.555127016690429
"augmented_eq","host::532:ofc_source",1.45740482579289,0.197767168479838,203437,0.555127016690429
"augmented_eq","host::534:ofc_source",1.98696614727585,0.201091040488315,203437,0.555127016690429
"augmented_eq","host::536:ofc_source",1.72849627214542,0.20219114455447,203437,0.555127016690429
"augmented_eq","host::537:ofc_source",0.248536487162335,0.230426808889413,203437,0.555127016690429
"augmented_eq","host::542:ofc_source",1.51988463392038,0.200018327867364,203437,0.555127016690429
"augmented_eq","host::544:ofc_source",0.293694485341232,0.224498016403771,203437,0.555127016690429
"augmented_eq","host::546:ofc_source",0.352059142905341,0.222380312684387,203437,0.555127016690429
"augmented_eq","host::548:ofc_source",1.24930618539656,0.204193547375896,203437,0.555127016690429
"augmented_eq","host::556:ofc_source",0.422460878796569,0.22358825927988,203437,0.555127016690429
"augmented_eq","host::558:ofc_source",0.558784797520735,0.226571170144732,203437,0.555127016690429
"augmented_eq","host::564:ofc_source",1.09551347572258,0.215402239265558,203437,0.555127016690429
"augmented_eq","host::565:ofc_source",0.0336756268629141,0.22572832959481,203437,0.555127016690429
"augmented_eq","host::566:ofc_source",0.631656122473618,0.203106599948238,203437,0.555127016690429
"augmented_eq","host::576:ofc_source",1.3264752347735,0.200776407562869,203437,0.555127016690429
"augmented_eq","host::578:ofc_source",2.17475250714853,0.201554590758107,203437,0.555127016690429
"augmented_eq","host::582:ofc_source",1.65340629695074,0.214394495345138,203437,0.555127016690429
"augmented_eq","host::611:ofc_source",0.233663626801357,0.225176339305263,203437,0.555127016690429
"augmented_eq","host::612:ofc_source",1.04090278803629,0.224969381704432,203437,0.555127016690429
"augmented_eq","host::614:ofc_source",0.943129911628589,0.223506379663928,203437,0.555127016690429
"augmented_eq","host::616:ofc_source",0.628694838217546,0.220159038092202,203437,0.555127016690429
"augmented_eq","host::618:ofc_source",0.332609432158723,0.224946305020641,203437,0.555127016690429
"augmented_eq","host::622:ofc_source",0.278412195435562,0.224030262787155,203437,0.555127016690429
"augmented_eq","host::624:ofc_source",0.237985364359167,0.224987436361519,203437,0.555127016690429
"augmented_eq","host::626:ofc_source",0.146289375824402,0.225589387248399,203437,0.555127016690429
"augmented_eq","host::628:ofc_source",0.156591133263538,0.225614633538064,203437,0.555127016690429
"augmented_eq","host::632:ofc_source",0.249882914399127,0.224482765044255,203437,0.555127016690429
"augmented_eq","host::634:ofc_source",0.163449299930434,0.225106367900723,203437,0.555127016690429
"augmented_eq","host::636:ofc_source",0.385587624261367,0.225921506100327,203437,0.555127016690429
"augmented_eq","host::638:ofc_source",0.225028196413254,0.22488553378631,203437,0.555127016690429
"augmented_eq","host::642:ofc_source",0.153533221176327,0.225003069975511,203437,0.555127016690429
"augmented_eq","host::643:ofc_source",-0.211081773312227,0.224514924232537,203437,0.555127016690429
"augmented_eq","host::644:ofc_source",0.396870646770186,0.223514992276425,203437,0.555127016690429
"augmented_eq","host::646:ofc_source",0.187804508881541,0.224606934963944,203437,0.555127016690429
"augmented_eq","host::648:ofc_source",-0.0389424117052357,0.224783096498972,203437,0.555127016690429
"augmented_eq","host::652:ofc_source",0.848694079605226,0.222603845799954,203437,0.555127016690429
"augmented_eq","host::654:ofc_source",0.230430605662983,0.225596346810538,203437,0.555127016690429
"augmented_eq","host::656:ofc_source",0.0865654009553278,0.224441614370393,203437,0.555127016690429
"augmented_eq","host::662:ofc_source",0.978950177579602,0.221270759736838,203437,0.555127016690429
"augmented_eq","host::664:ofc_source",1.42148094038685,0.220924585543198,203437,0.555127016690429
"augmented_eq","host::666:ofc_source",-0.180082211587017,0.225306655717375,203437,0.555127016690429
"augmented_eq","host::668:ofc_source",-1.09131424687429,0.219928177919054,203437,0.555127016690429
"augmented_eq","host::672:ofc_source",0.818449669480941,0.224165491955766,203437,0.555127016690429
"augmented_eq","host::674:ofc_source",0.298011114195386,0.222368759135665,203437,0.555127016690429
"augmented_eq","host::676:ofc_source",-0.125788262974758,0.222246720479549,203437,0.555127016690429
"augmented_eq","host::678:ofc_source",-0.136974701491386,0.223098392102149,203437,0.555127016690429
"augmented_eq","host::682:ofc_source",0.218989373914111,0.224036842124116,203437,0.555127016690429
"augmented_eq","host::684:ofc_source",1.63856063427773,0.208658057102597,203437,0.555127016690429
"augmented_eq","host::686:ofc_source",1.17781625917874,0.218397016086505,203437,0.555127016690429
"augmented_eq","host::688:ofc_source",0.491605146514845,0.221897608740631,203437,0.555127016690429
"augmented_eq","host::692:ofc_source",0.0770576155322367,0.221835771489639,203437,0.555127016690429
"augmented_eq","host::694:ofc_source",1.65708517209303,0.215524998854883,203437,0.555127016690429
"augmented_eq","host::698:ofc_source",0.975728825099903,0.221773241760607,203437,0.555127016690429
"augmented_eq","host::714:ofc_source",0.0578191205402234,0.224552164396577,203437,0.555127016690429
"augmented_eq","host::716:ofc_source",0.359682880089007,0.225370008994541,203437,0.555127016690429
"augmented_eq","host::718:ofc_source",0.116470891163139,0.223055205555396,203437,0.555127016690429
"augmented_eq","host::722:ofc_source",1.07407170337766,0.221434168560864,203437,0.555127016690429
"augmented_eq","host::724:ofc_source",-0.135485539418852,0.223938253084694,203437,0.555127016690429
"augmented_eq","host::726:ofc_source",-0.108917988072998,0.225918892985754,203437,0.555127016690429
"augmented_eq","host::728:ofc_source",-0.145495080872202,0.220798444612501,203437,0.555127016690429
"augmented_eq","host::732:ofc_source",0.422583142402793,0.219766266682561,203437,0.555127016690429
"augmented_eq","host::734:ofc_source",-0.0521951480180096,0.221061293851477,203437,0.555127016690429
"augmented_eq","host::738:ofc_source",0.838208901180588,0.2208318131721,203437,0.555127016690429
"augmented_eq","host::742:ofc_source",0.214933544187788,0.224370098305003,203437,0.555127016690429
"augmented_eq","host::744:ofc_source",0.721460532452793,0.215666504679562,203437,0.555127016690429
"augmented_eq","host::746:ofc_source",0.416371762675368,0.221774090007852,203437,0.555127016690429
"augmented_eq","host::748:ofc_source",0.171026711348979,0.225480427032568,203437,0.555127016690429
"augmented_eq","host::754:ofc_source",0.394488011381023,0.223812328024426,203437,0.555127016690429
"augmented_eq","host::813:ofc_source",-0.0173070430330053,0.225592927975692,203437,0.555127016690429
"augmented_eq","host::815:ofc_source",-0.052019376130195,0.226467227996425,203437,0.555127016690429
"augmented_eq","host::816:ofc_source",-0.0848767391242156,0.224558245790723,203437,0.555127016690429
"augmented_eq","host::819:ofc_source",-0.223797226958657,0.226099499100707,203437,0.555127016690429
"augmented_eq","host::823:ofc_source",0.0711364595591455,0.224487041319082,203437,0.555127016690429
"augmented_eq","host::826:ofc_source",0.0169439098771864,0.225610805706977,203437,0.555127016690429
"augmented_eq","host::836:ofc_source",-0.165869982016932,0.225778751229062,203437,0.555127016690429
"augmented_eq","host::839:ofc_source",0.0915175005890294,0.225389769734604,203437,0.555127016690429
"augmented_eq","host::846:ofc_source",-0.16013317297306,0.225327660439232,203437,0.555127016690429
"augmented_eq","host::853:ofc_source",-0.358679383824878,0.217792834777677,203437,0.555127016690429
"augmented_eq","host::862:ofc_source",0.298027485619919,0.226745773009156,203437,0.555127016690429
"augmented_eq","host::866:ofc_source",0.0226993608239123,0.225525560831541,203437,0.555127016690429
"augmented_eq","host::867:ofc_source",-0.588414122974074,0.214121560834049,203437,0.555127016690429
"augmented_eq","host::868:ofc_source",0.0854363636807065,0.225853606055915,203437,0.555127016690429
"augmented_eq","host::869:ofc_source",0.384861596770383,0.225735254187571,203437,0.555127016690429
"augmented_eq","host::887:ofc_source",-0.0897286249262557,0.225037264594353,203437,0.555127016690429
"augmented_eq","host::911:ofc_source",0.471312764473707,0.225339987230127,203437,0.555127016690429
"augmented_eq","host::912:ofc_source",0.731291458235974,0.224753889926427,203437,0.555127016690429
"augmented_eq","host::913:ofc_source",0.830529917322679,0.224872503974377,203437,0.555127016690429
"augmented_eq","host::914:ofc_source",0.209204449840758,0.22579827019884,203437,0.555127016690429
"augmented_eq","host::915:ofc_source",0.519100358799207,0.220074459404284,203437,0.555127016690429
"augmented_eq","host::916:ofc_source",0.380443228385943,0.215981353491067,203437,0.555127016690429
"augmented_eq","host::917:ofc_source",0.312419057712134,0.224828007477857,203437,0.555127016690429
"augmented_eq","host::918:ofc_source",0.979558505946219,0.218996083824767,203437,0.555127016690429
"augmented_eq","host::921:ofc_source",0.377073680384518,0.22645173297998,203437,0.555127016690429
"augmented_eq","host::922:ofc_source",0.917222338081364,0.201718331797978,203437,0.555127016690429
"augmented_eq","host::923:ofc_source",0.20420892320108,0.225655533564697,203437,0.555127016690429
"augmented_eq","host::924:ofc_source",2.07404251760791,0.19841188387872,203437,0.555127016690429
"augmented_eq","host::925:ofc_source",0.667422781274869,0.225725023790304,203437,0.555127016690429
"augmented_eq","host::926:ofc_source",1.4766768054619,0.217325961337094,203437,0.555127016690429
"augmented_eq","host::927:ofc_source",0.646178358596078,0.224986355205197,203437,0.555127016690429
"augmented_eq","host::928:ofc_source",0.63628683992293,0.224702378270609,203437,0.555127016690429
"augmented_eq","host::935:ofc_source",0.326403872826642,0.21488784028673,203437,0.555127016690429
"augmented_eq","host::936:ofc_source",1.21793687208254,0.222503758599506,203437,0.555127016690429
"augmented_eq","host::939:ofc_source",0.466760816475153,0.225707540991455,203437,0.555127016690429
"augmented_eq","host::941:ofc_source",0.447123701219867,0.223236863007986,203437,0.555127016690429
"augmented_eq","host::942:ofc_source",0.898394312343259,0.225040016426109,203437,0.555127016690429
"augmented_eq","host::943:ofc_source",0.77469711127992,0.249284896717179,203437,0.555127016690429
"augmented_eq","host::944:ofc_source",-0.130121650452113,0.208594151496413,203437,0.555127016690429
"augmented_eq","host::946:ofc_source",0.979549297277563,0.222922413347436,203437,0.555127016690429
"augmented_eq","host::948:ofc_source",0.323355976032307,0.226980529693437,203437,0.555127016690429
"augmented_eq","host::954:ofc_source",0.348961802757778,0.231757627443919,203437,0.555127016690429
"augmented_eq","host::960:ofc_source",0.760593126064649,0.217771078127725,203437,0.555127016690429
"augmented_eq","host::961:ofc_source",0.443786358517112,0.222381312277978,203437,0.555127016690429
"augmented_eq","host::962:ofc_source",0.357391018826895,0.227663672087289,203437,0.555127016690429
"augmented_eq","host::963:ofc_source",0.734945227710426,0.22494532710187,203437,0.555127016690429
"augmented_eq","host::964:ofc_source",0.283255694497377,0.208596711266537,203437,0.555127016690429
"augmented_eq","host::967:ofc_source",0.456745998485779,0.258150964937865,203437,0.555127016690429
"augmented_eq","host::968:ofc_source",1.42057822623122,0.218158780795577,203437,0.555127016690429
"augmented_eq","host::1001:ofc_source",0.255222055222497,0.225764826334087,203437,0.555127016690429
"augmented_eq","host::1003:ofc_source",-0.457674048641723,0.224446064315651,203437,0.555127016690429
"augmented_eq","host::1006:ofc_source",-0.307698232303254,0.205903363516084,203437,0.555127016690429
"augmented_eq","host::1012:ofc_source",0.123654394031817,0.212607769546297,203437,0.555127016690429
"augmented_eq","host::1017:ofc_source",-0.23847995792959,0.205684225071267,203437,0.555127016690429
"augmented_eq","host::1103:ofc_source",-0.742979986349708,0.216910342688799,203437,0.555127016690429
"augmented_eq","host::1200:ofc_source",1.55314032052324,0.198512113700872,203437,0.555127016690429
"augmented_debt","logdist",-0.543298265515584,0.00609918667294697,209823,0.607115409189671
"augmented_debt","comlang_off",0.276517284403333,0.0147133989675233,209823,0.607115409189671
"augmented_debt","col45",-0.110991474501128,0.0275449352913283,209823,0.607115409189671
"augmented_debt","industrial",2.5895990379804,0.0236061970447476,209823,0.607115409189671
"augmented_debt","loggap_gdp",-0.186902673632178,0.00395590733363329,209823,0.607115409189671
"augmented_debt","loggap_gdppc",-0.191527147688466,0.0042593303204489,209823,0.607115409189671
"augmented_debt","ofc_source",2.18507293418023,0.104155722555457,209823,0.607115409189671
"augmented_debt","lat_source",0.00274292266236341,0.000184687430464445,209823,0.607115409189671
"augmented_debt","landlocked_source",0.350717067676069,0.012602809819482,209823,0.607115409189671
"augmented_debt","logpop_source",0.588763864815601,0.00391915184168736,209823,0.607115409189671
"augmented_debt","loggdppc_source",1.08918481557438,0.00631690436678423,209823,0.607115409189671
"augmented_debt","host::112:ofc_source",0.657872866889362,0.14714432214826,209823,0.607115409189671
"augmented_debt","host::122:ofc_source",-0.722624038241105,0.150584143510393,209823,0.607115409189671
"augmented_debt","host::124:ofc_source",-0.411951209630072,0.151449855399366,209823,0.607115409189671
"augmented_debt","host::128:ofc_source",-0.0666535426306991,0.152029636795644,209823,0.607115409189671
"augmented_debt","host::132:ofc_source",-0.152474506419971,0.147400258349408,209823,0.607115409189671
"augmented_debt","host::134:ofc_source",-0.270944410052474,0.147786616006627,209823,0.607115409189671
"augmented_debt","host::135:ofc_source",-0.836232889161124,0.181813382040225,209823,0.607115409189671
"augmented_debt","host::136:ofc_source",-0.736260318550092,0.150117443940567,209823,0.607115409189671
"augmented_debt","host::137:ofc_source",-0.522470307031845,0.149261098270527,209823,0.607115409189671
"augmented_debt","host::138:ofc_source",-0.0581273728905618,0.146999215636626,209823,0.607115409189671
"augmented_debt","host::142:ofc_source",0.113271630661865,0.151266738514156,209823,0.607115409189671
"augmented_debt","host::144:ofc_source",0.0943162370726984,0.150052186067769,209823,0.607115409189671
"augmented_debt","host::146:ofc_source",0.740300573782363,0.148944100793482,209823,0.607115409189671
"augmented_debt","host::156:ofc_source",0.369176698957811,0.147441154065707,209823,0.607115409189671
"augmented_debt","host::158:ofc_source",0.461674686458483,0.150482620216523,209823,0.607115409189671
"augmented_debt","host::172:ofc_source",-0.391872838180105,0.154409487397547,209823,0.607115409189671
"augmented_debt","host::174:ofc_source",-0.571255662888631,0.159625606764299,209823,0.607115409189671
"augmented_debt","host::176:ofc_source",-1.6958465836388,0.167239152030437,209823,0.607115409189671
"augmented_debt","host::178:ofc_source",-0.456295119284525,0.149297905248849,209823,0.607115409189671
"augmented_debt","host::181:ofc_source",-0.603124851538519,0.181449078026262,209823,0.607115409189671
"augmented_debt","host::182:ofc_source",-0.624671416746024,0.156787591903867,209823,0.607115409189671
"augmented_debt","host::184:ofc_source",-0.655667942463453,0.149908188405283,209823,0.607115409189671
"augmented_debt","host::186:ofc_source",-0.0970150499053188,0.154354972055528,209823,0.607115409189671
"augmented_debt","host::193:ofc_source",0.869863141909208,0.14779106418592,209823,0.607115409189671
"augmented_debt","host::196:ofc_source",0.0755133753900594,0.155255022557543,209823,0.607115409189671
"augmented_debt","host::199:ofc_source",0.511175498452364,0.155842013679466,209823,0.607115409189671
"augmented_debt","host::213:ofc_source",-0.708546117641658,0.157035154258313,209823,0.607115409189671
"augmented_debt","host::218:ofc_source",-1.11908520288605,0.177728906293644,209823,0.607115409189671
"augmented_debt","host::223:ofc_source",-0.494668735767928,0.152009577260116,209823,0.607115409189671
"augmented_debt","host::228:ofc_source",-0.836097264682638,0.157329283144606,209823,0.607115409189671
"augmented_debt","host::233:ofc_source",-0.867457436306835,0.159351738094776,209823,0.607115409189671
"augmented_debt","host::238:ofc_source",-0.763202013984132,0.171579980139088,209823,0.607115409189671
"augmented_debt","host::243:ofc_source",-1.43909760276106,0.16509261250701,209823,0.607115409189671
"augmented_debt","host::248:ofc_source",-1.25618807788537,0.166757829603284,209823,0.607115409189671
"augmented_debt","host::253:ofc_source",-1.16653627420556,0.167399319494947,209823,0.607115409189671
"augmented_debt","host::258:ofc_source",-0.522781275719345,0.169816516052914,209823,0.607115409189671
"augmented_debt","host::263:ofc_source",-1.63858328610531,0.181886637389318,209823,0.607115409189671
"augmented_debt","host::268:ofc_source",-1.39983932734921,0.174538111600722,209823,0.607115409189671
"augmented_debt","host::273:ofc_source",-0.96298175561351,0.151347048594108,209823,0.607115409189671
"augmented_debt","host::278:ofc_source",-1.25683864848945,0.179027726250347,209823,0.607115409189671
"augmented_debt","host::283:ofc_source",-1.0277000167918,0.1611741029323,209823,0.607115409189671
"augmented_debt","host::288:ofc_source",-0.987588792523793,0.177356423826959,209823,0.607115409189671
"augmented_debt","host::293:ofc_source",-1.01774566196263,0.161134270554613,209823,0.607115409189671
"augmented_debt","host::298:ofc_source",-1.39354588660831,0.165664615159224,209823,0.607115409189671
"augmented_debt","host::299:ofc_source",-0.346416389060898,0.160917816353114,209823,0.607115409189671
"augmented_debt","host::311:ofc_source",-1.73277787849552,0.182386091260064,209823,0.607115409189671
"augmented_debt","host::312:ofc_source",-1.95068949509618,0.183054264368712,209823,0.607115409189671
"augmented_debt","host::313:ofc_source",-1.86290802730154,0.168016788157046,209823,0.607115409189671
"augmented_debt","host::314:ofc_source",-1.29835414527533,0.173283512846129,209823,0.607115409189671
"augmented_debt","host::316:ofc_source",-1.08763557773817,0.17617345103935,209823,0.607115409189671
"augmented_debt","host::319:ofc_source",-1.26275896499185,0.1558322789366,209823,0.607115409189671
"augmented_debt","host::321:ofc_source",-1.81022874810629,0.181139309174078,209823,0.607115409189671
"augmented_debt","host::326:ofc_source",-1.63435107351673,0.182330257118329,209823,0.607115409189671
"augmented_debt","host::328:ofc_source",-1.55633766845536,0.178241302143443,209823,0.607115409189671
"augmented_debt","host::336:ofc_source",-1.74278446708631,0.181193958067853,209823,0.607115409189671
"augmented_debt","host::339:ofc_source",-1.42745854119264,0.173327126884323,209823,0.607115409189671
"augmented_debt","host::343:ofc_source",-1.82575198280415,0.170321349510537,209823,0.607115409189671
"augmented_debt","host::351:ofc_source",-1.75858558557404,0.181692141081356,209823,0.607115409189671
"augmented_debt","host::353:ofc_source",-2.16256318737716,0.225588932029345,209823,0.607115409189671
"augmented_debt","host::355:ofc_source",-2.71781594414861,0.170339533340377,209823,0.607115409189671
"augmented_debt","host::361:ofc_source",-1.92661270667316,0.182315876131583,209823,0.607115409189671
"augmented_debt","host::362:ofc_source",-1.53100788023235,0.178857034029707,209823,0.607115409189671
"augmented_debt","host::364:ofc_source",-1.87429115962236,0.181923080425948,209823,0.607115409189671
"augmented_debt","host::366:ofc_source",-1.58094539445801,0.180974710790671,209823,0.607115409189671
"augmented_debt","host::369:ofc_source",-0.898646340932592,0.171937359297858,209823,0.607115409189671
"augmented_debt","host::377:ofc_source",-1.31996393288736,0.149825581620121,209823,0.607115409189671
"augmented_debt","host::381:ofc_source",-1.89468346375237,0.181000637639854,209823,0.607115409189671
"augmented_debt","host::419:ofc_source",-0.653579691164817,0.170391011936145,209823,0.607115409189671
"augmented_debt","host::423:ofc_source",-1.73395521834777,0.169770465121479,209823,0.607115409189671
"augmented_debt","host::429:ofc_source",-0.672419953492474,0.176192753942139,209823,0.607115409189671
"augmented_debt","host::433:ofc_source",-1.07870294540219,0.175611166074524,209823,0.607115409189671
"augmented_debt","host::436:ofc_source",-1.05558464065215,0.163546348546001,209823,0.607115409189671
"augmented_debt","host::439:ofc_source",-0.760504792947589,0.175114371791724,209823,0.607115409189671
"augmented_debt","host::443:ofc_source",0.0248959782503575,0.171013007341721,209823,0.607115409189671
"augmented_debt","host::446:ofc_source",-0.578663460140741,0.179319038252259,209823,0.607115409189671
"augmented_debt","host::449:ofc_source",-0.768539391687033,0.173266655104491,209823,0.607115409189671
"augmented_debt","host::453:ofc_source",-0.358360446027864,0.163052531870235,209823,0.607115409189671
"augmented_debt","host::456:ofc_source",0.147115201486179,0.165097652215849,209823,0.607115409189671
"augmented_debt","host::463:ofc_source",-1.24896190683118,0.179667162294265,209823,0.607115409189671
"augmented_debt","host::466:ofc_source",0.642271427894719,0.158866832312064,209823,0.607115409189671
"augmented_debt","host::469:ofc_source",-0.570244678051359,0.166689878086915,209823,0.607115409189671
"augmented_debt","host::474:ofc_source",-1.36544236118268,0.182023441478172,209823,0.607115409189671
"augmented_debt","host::487:ofc_source",-1.36029793925085,0.184130287864889,209823,0.607115409189671
"augmented_debt","host::512:ofc_source",-1.38310270471741,0.181529320882585,209823,0.607115409189671
"augmented_debt","host::513:ofc_source",-0.384994136685537,0.179474020063209,209823,0.607115409189671
"augmented_debt","host::514:ofc_source",-1.40851630545339,0.18181101895048,209823,0.607115409189671
"augmented_debt","host::516:ofc_source",-1.32149669096558,0.178446347909178,209823,0.607115409189671
"augmented_debt","host::518:ofc_source",-1.10467279624274,0.181420925848219,209823,0.607115409189671
"augmented_debt","host::522:ofc_source",-0.722622538895091,0.184192568036317,209823,0.607115409189671
"augmented_debt","host::524:ofc_source",-0.756229795057002,0.171406003738076,209823,0.607115409189671
"augmented_debt","host::528:ofc_source",-0.25816669640181,0.164028735188364,209823,0.607115409189671
"augmented_debt","host::532:ofc_source",-0.290320313164174,0.15557697177801,209823,0.607115409189671
"augmented_debt","host::534:ofc_source",0.474293723672967,0.155231925381007,209823,0.607115409189671
"augmented_debt","host::536:ofc_source",-0.299197890086601,0.157178623843693,209823,0.607115409189671
"augmented_debt","host::537:ofc_source",-1.47356866778491,0.186273743408504,209823,0.607115409189671
"augmented_debt","host::542:ofc_source",-0.313055474796265,0.153146020852488,209823,0.607115409189671
"augmented_debt","host::544:ofc_source",-1.49681649502253,0.181672266951026,209823,0.607115409189671
"augmented_debt","host::546:ofc_source",-0.988333210657056,0.17900682952984,209823,0.607115409189671
"augmented_debt","host::548:ofc_source",-0.223252443269225,0.159084590452329,209823,0.607115409189671
"augmented_debt","host::556:ofc_source",-1.3171709646419,0.181408245279926,209823,0.607115409189671
"augmented_debt","host::558:ofc_source",-1.22084798287566,0.18310848526654,209823,0.607115409189671
"augmented_debt","host::564:ofc_source",-0.522165321640394,0.168884430257336,209823,0.607115409189671
"augmented_debt","host::565:ofc_source",-1.51106185038744,0.181519066433316,209823,0.607115409189671
"augmented_debt","host::566:ofc_source",-0.72188732195145,0.156832552608221,209823,0.607115409189671
"augmented_debt","host::576:ofc_source",-0.372151000086862,0.155593787093994,209823,0.607115409189671
"augmented_debt","host::578:ofc_source",-0.676449614178607,0.158548185639478,209823,0.607115409189671
"augmented_debt","host::582:ofc_source",-0.590418514989054,0.171794122620991,209823,0.607115409189671
"augmented_debt","host::611:ofc_source",-1.52770030951297,0.180594587531657,209823,0.607115409189671
"augmented_debt","host::612:ofc_source",-0.988133761733793,0.180580411590114,209823,0.607115409189671
"augmented_debt","host::614:ofc_source",-0.954682912553137,0.178946346487033,209823,0.607115409189671
"augmented_debt","host::616:ofc_source",-1.23394821312308,0.17996574068835,209823,0.607115409189671
"augmented_debt","host::618:ofc_source",-1.18948520540093,0.182220456281129,209823,0.607115409189671
"augmented_debt","host::622:ofc_source",-1.29021189362393,0.180125436560645,209823,0.607115409189671
"augmented_debt","host::624:ofc_source",-1.41147618943264,0.181364947358284,209823,0.607115409189671
"augmented_debt","host::626:ofc_source",-1.51396536997751,0.180879962201446,209823,0.607115409189671
"augmented_debt","host::628:ofc_source",-1.49212039554698,0.181786281813449,209823,0.607115409189671
"augmented_debt","host::632:ofc_source",-1.5040904009057,0.18114899533465,209823,0.607115409189671
"augmented_debt","host::634:ofc_source",-1.26693413642498,0.18188529134696,209823,0.607115409189671
"augmented_debt","host::636:ofc_source",-1.27829966969815,0.181768512614985,209823,0.607115409189671
"augmented_debt","host::638:ofc_source",-1.36959139034966,0.181161444491487,209823,0.607115409189671
"augmented_debt","host::642:ofc_source",-1.54866927504795,0.181257254248595,209823,0.607115409189671
"augmented_debt","host::643:ofc_source",-1.61189785209489,0.182741791943777,209823,0.607115409189671
"augmented_debt","host::644:ofc_source",-1.15955734375554,0.180669074123202,209823,0.607115409189671
"augmented_debt","host::646:ofc_source",-1.51145321820529,0.179132255359698,209823,0.607115409189671
"augmented_debt","host::648:ofc_source",-1.64498404847108,0.181996024129578,209823,0.607115409189671
"augmented_debt","host::652:ofc_source",-1.04553102421418,0.173854956355777,209823,0.607115409189671
"augmented_debt","host::654:ofc_source",-1.44407171087883,0.179901437918757,209823,0.607115409189671
"augmented_debt","host::656:ofc_source",-1.58175179168152,0.180352997381789,209823,0.607115409189671
"augmented_debt","host::662:ofc_source",-0.84670633339728,0.173045317441582,209823,0.607115409189671
"augmented_debt","host::664:ofc_source",-0.670180597863019,0.177118920772417,209823,0.607115409189671
"augmented_debt","host::666:ofc_source",-1.5760810560715,0.181732835333231,209823,0.607115409189671
"augmented_debt","host::668:ofc_source",-1.83767213711003,0.181362154815299,209823,0.607115409189671
"augmented_debt","host::672:ofc_source",-1.19813254034745,0.181472807822771,209823,0.607115409189671
"augmented_debt","host::674:ofc_source",-1.36176528910735,0.179962110672949,209823,0.607115409189671
"augmented_debt","host::676:ofc_source",-1.54279717724764,0.180397843488448,209823,0.607115409189671
"augmented_debt","host::678:ofc_source",-1.47135626785677,0.181332393118363,209823,0.607115409189671
"augmented_debt","host::682:ofc_source",-1.63840754803626,0.180318272823552,209823,0.607115409189671
"augmented_debt","host::684:ofc_source",-0.972661925052333,0.172919248192418,209823,0.607115409189671
"augmented_debt","host::686:ofc_source",-0.980999900112014,0.170347704909631,209823,0.607115409189671
"augmented_debt","host::688:ofc_source",-1.29683647404382,0.178348493094397,209823,0.607115409189671
"augmented_debt","host::692:ofc_source",-1.54302213886876,0.180452646069649,209823,0.607115409189671
"augmented_debt","host::694:ofc_source",-0.164913581175133,0.170709350857715,209823,0.607115409189671
"augmented_debt","host::698:ofc_source",-1.38965628259801,0.179641317727613,209823,0.607115409189671
"augmented_debt","host::714:ofc_source",-1.51003646478691,0.180747510385705,209823,0.607115409189671
"augmented_debt","host::716:ofc_source",-1.3963321794402,0.182063019365359,209823,0.607115409189671
"augmented_debt","host::718:ofc_source",-1.41215180620488,0.178494253147614,209823,0.607115409189671
"augmented_debt","host::722:ofc_source",-0.877054758351179,0.179947949638897,209823,0.607115409189671
"augmented_debt","host::724:ofc_source",-1.72046927314543,0.181188301334544,209823,0.607115409189671
"augmented_debt","host::726:ofc_source",-1.65828283769448,0.181757910089547,209823,0.607115409189671
"augmented_debt","host::728:ofc_source",-1.52574272240916,0.18002557384147,209823,0.607115409189671
"augmented_debt","host::732:ofc_source",-1.09610609753351,0.177632884289305,209823,0.607115409189671
"augmented_debt","host::734:ofc_source",-1.62046797471103,0.179991829453274,209823,0.607115409189671
"augmented_debt","host::738:ofc_source",-1.10908350890014,0.179552167121229,209823,0.607115409189671
"augmented_debt","host::742:ofc_source",-1.3746258149463,0.181599021364256,209823,0.607115409189671
"augmented_debt","host::744:ofc_source",-1.34508764363493,0.171178400240427,209823,0.607115409189671
"augmented_debt","host::746:ofc_source",-0.911788408003087,0.179328921314565,209823,0.607115409189671
"augmented_debt","host::748:ofc_source",-1.51460982650935,0.182493575553661,209823,0.607115409189671
"augmented_debt","host::754:ofc_source",-1.09247258616672,0.182266631247222,209823,0.607115409189671
"augmented_debt","host::813:ofc_source",-1.54197272884444,0.181563944194678,209823,0.607115409189671
"augmented_debt","host::815:ofc_source",-1.62391928268555,0.183522426055342,209823,0.607115409189671
"augmented_debt","host::816:ofc_source",-1.63957460049625,0.181758889726594,209823,0.607115409189671
"augmented_debt","host::819:ofc_source",-1.33404018458195,0.181552366213216,209823,0.607115409189671
"augmented_debt","host::823:ofc_source",-1.97235678170387,0.179699036557577,209823,0.607115409189671
"augmented_debt","host::826:ofc_source",-1.51050965789578,0.181608053148509,209823,0.607115409189671
"augmented_debt","host::836:ofc_source",-1.55453841710184,0.181795846413533,209823,0.607115409189671
"augmented_debt","host::839:ofc_source",-1.49647995278436,0.181562191629966,209823,0.607115409189671
"augmented_debt","host::846:ofc_source",-1.51435693448182,0.181209072002495,209823,0.607115409189671
"augmented_debt","host::853:ofc_source",-1.38226758174689,0.183200128281969,209823,0.607115409189671
"augmented_debt","host::862:ofc_source",-1.47625552617435,0.18248694423097,209823,0.607115409189671
"augmented_debt","host::866:ofc_source",-1.51151765282718,0.180781411734276,209823,0.607115409189671
"augmented_debt","host::867:ofc_source",-1.45006028207103,0.179153785408857,209823,0.607115409189671
"augmented_debt","host::868:ofc_source",-1.46707882559317,0.181889693832007,209823,0.607115409189671
"augmented_debt","host::869:ofc_source",-1.35266397169464,0.182170753590638,209823,0.607115409189671
"augmented_debt","host::887:ofc_source",-1.74547245760642,0.182297361459015,209823,0.607115409189671
"augmented_debt","host::911:ofc_source",-1.13065887474607,0.18160517034578,209823,0.607115409189671
"augmented_debt","host::912:ofc_source",-1.1371964162539,0.177611231177351,209823,0.607115409189671
"augmented_debt","host::913:ofc_source",-0.9453089725842,0.179221519596281,209823,0.607115409189671
"augmented_debt","host::914:ofc_source",-1.33426161716888,0.181666202537288,209823,0.607115409189671
"augmented_debt","host::915:ofc_source",-1.21979148625275,0.179060286902689,209823,0.607115409189671
"augmented_debt","host::916:ofc_source",-1.42635157869425,0.164235888275822,209823,0.607115409189671
"augmented_debt","host::917:ofc_source",-1.16251375091355,0.181349020520877,209823,0.607115409189671
"augmented_debt","host::918:ofc_source",-1.7248377365488,0.174816991378454,209823,0.607115409189671
"augmented_debt","host::921:ofc_source",-1.0046522509462,0.182432013430086,209823,0.607115409189671
"augmented_debt","host::922:ofc_source",-0.59351649552945,0.154257583990748,209823,0.607115409189671
"augmented_debt","host::923:ofc_source",-1.23439969351701,0.181786824800374,209823,0.607115409189671
"augmented_debt","host::924:ofc_source",0.183698833520646,0.155543419051179,209823,0.607115409189671
"augmented_debt","host::925:ofc_source",-1.20261504702307,0.180878892182006,209823,0.607115409189671
"augmented_debt","host::926:ofc_source",-0.811879701145049,0.16657409649571,209823,0.607115409189671
"augmented_debt","host::927:ofc_source",-1.08791179100916,0.181275817538755,209823,0.607115409189671
"augmented_debt","host::928:ofc_source",-1.3792386254958,0.178072426903355,209823,0.607115409189671
"augmented_debt","host::935:ofc_source",-1.6328567902048,0.169909198319846,209823,0.607115409189671
"augmented_debt","host::936:ofc_source",-2.30482414428353,0.173405227691742,209823,0.607115409189671
"augmented_debt","host::939:ofc_source",-1.83131423826578,0.181373385776432,209823,0.607115409189671
"augmented_debt","host::941:ofc_source",-1.98035020580378,0.179508392074462,209823,0.607115409189671
"augmented_debt","host::942:ofc_source",-1.2466706981941,0.1782203903358,209823,0.607115409189671
"augmented_debt","host::943:ofc_source",-1.28095871990644,0.202495961081374,209823,0.607115409189671
"augmented_debt","host::944:ofc_source",-1.93182862401658,0.161105249586398,209823,0.607115409189671
"augmented_debt","host::946:ofc_source",-1.91141888819359,0.175780385648329,209823,0.607115409189671
"augmented_debt","host::948:ofc_source",-1.20901000156148,0.18006328855001,209823,0.607115409189671
"augmented_debt","host::954:ofc_source",-1.27097334440458,0.188101880466902,209823,0.607115409189671
"augmented_debt","host::960:ofc_source",-1.90867040943017,0.167266922820425,209823,0.607115409189671
"augmented_debt","host::961:ofc_source",-2.01629966317044,0.171646916869923,209823,0.607115409189671
"augmented_debt","host::962:ofc_source",-1.33179640824092,0.182665712992194,209823,0.607115409189671
"augmented_debt","host::963:ofc_source",-0.749069823012055,0.178752441067498,209823,0.607115409189671
"augmented_debt","host::964:ofc_source",-1.71698019761684,0.158562959437662,209823,0.607115409189671
"augmented_debt","host::967:ofc_source",-1.24843538952247,0.214190007335511,209823,0.607115409189671
"augmented_debt","host::968:ofc_source",-1.58566089663199,0.169792409722439,209823,0.607115409189671
"augmented_debt","host::1001:ofc_source",-1.50328282959469,0.181418703799849,209823,0.607115409189671
"augmented_debt","host::1003:ofc_source",-2.06001660406996,0.181097064508697,209823,0.607115409189671
"augmented_debt","host::1006:ofc_source",-1.89070196238544,0.16308269790991,209823,0.607115409189671
"augmented_debt","host::1012:ofc_source",-1.20610299549961,0.173623328063595,209823,0.607115409189671
"augmented_debt","host::1017:ofc_source",-1.81192128967548,0.157645149157254,209823,0.607115409189671
"augmented_debt","host::1103:ofc_source",-1.12880081461645,0.179491337309114,209823,0.607115409189671
"augmented_debt","host::1200:ofc_source",-0.950279404116224,0.155798703773749,209823,0.607115409189671
"augmented_debt","host::9006:ofc_source",-1.39497040484659,0.180740907640632,209823,0.607115409189671
