"host","eqp","debtp","shareeqp","sharedebtp"
111,326469.310227884,236615.286841731,0.618069871018625,0.448253844700653
122,1113.28564050219,4720.53014052172,0.00210766614402982,0.00894276871438799
124,1716.99618623113,5331.00490434619,0.00325060757050207,0.0100992775081756
128,948.711873578948,2315.67298390369,0.00179609600953755,0.0043869072533702
132,40166.6817620019,74731.1896401611,0.0760433371166116,0.141573875138771
134,29877.08169057,69682.1761270388,0.0565631238477323,0.132008813855489
135,17.1542707362689,18.1244191991827,3.24763693530134e-05,3.43356538685272e-05
136,2874.24519467368,10175.0726746207,0.00544150491667297,0.0192760810486352
137,42014.9493289311,14675.9318707294,0.0795424669303833,0.0278026959856554
138,15141.6607635932,59250.0567056747,0.0286661074164347,0.112245772754384
139,NA,NA,NA,NA
142,703.94319583931,1823.03161663812,0.00133270131870325,0.00345362694894471
144,1591.27705040371,4703.2609389435,0.00301259680614817,0.00891005322036531
146,7133.93379508167,1933.8915746373,0.0135059235353662,0.00366364466614201
156,5340.40426950732,4321.37918466746,0.0101104234751429,0.00818660053537557
158,5594.01205299422,2081.4077875559,0.0105905523115093,0.00394310551788602
172,1116.42582040519,1913.14658606303,0.00211361111504797,0.00362434449661023
174,107.393366130727,406.636418704674,0.000203316519725367,0.000770348951298301
176,28.7871184778366,275.41526025695,5.4499611593429e-05,0.00052175812876362
178,34598.7315260056,15965.3211384136,0.0655021248911864,0.0302453686644574
181,102.992916357093,40.6254877846656,0.000194985612841299,7.69626144421368e-05
182,195.966292935074,830.799416791984,0.000371002289047733,0.00157390098384119
184,2839.74660581576,6489.74014964178,0.00537619238132056,0.0122944337705913
186,245.297432501977,542.457363896852,0.000464395726391153,0.00102765380123386
193,2720.8463824881,3336.5956542776,0.00515109114394876,0.00632098563962115
196,108.61274273778,218.792039375137,0.000205625036693526,0.000414488743093773
199,312.76915772524,210.725344612168,0.000592132818974333,0.000399206860888309
213,6.52952283627516,28.9621844373622,1.23616560907754e-05,5.48671672834934e-05
218,1.08145708124706,2.47341855410262,2.04740849377842e-06,4.68574702517862e-06
223,162.928801785435,239.384086479818,0.00030845589569951,0.00045349917394182
228,15.1056715266888,44.6091557546761,2.8597972794543e-05,8.45094408006657e-05
233,7.69133445799475,37.5530905884037,1.45611913508674e-05,7.11421373543943e-05
238,0.799900017942919,5.74793628899445,1.51436623728177e-06,1.08891296713199e-05
243,0.782321106679133,10.7773638429703,1.48108594085859e-06,2.04170864986446e-05
248,0.514685432530674,7.54096411247528,9.74399580399607e-07,1.42859161860819e-05
253,0.978856616729317,7.6573188043111,1.85316586856299e-06,1.45063433556893e-05
258,0.857758627914955,4.53150745712698,1.6239038338717e-06,8.58467627793437e-06
263,1.22187695563041,1.7122430089359,2.31325061409284e-06,3.24374440071878e-06
268,1.07755427422137,4.37595230030646,2.04001972135967e-06,8.28998611637077e-06
273,53.7112721587665,216.443296094282,0.000101685879852665,0.000410039186093838
278,1.13887977320332,1.89319546335816,2.15612081282051e-06,3.58654825961337e-06
283,12.9055683773107,19.9669818450308,2.44327498251479e-05,3.78262812118725e-05
288,0.870274926829619,3.44022113118399,1.64759962092873e-06,6.5172980548173e-06
293,7.62922476246178,29.7037312715024,1.4443605622885e-05,5.62719844610549e-05
298,1.42276173080916,14.0759228255166,2.69356454619772e-06,2.6666013884673e-05
299,1.43856636295515,20.8808503986373,2.72348578732495e-06,3.95575518249125e-05
311,2.5473789760861,2.34293059389639,4.8226836209691e-06,4.43854520390023e-06
312,4.59060910691307,2.93155019495291,8.69091546959243e-06,5.55365066797042e-06
313,22.92791276112,18.4302227193019,4.34069961219324e-05,3.49149807811967e-05
314,1.60147134858328,4.34692258826068,3.03189659440874e-06,8.23499102197612e-06
316,2.74831565429941,5.77697188213976,5.20309581560853e-06,1.09441359071142e-05
319,303.51036194843,78.7663468552831,0.000574604118627075,0.000149218244865652
321,2.72381623486425,2.11714982009632,5.15671365184633e-06,4.01081671151812e-06
323,NA,NA,NA,NA
326,3.13718202403136,4.14195946942457,5.93929545047141e-06,7.84670036135801e-06
328,2.82619576392941,1.60520915858605,5.35053800329939e-06,3.04097502105259e-06
329,NA,NA,NA,NA
333,NA,NA,NA,NA
336,3.23678699358098,2.20213359083664,6.12786702137765e-06,4.17181350289191e-06
339,2.01697692499719,2.1235435433066,3.81852942627402e-06,4.02292924680364e-06
343,2.6408271594786,8.72293307609368,4.99959919877948e-06,1.65250873712183e-05
349,NA,NA,NA,NA
351,3.18562116795571,2.24496687845904,6.03100016665646e-06,4.25295866521083e-06
353,45.1322114400215,106.80040229402,8.54440501131578e-05,0.000202327125955699
355,NA,NA,NA,NA
357,NA,NA,NA,NA
361,2.21316880310585,2.68915770042042,4.18995879190988e-06,5.09445224063698e-06
362,2.75185171947446,2.38759557362101,5.20979027440813e-06,4.52316039995233e-06
363,NA,NA,NA,NA
364,3.14980351214258,2.20696375574411,5.96319038112666e-06,4.1809639682706e-06
366,1.05416478955438,2.01411819968681,1.99573887988876e-06,3.8156293227794e-06
369,3.17055694885508,7.79187966354523,6.00248067136294e-06,1.47612610463551e-05
372,NA,NA,NA,NA
374,NA,NA,NA,NA
377,973.921516428593,854.270100512803,0.00184382276429324,0.00161836482367183
381,3.7603746588809,3.37227340122467,7.11912025903412e-06,6.38857504795038e-06
419,3.25348202782947,8.92691058844117,6.15947396678215e-06,1.69115108578944e-05
423,9.9527508680106,29.6082853870572,1.88424922421587e-05,5.60911678061614e-05
429,1.65870674666267,2.44468781483365,3.14025432973135e-06,4.63131831725231e-06
433,1.43450503670917,6.19274765602278,2.71579690720551e-06,1.17317988331411e-05
436,53.5239119748533,41.4594426971354,0.000101331170601053,7.85424933282868e-05
439,1.61692607755817,4.42741707728142,3.0611554008107e-06,8.38748313126615e-06
443,6.16534072109186,8.29777731167853,1.16721885484771e-05,1.5719654600836e-05
446,1.70010237078055,7.18219169969522,3.21862429363826e-06,1.3606242799177e-05
449,2.56787575339007,6.08244645762945,4.86148800504953e-06,1.15228396533905e-05
453,10.3297182805013,31.8474403074512,1.95561648377657e-05,6.03331160561845e-05
456,9.21397276949426,14.6019440126208,1.74438416806629e-05,2.76625303086993e-05
463,1.65990389713446,1.746096310489,3.14252076830463e-06,3.30787750378044e-06
466,13.6739019629217,58.9646711933405,2.58873546694022e-05,0.000111705126565234
469,11.9875440744656,12.4553505290788,2.26947513527788e-05,2.35959342960305e-05
474,1.38260091387113,1.45064995765749,2.61753231233303e-06,2.74817163977134e-06
487,1.03449675223985,1.44576184780101,1.95850346171822e-06,2.73891140107024e-06
512,1.47880093846295,1.63216780375515,2.79965766050113e-06,3.09204660018116e-06
513,1.91438463098637,1.80041838325945,3.62430226941657e-06,3.41078749871982e-06
514,1.35823257775195,1.5231532381319,2.57139831477103e-06,2.88552487108563e-06
516,1.90601894400796,1.53910618125996,3.60846439764812e-06,2.91574679033222e-06
518,1.11320234404534,1.04247260672254,2.10750844764387e-06,1.97490348233948e-06
522,1.41133512185054,1.42520369747721,2.67193175406695e-06,2.6999651856943e-06
524,1.97846913105269,6.43643220648946,3.74562668628943e-06,1.21934449849973e-05
528,64.5194753660131,8.6225959809028,0.000122147909675876,1.633500460317e-05
532,248.316315973522,62.3359777724216,0.000470111059684122,0.000118091870025087
534,162.677633708447,58.1297287779649,0.000307980385701833,0.00011012337691249
536,39.9396339748341,52.0433532406661,7.5613491516632e-05,9.85930938470893e-05
537,1.31836243867445,1.43733227938608,2.4959163906051e-06,2.72294207591971e-06
542,150.407876406706,180.167410130818,0.0002847513498466,0.000341316638324042
544,1.50184731909358,1.80941017055656,2.84328893933061e-06,3.42782191471407e-06
546,3.87924714930417,4.41192639146244,7.34416899262653e-06,8.35813693149989e-06
548,30.102686454545,37.8731690895238,5.69902375242792e-05,7.17485073850385e-05
556,0.790343670518971,1.19823579273697,1.49627421382142e-06,2.26998774306391e-06
558,1.31771589212394,1.55921270178242,2.49469235229411e-06,2.95383741942068e-06
564,7.3840406026812,7.54755249373807,1.3979424343776e-05,1.42983974896815e-05
565,2.73567038358451,1.97603476704665,5.17915585986107e-06,3.7434824833752e-06
566,32.043574546774,40.0966823972568,6.06647159981923e-05,7.59608235132059e-05
576,155.191767776345,104.637709505771,0.000293808186214269,0.000198230030750319
578,26.8604221098745,16.1847713333959,5.08520008124733e-05,3.06611042449185e-05
582,5.25513957506002,6.64422080041553,9.94900083280416e-06,1.25870883431908e-05
611,1.29576633623961,1.69138255062588,2.45313757593588e-06,3.20422548051503e-06
612,1.95896071213531,3.25872150329287,3.70869345677507e-06,6.17345760773599e-06
614,1.61959271140519,4.52375026423058,3.06620385708591e-06,8.56998072894298e-06
616,2.94744678562813,2.09630409347618,5.5800897589909e-06,3.97132569964067e-06
618,1.22427244605272,2.26084986389244,2.31778574315384e-06,4.28304805368981e-06
622,3.15265162085032,4.06733443925485,5.96858240459255e-06,7.70532759913722e-06
624,1.81279378055459,2.07234841375194,3.43197103993832e-06,3.92594306320098e-06
626,1.38594271301621,1.93295534583568,2.62385898777192e-06,3.66187103534474e-06
628,1.47713568369766,1.86667289510244,2.79650500949919e-06,3.53630280273418e-06
632,1.32684933301307,1.64190849081459,2.51198373146957e-06,3.11049976304609e-06
634,1.12952828819091,2.11279183979746,2.13841663373116e-06,4.00256077230908e-06
636,1.2658627251381,1.98712885772691,2.39652422675583e-06,3.76449959037308e-06
638,1.3913363071616,2.30619863665953,2.63407011002241e-06,4.36895865573346e-06
642,1.4166333637663,1.93752412695598,2.68196235600995e-06,3.67052632440111e-06
643,3.48214420071228,2.34947857111058,6.5923759127625e-06,4.45094996438907e-06
644,2.92880377645329,3.90626157882847,5.5447949183578e-06,7.40018447027695e-06
646,1.50755456166418,4.72029440363392,2.85409385902435e-06,8.94232212461899e-06
648,3.72708176675697,2.90449230909187,7.05609034199073e-06,5.50239108314572e-06
652,4.23584857402267,8.98582328223128,8.01928481416264e-06,1.70231175163042e-05
654,1.88157422510739,2.214339664548,3.56218579263187e-06,4.19493719681231e-06
656,1.61294618756126,2.18853528823307,3.05362069534223e-06,4.14605231262897e-06
662,1.96307788285181,9.69664908449077,3.71648806133355e-06,1.83697354928019e-05
664,5.46741476848191,5.41817253493493,1.03508790409798e-05,1.02644114945143e-05
666,3.34459682224398,2.07730893746684,6.33197198563836e-06,3.93534048572855e-06
668,17.7847816486568,9.59734664439407,3.36700490836546e-05,1.8181612818415e-05
672,1.51137027915527,2.24697351906881,2.86131775402359e-06,4.25676012867613e-06
674,1.25104452471743,1.61190499782892,2.36847049265035e-06,3.05365989752095e-06
676,3.25219028452717,2.11384508369437,6.15702844559156e-06,4.00455608137175e-06
678,1.60348707460154,2.22954997675186,3.03571275562537e-06,4.22375224513606e-06
682,1.80075185791087,2.50426803211495,3.40917333938258e-06,4.74418955993879e-06
684,14.7824372100521,6.45447351127682,2.79860273952864e-05,1.22276231834658e-05
686,5.66060263036215,16.6120736490607,1.07166212199042e-05,3.1470603531304e-05
687,NA,NA,NA,NA
688,1.72964377561247,2.39770693897383,3.27455191593584e-06,4.54231579119975e-06
692,1.45862264924797,2.41631958565893,2.76145623628832e-06,4.57757636353221e-06
694,8.55326744368525,11.524110361103,1.61929980555178e-05,2.1831754173915e-05
696,NA,NA,NA,NA
698,3.29889924384592,2.64229513664463,6.24545758596435e-06,5.00567384991924e-06
714,3.29445992637342,3.53959803081722,6.23705309497032e-06,6.70556178844843e-06
716,1.5769754159926,1.93245625419201,2.985521031921e-06,3.6609255353683e-06
718,2.72038303936856,2.46704103708138,5.15021394534797e-06,4.67366519157197e-06
722,2.14951941231284,5.44136623432646,4.06945812147814e-06,1.03083506037065e-05
724,3.93580581464975,2.93631515752716,7.45124554132487e-06,5.56267761133603e-06
726,2.94684376575076,2.08922157660172,5.57894812513391e-06,3.95790828497778e-06
728,3.28910698621344,5.09563128245474,6.22691893861749e-06,9.65337592522111e-06
732,1.55471870322666,1.68058854716008,2.94338474787353e-06,3.18377687122254e-06
733,NA,NA,NA,NA
734,2.90558580557948,2.12949710235842,5.50083878584024e-06,4.03420791679259e-06
738,3.424753311274,2.98125636421713,6.48372380206945e-06,5.64781610324481e-06
742,1.58204846111785,3.01821355680016,2.99512529256053e-06,5.71782934662315e-06
744,2.63733491035748,14.7503691835384,4.99298769228796e-06,2.79437131282973e-05
746,4.0268081823445,2.41341869250685,7.62353071454443e-06,4.57208079084187e-06
748,1.61319868080982,2.19451658115653,3.05409871414731e-06,4.15738352281832e-06
754,3.83076684362174,4.95892476589344,7.25238634923144e-06,9.39439341203621e-06
813,2.78368362913116,1.76949853848853,5.27005426762103e-06,3.35221165824429e-06
815,3.16841554151772,2.29870463199441,5.99842657097636e-06,4.35476170147838e-06
816,10.9701298280431,9.57336994794884,2.07685883954708e-05,1.81361903670246e-05
819,2.60606711351667,1.74194966712816,4.93379167430102e-06,3.30002193006029e-06
823,30.9106266758884,25.8501425776401,5.85198254296414e-05,4.897158569572e-05
826,2.90980911167621,1.84059396626276,5.5088343253066e-06,3.48689779482411e-06
829,NA,NA,NA,NA
836,2.76918328287905,1.65157388213895,5.24260229324858e-06,3.1288102825375e-06
839,1.95892725069849,1.89362389612211,3.70863010777015e-06,3.58735990046802e-06
846,2.53322716217984,1.62907282649414,4.79589148608322e-06,3.08618334647923e-06
853,10.6377002414666,2.49425274071791,2.01392345626259e-05,4.72521617519074e-06
856,NA,NA,NA,NA
859,NA,NA,NA,NA
862,2.47081270814836,1.97259293124161,4.67772879101701e-06,3.73696212641504e-06
866,2.68246504366518,1.65108105760298,5.07842780809264e-06,3.12787665523064e-06
867,7.30256733177735,6.88546777055581,1.38251796032709e-05,1.30441166414516e-05
868,2.86619508328165,2.01842863303562,5.42626449083851e-06,3.82379518706789e-06
869,1.08702084411052,1.10528082905511,2.05794177849358e-06,2.0938899921089e-06
887,1.58683469956477,1.93482842588218,3.00418657240177e-06,3.66541947612169e-06
889,NA,NA,NA,NA
911,1.14691823344067,3.06834760483685,2.17133918075415e-06,5.81280537324768e-06
912,1.2376743278819,6.47649062293252,2.34315811082843e-06,1.22693333158947e-05
913,1.38454313267833,4.80048724977286,2.62120931010907e-06,9.09424278908269e-06
914,1.71431821112016,4.2070671976087,3.24553764300942e-06,7.97004315069258e-06
915,1.3199597596206,6.11758977942647,2.49894042968084e-06,1.15894166244786e-05
916,3.86518888411255,20.0248519097984,7.31755396364366e-06,3.79359126704794e-05
917,1.36722742304944,1.72704958079849,2.58842730554806e-06,3.27179458654079e-06
918,2.4342461046762,18.2276949753036,4.60850110197066e-06,3.45313037960046e-05
921,1.24624317911497,1.92726309300287,2.35938061202679e-06,3.65108739472975e-06
922,146.711838447059,110.254470533501,0.000277754031466491,0.000208870656548638
923,1.48956525622752,2.05431617795828,2.82003660664989e-06,3.89178204541153e-06
924,388.543686837077,107.44963023371,0.000735588733412229,0.000203557050378324
925,1.14998262638737,1.5321003914015,2.17714067233079e-06,2.90247473052098e-06
926,2.19122872209006,20.5879945561564,4.14842195331976e-06,3.90027535314999e-05
927,1.18946806796339,2.21699529322715,2.25189428933988e-06,4.19996813027996e-06
928,1.09213308280755,2.06680830487567,2.06762024018386e-06,3.9154476504278e-06
935,33.7635097537399,78.7951054304461,6.3920887706301e-05,0.000149272726307054
936,2.5448600644648,54.528161990791,4.81791483158488e-06,0.000103300418933546
939,4.68643664036899,14.3536928669256,8.87233561962672e-06,2.71922330088309e-05
941,2.80720067591568,15.9442978413794,5.31457660897895e-06,3.02055412557991e-05
942,2.13644791675744,11.0051430330361,4.04471123924805e-06,2.08486008739524e-05
943,1.12421099166289,4.42421932709786,2.12834995770287e-06,8.38142518026348e-06
944,34.2129310044893,109.582751347133,6.47717295030071e-05,0.000207598123772468
946,2.62814819301164,35.1397989978823,4.97559545042281e-06,6.65702973508423e-05
948,1.20805356536169,4.90728477654965,2.28708024899952e-06,9.29656446753891e-06
954,1.45731110416057,1.5329284999753,2.758973226469e-06,2.90404353385988e-06
960,4.67697162562433,43.5312016664172,8.85441650668364e-06,8.24673197233574e-05
961,6.17316084395788,52.4209934282242,1.16869935613213e-05,9.93085111316015e-05
962,1.42081738018997,5.68037574853235,2.68988351248714e-06,1.07611401723471e-05
963,1.49929159284353,2.9216850995556,2.83845045269729e-06,5.53496182077373e-06
964,61.7518394697371,229.174267526947,0.000116908236886284,0.000434157268097912
967,NA,NA,NA,NA
968,9.08495889813935,44.1463737006515,1.71995933414476e-05,8.36327272216578e-05
983,NA,NA,NA,NA
1001,5.98476331856911,8.96409421178352,1.13303204206331e-05,1.69819530611247e-05
1003,6.46509682215058,10.2614593537963,1.22396851213987e-05,1.94397355681224e-05
1005,NA,NA,NA,NA
1006,342.198839531046,300.104177492682,0.000647848927864129,0.00056852984085429
1007,NA,NA,NA,NA
1008,NA,NA,NA,NA
1009,NA,NA,NA,NA
1012,106.056468090697,61.6066156370388,0.00020078551183801,0.000116710136047844
1017,522.194864219684,738.252358390666,0.000988616394446261,0.00139857598562214
1100,NA,NA,NA,NA
1101,NA,NA,NA,NA
1102,NA,NA,NA,NA
1103,5.69232586592724,3.76837809956228,1.07766794719351e-05,7.13897226997175e-06
1104,NA,NA,NA,NA
1200,399.94902962385,176.827967010298,0.000757181264545472,0.000334990258325892
1201,NA,NA,NA,NA
3002,NA,NA,NA,NA
9006,13.68851671448,8.41303292471583,2.591502323526e-05,1.5937999629836e-05
9998,NA,NA,NA,NA
9999,NA,NA,NA,NA
