year,source,host,gdp_source,gdppc_host,loggap_gdp,loggap_gdppc
2017,9998,1006,,,,
2018,9998,1006,,,,
2019,9998,1006,,,,
2020,9998,1006,,,,
2021,9998,1006,,63155875.42554533,,
2017,9999,1006,,,,
2018,9999,1006,,,,
2019,9999,1006,,,,
2020,9999,1006,,,,
2021,9999,1006,,63155875.42554533,,
2017,111,1006,19477349.531648,,16.784557865895312,
2018,111,1006,20533074.722816,,16.837341586998864,
2019,111,1006,21380949.082112,,16.87781715361013,
2020,111,1006,21060449.73056,,16.86271395243742,
2021,111,1006,23315074.777088,63155875.42554533,16.96443881275599,17.960003517316952
2017,112,1006,2685636.968448,,14.801941372320362,
2018,112,1006,2881844.936704,,14.872472877257753,
2019,112,1006,2858728.030208,,14.864437710972215,
2020,112,1006,2706541.903872,,14.809675914122952,
2021,112,1006,3123231.064064,63155875.42554533,14.953094794897527,17.960381651323132
2017,1006,1006,3990.889984,,-Inf,
2017,1006,1006,3990.889984,,-Inf,
2017,1006,1006,3990.889984,,-Inf,
2017,1006,1006,3990.889984,,-Inf,
2017,1006,1006,3990.889984,,-Inf,
2017,1006,1006,3990.889984,,-Inf,
2017,1006,1006,3990.889984,,-Inf,
2017,1006,1006,3990.889984,,-Inf,
2017,1006,1006,3990.889984,,-Inf,
2017,1006,1006,3990.889984,,-Inf,
2017,1006,1006,3990.889984,,-Inf,
2017,1006,1006,3990.889984,,-Inf,
2017,1006,1006,3990.889984,,-Inf,
2017,1006,1006,3990.889984,,-Inf,
2017,1006,1006,3990.889984,,-Inf,
2017,1006,1006,3990.889984,,-Inf,
2017,1006,1006,3990.889984,,-Inf,
2017,1006,1006,3990.889984,,-Inf,
2017,1006,1006,3990.889984,,-Inf,
2017,1006,1006,3990.889984,,-Inf,
2017,1006,1006,3990.889984,,-Inf,
2017,1006,1006,3990.889984,,-Inf,
2017,1006,1006,3990.889984,,-Inf,
2017,1006,1006,3990.889984,,-Inf,
2017,1006,1006,3990.889984,,-Inf,
2017,1006,1006,3990.889984,,-Inf,
2017,1006,1006,3990.889984,,-Inf,
2017,1006,1006,3990.889984,,-Inf,
2017,1006,1006,3990.889984,,-Inf,
2017,1006,1006,3990.889984,,-Inf,
2017,1006,1006,3990.889984,,-Inf,
2017,1006,1006,3990.889984,,-Inf,
2017,1006,1006,3990.889984,,-Inf,
2017,1006,1006,3990.889984,,-Inf,
2017,1006,1006,3990.889984,,-Inf,
2017,1006,1006,3990.889984,,-Inf,
2017,1006,1006,3990.889984,,-Inf,
2017,1006,1006,3990.889984,,-Inf,
2017,1006,1006,3990.889984,,-Inf,
2017,1006,1006,3990.889984,,-Inf,
2017,1006,1006,3990.889984,,-Inf,
2017,1006,1006,3990.889984,,-Inf,
2017,1006,1006,3990.889984,,-Inf,
2017,1006,1006,3990.889984,,-Inf,
2017,1006,1006,3990.889984,,-Inf,
2017,1006,1006,3990.889984,,-Inf,
2017,1006,1006,3990.889984,,-Inf,
2017,1006,1006,3990.889984,,-Inf,
2017,1006,1006,3990.889984,,-Inf,
2017,1006,1006,3990.889984,,-Inf,
2017,1006,1006,3990.889984,,-Inf,
2017,1006,1006,3990.889984,,-Inf,
2017,1006,1006,3990.889984,,-Inf,
2017,1006,1006,3990.889984,,-Inf,
2017,1006,1006,3990.889984,,-Inf,
2017,1006,1006,3990.889984,,-Inf,
2017,1006,1006,3990.889984,,-Inf,
2017,1006,1006,3990.889984,,-Inf,
2017,1006,1006,3990.889984,,-Inf,
2017,1006,1006,3990.889984,,-Inf,
2017,1006,1006,3990.889984,,-Inf,
2017,1006,1006,3990.889984,,-Inf,
2017,1006,1006,3990.889984,,-Inf,
2017,1006,1006,3990.889984,,-Inf,
2017,1006,1006,3990.889984,,-Inf,
2017,1006,1006,3990.889984,,-Inf,
2017,1006,1006,3990.889984,,-Inf,
2017,1006,1006,3990.889984,,-Inf,
2017,1006,1006,3990.889984,,-Inf,
2017,1006,1006,3990.889984,,-Inf,
2017,1006,1006,3990.889984,,-Inf,
2017,1006,1006,3990.889984,,-Inf,
2017,1006,1006,3990.889984,,-Inf,
2017,1006,1006,3990.889984,,-Inf,
2017,1006,1006,3990.889984,,-Inf,
2017,1006,1006,3990.889984,,-Inf,
2017,1006,1006,3990.889984,,-Inf,
2017,1006,1006,3990.889984,,-Inf,
2017,1006,1006,3990.889984,,-Inf,
2017,1006,1006,3990.889984,,-Inf,
2017,1006,1006,3990.889984,,-Inf,
2017,1006,1006,3990.889984,,-Inf,
2017,1006,1006,3990.889984,,-Inf,
2017,1006,1006,3990.889984,,-Inf,
2018,1006,1006,4228.517376,,-Inf,
2018,1006,1006,4228.517376,,-Inf,
2018,1006,1006,4228.517376,,-Inf,
2018,1006,1006,4228.517376,,-Inf,
2018,1006,1006,4228.517376,,-Inf,
2018,1006,1006,4228.517376,,-Inf,
2018,1006,1006,4228.517376,,-Inf,
2018,1006,1006,4228.517376,,-Inf,
2018,1006,1006,4228.517376,,-Inf,
2018,1006,1006,4228.517376,,-Inf,
2018,1006,1006,4228.517376,,-Inf,
2018,1006,1006,4228.517376,,-Inf,
2018,1006,1006,4228.517376,,-Inf,
2018,1006,1006,4228.517376,,-Inf,
2018,1006,1006,4228.517376,,-Inf,
2018,1006,1006,4228.517376,,-Inf,
2018,1006,1006,4228.517376,,-Inf,
2018,1006,1006,4228.517376,,-Inf,
2018,1006,1006,4228.517376,,-Inf,
2018,1006,1006,4228.517376,,-Inf,
2018,1006,1006,4228.517376,,-Inf,
2018,1006,1006,4228.517376,,-Inf,
2018,1006,1006,4228.517376,,-Inf,
2018,1006,1006,4228.517376,,-Inf,
2018,1006,1006,4228.517376,,-Inf,
2018,1006,1006,4228.517376,,-Inf,
2018,1006,1006,4228.517376,,-Inf,
2018,1006,1006,4228.517376,,-Inf,
2018,1006,1006,4228.517376,,-Inf,
2018,1006,1006,4228.517376,,-Inf,
2018,1006,1006,4228.517376,,-Inf,
2018,1006,1006,4228.517376,,-Inf,
2018,1006,1006,4228.517376,,-Inf,
2018,1006,1006,4228.517376,,-Inf,
2018,1006,1006,4228.517376,,-Inf,
2018,1006,1006,4228.517376,,-Inf,
2018,1006,1006,4228.517376,,-Inf,
2018,1006,1006,4228.517376,,-Inf,
2018,1006,1006,4228.517376,,-Inf,
2018,1006,1006,4228.517376,,-Inf,
2018,1006,1006,4228.517376,,-Inf,
2018,1006,1006,4228.517376,,-Inf,
2018,1006,1006,4228.517376,,-Inf,
2018,1006,1006,4228.517376,,-Inf,
2018,1006,1006,4228.517376,,-Inf,
2018,1006,1006,4228.517376,,-Inf,
2018,1006,1006,4228.517376,,-Inf,
2018,1006,1006,4228.517376,,-Inf,
2018,1006,1006,4228.517376,,-Inf,
2018,1006,1006,4228.517376,,-Inf,
2018,1006,1006,4228.517376,,-Inf,
2018,1006,1006,4228.517376,,-Inf,
2018,1006,1006,4228.517376,,-Inf,
2018,1006,1006,4228.517376,,-Inf,
2018,1006,1006,4228.517376,,-Inf,
2018,1006,1006,4228.517376,,-Inf,
2018,1006,1006,4228.517376,,-Inf,
2018,1006,1006,4228.517376,,-Inf,
2018,1006,1006,4228.517376,,-Inf,
2018,1006,1006,4228.517376,,-Inf,
2018,1006,1006,4228.517376,,-Inf,
2018,1006,1006,4228.517376,,-Inf,
2018,1006,1006,4228.517376,,-Inf,
2018,1006,1006,4228.517376,,-Inf,
2018,1006,1006,4228.517376,,-Inf,
2018,1006,1006,4228.517376,,-Inf,
2018,1006,1006,4228.517376,,-Inf,
2018,1006,1006,4228.517376,,-Inf,
2018,1006,1006,4228.517376,,-Inf,
2018,1006,1006,4228.517376,,-Inf,
2018,1006,1006,4228.517376,,-Inf,
2018,1006,1006,4228.517376,,-Inf,
2018,1006,1006,4228.517376,,-Inf,
2018,1006,1006,4228.517376,,-Inf,
2018,1006,1006,4228.517376,,-Inf,
2018,1006,1006,4228.517376,,-Inf,
2018,1006,1006,4228.517376,,-Inf,
2018,1006,1006,4228.517376,,-Inf,
2018,1006,1006,4228.517376,,-Inf,
2018,1006,1006,4228.517376,,-Inf,
2018,1006,1006,4228.517376,,-Inf,
2018,1006,1006,4228.517376,,-Inf,
2018,1006,1006,4228.517376,,-Inf,
2018,1006,1006,4228.517376,,-Inf,
2019,1006,1006,4141.09056,,-Inf,
2019,1006,1006,4141.09056,,-Inf,
2019,1006,1006,4141.09056,,-Inf,
2019,1006,1006,4141.09056,,-Inf,
2019,1006,1006,4141.09056,,-Inf,
2019,1006,1006,4141.09056,,-Inf,
2019,1006,1006,4141.09056,,-Inf,
2019,1006,1006,4141.09056,,-Inf,
2019,1006,1006,4141.09056,,-Inf,
2019,1006,1006,4141.09056,,-Inf,
2019,1006,1006,4141.09056,,-Inf,
2019,1006,1006,4141.09056,,-Inf,
2019,1006,1006,4141.09056,,-Inf,
2019,1006,1006,4141.09056,,-Inf,
2019,1006,1006,4141.09056,,-Inf,
2019,1006,1006,4141.09056,,-Inf,
2019,1006,1006,4141.09056,,-Inf,
2019,1006,1006,4141.09056,,-Inf,
2019,1006,1006,4141.09056,,-Inf,
2019,1006,1006,4141.09056,,-Inf,
2019,1006,1006,4141.09056,,-Inf,
2019,1006,1006,4141.09056,,-Inf,
2019,1006,1006,4141.09056,,-Inf,
2019,1006,1006,4141.09056,,-Inf,
2019,1006,1006,4141.09056,,-Inf,
2019,1006,1006,4141.09056,,-Inf,
2019,1006,1006,4141.09056,,-Inf,
2019,1006,1006,4141.09056,,-Inf,
2019,1006,1006,4141.09056,,-Inf,
2019,1006,1006,4141.09056,,-Inf,
2019,1006,1006,4141.09056,,-Inf,
2019,1006,1006,4141.09056,,-Inf,
2019,1006,1006,4141.09056,,-Inf,
2019,1006,1006,4141.09056,,-Inf,
2019,1006,1006,4141.09056,,-Inf,
2019,1006,1006,4141.09056,,-Inf,
2019,1006,1006,4141.09056,,-Inf,
2019,1006,1006,4141.09056,,-Inf,
2019,1006,1006,4141.09056,,-Inf,
2019,1006,1006,4141.09056,,-Inf,
2019,1006,1006,4141.09056,,-Inf,
2019,1006,1006,4141.09056,,-Inf,
2019,1006,1006,4141.09056,,-Inf,
2019,1006,1006,4141.09056,,-Inf,
2019,1006,1006,4141.09056,,-Inf,
2019,1006,1006,4141.09056,,-Inf,
2019,1006,1006,4141.09056,,-Inf,
2019,1006,1006,4141.09056,,-Inf,
2019,1006,1006,4141.09056,,-Inf,
2019,1006,1006,4141.09056,,-Inf,
2019,1006,1006,4141.09056,,-Inf,
2019,1006,1006,4141.09056,,-Inf,
2019,1006,1006,4141.09056,,-Inf,
2019,1006,1006,4141.09056,,-Inf,
2019,1006,1006,4141.09056,,-Inf,
2019,1006,1006,4141.09056,,-Inf,
2019,1006,1006,4141.09056,,-Inf,
2019,1006,1006,4141.09056,,-Inf,
2019,1006,1006,4141.09056,,-Inf,
2019,1006,1006,4141.09056,,-Inf,
2019,1006,1006,4141.09056,,-Inf,
2019,1006,1006,4141.09056,,-Inf,
2019,1006,1006,4141.09056,,-Inf,
2019,1006,1006,4141.09056,,-Inf,
2019,1006,1006,4141.09056,,-Inf,
2019,1006,1006,4141.09056,,-Inf,
2019,1006,1006,4141.09056,,-Inf,
2019,1006,1006,4141.09056,,-Inf,
2019,1006,1006,4141.09056,,-Inf,
2019,1006,1006,4141.09056,,-Inf,
2019,1006,1006,4141.09056,,-Inf,
2019,1006,1006,4141.09056,,-Inf,
2019,1006,1006,4141.09056,,-Inf,
2019,1006,1006,4141.09056,,-Inf,
2019,1006,1006,4141.09056,,-Inf,
2019,1006,1006,4141.09056,,-Inf,
2019,1006,1006,4141.09056,,-Inf,
2019,1006,1006,4141.09056,,-Inf,
2019,1006,1006,4141.09056,,-Inf,
2019,1006,1006,4141.09056,,-Inf,
2019,1006,1006,4141.09056,,-Inf,
2019,1006,1006,4141.09056,,-Inf,
2019,1006,1006,4141.09056,,-Inf,
2019,1006,1006,4141.09056,,-Inf,
2020,1006,1006,4074.102272,,-Inf,
2020,1006,1006,4074.102272,,-Inf,
2020,1006,1006,4074.102272,,-Inf,
2020,1006,1006,4074.102272,,-Inf,
2020,1006,1006,4074.102272,,-Inf,
2020,1006,1006,4074.102272,,-Inf,
2020,1006,1006,4074.102272,,-Inf,
2020,1006,1006,4074.102272,,-Inf,
2020,1006,1006,4074.102272,,-Inf,
2020,1006,1006,4074.102272,,-Inf,
2020,1006,1006,4074.102272,,-Inf,
2020,1006,1006,4074.102272,,-Inf,
2020,1006,1006,4074.102272,,-Inf,
2020,1006,1006,4074.102272,,-Inf,
2020,1006,1006,4074.102272,,-Inf,
2020,1006,1006,4074.102272,,-Inf,
2020,1006,1006,4074.102272,,-Inf,
2020,1006,1006,4074.102272,,-Inf,
2020,1006,1006,4074.102272,,-Inf,
2020,1006,1006,4074.102272,,-Inf,
2020,1006,1006,4074.102272,,-Inf,
2020,1006,1006,4074.102272,,-Inf,
2020,1006,1006,4074.102272,,-Inf,
2020,1006,1006,4074.102272,,-Inf,
2020,1006,1006,4074.102272,,-Inf,
2020,1006,1006,4074.102272,,-Inf,
2020,1006,1006,4074.102272,,-Inf,
2020,1006,1006,4074.102272,,-Inf,
2020,1006,1006,4074.102272,,-Inf,
2020,1006,1006,4074.102272,,-Inf,
2020,1006,1006,4074.102272,,-Inf,
2020,1006,1006,4074.102272,,-Inf,
2020,1006,1006,4074.102272,,-Inf,
2020,1006,1006,4074.102272,,-Inf,
2020,1006,1006,4074.102272,,-Inf,
2020,1006,1006,4074.102272,,-Inf,
2020,1006,1006,4074.102272,,-Inf,
2020,1006,1006,4074.102272,,-Inf,
2020,1006,1006,4074.102272,,-Inf,
2020,1006,1006,4074.102272,,-Inf,
2020,1006,1006,4074.102272,,-Inf,
2020,1006,1006,4074.102272,,-Inf,
2020,1006,1006,4074.102272,,-Inf,
2020,1006,1006,4074.102272,,-Inf,
2020,1006,1006,4074.102272,,-Inf,
2020,1006,1006,4074.102272,,-Inf,
2020,1006,1006,4074.102272,,-Inf,
2020,1006,1006,4074.102272,,-Inf,
2020,1006,1006,4074.102272,,-Inf,
2020,1006,1006,4074.102272,,-Inf,
2020,1006,1006,4074.102272,,-Inf,
2020,1006,1006,4074.102272,,-Inf,
2020,1006,1006,4074.102272,,-Inf,
2020,1006,1006,4074.102272,,-Inf,
2020,1006,1006,4074.102272,,-Inf,
2020,1006,1006,4074.102272,,-Inf,
2020,1006,1006,4074.102272,,-Inf,
2020,1006,1006,4074.102272,,-Inf,
2020,1006,1006,4074.102272,,-Inf,
2020,1006,1006,4074.102272,,-Inf,
2020,1006,1006,4074.102272,,-Inf,
2020,1006,1006,4074.102272,,-Inf,
2020,1006,1006,4074.102272,,-Inf,
2020,1006,1006,4074.102272,,-Inf,
2020,1006,1006,4074.102272,,-Inf,
2020,1006,1006,4074.102272,,-Inf,
2020,1006,1006,4074.102272,,-Inf,
2020,1006,1006,4074.102272,,-Inf,
2020,1006,1006,4074.102272,,-Inf,
2020,1006,1006,4074.102272,,-Inf,
2020,1006,1006,4074.102272,,-Inf,
2020,1006,1006,4074.102272,,-Inf,
2020,1006,1006,4074.102272,,-Inf,
2020,1006,1006,4074.102272,,-Inf,
2020,1006,1006,4074.102272,,-Inf,
2020,1006,1006,4074.102272,,-Inf,
2020,1006,1006,4074.102272,,-Inf,
2020,1006,1006,4074.102272,,-Inf,
2020,1006,1006,4074.102272,,-Inf,
2020,1006,1006,4074.102272,,-Inf,
2020,1006,1006,4074.102272,,-Inf,
2020,1006,1006,4074.102272,,-Inf,
2020,1006,1006,4074.102272,,-Inf,
2020,1006,1006,4074.102272,,-Inf,
2021,1006,1006,4007.113984,63155875.42554533,-Inf,-Inf
2021,1006,1006,4007.113984,63155875.42554533,-Inf,-Inf
2021,1006,1006,4007.113984,63155875.42554533,-Inf,-Inf
2021,1006,1006,4007.113984,63155875.42554533,-Inf,-Inf
2021,1006,1006,4007.113984,63155875.42554533,-Inf,-Inf
2021,1006,1006,4007.113984,63155875.42554533,-Inf,-Inf
2021,1006,1006,4007.113984,63155875.42554533,-Inf,-Inf
2021,1006,1006,4007.113984,63155875.42554533,-Inf,-Inf
2021,1006,1006,4007.113984,63155875.42554533,-Inf,-Inf
2021,1006,1006,4007.113984,63155875.42554533,-Inf,-Inf
2021,1006,1006,4007.113984,63155875.42554533,-Inf,-Inf
2021,1006,1006,4007.113984,63155875.42554533,-Inf,-Inf
2021,1006,1006,4007.113984,63155875.42554533,-Inf,-Inf
2021,1006,1006,4007.113984,63155875.42554533,-Inf,-Inf
2021,1006,1006,4007.113984,63155875.42554533,-Inf,-Inf
2021,1006,1006,4007.113984,63155875.42554533,-Inf,-Inf
2021,1006,1006,4007.113984,63155875.42554533,-Inf,-Inf
2021,1006,1006,4007.113984,63155875.42554533,-Inf,-Inf
2021,1006,1006,4007.113984,63155875.42554533,-Inf,-Inf
2021,1006,1006,4007.113984,63155875.42554533,-Inf,-Inf
2021,1006,1006,4007.113984,63155875.42554533,-Inf,-Inf
2021,1006,1006,4007.113984,63155875.42554533,-Inf,-Inf
2021,1006,1006,4007.113984,63155875.42554533,-Inf,-Inf
2021,1006,1006,4007.113984,63155875.42554533,-Inf,-Inf
2021,1006,1006,4007.113984,63155875.42554533,-Inf,-Inf
2021,1006,1006,4007.113984,63155875.42554533,-Inf,-Inf
2021,1006,1006,4007.113984,63155875.42554533,-Inf,-Inf
2021,1006,1006,4007.113984,63155875.42554533,-Inf,-Inf
2021,1006,1006,4007.113984,63155875.42554533,-Inf,-Inf
2021,1006,1006,4007.113984,63155875.42554533,-Inf,-Inf
2021,1006,1006,4007.113984,63155875.42554533,-Inf,-Inf
2021,1006,1006,4007.113984,63155875.42554533,-Inf,-Inf
2021,1006,1006,4007.113984,63155875.42554533,-Inf,-Inf
2021,1006,1006,4007.113984,63155875.42554533,-Inf,-Inf
2021,1006,1006,4007.113984,63155875.42554533,-Inf,-Inf
2021,1006,1006,4007.113984,63155875.42554533,-Inf,-Inf
2021,1006,1006,4007.113984,63155875.42554533,-Inf,-Inf
2021,1006,1006,4007.113984,63155875.42554533,-Inf,-Inf
2021,1006,1006,4007.113984,63155875.42554533,-Inf,-Inf
2021,1006,1006,4007.113984,63155875.42554533,-Inf,-Inf
2021,1006,1006,4007.113984,63155875.42554533,-Inf,-Inf
2021,1006,1006,4007.113984,63155875.42554533,-Inf,-Inf
2021,1006,1006,4007.113984,63155875.42554533,-Inf,-Inf
2021,1006,1006,4007.113984,63155875.42554533,-Inf,-Inf
2021,1006,1006,4007.113984,63155875.42554533,-Inf,-Inf
2021,1006,1006,4007.113984,63155875.42554533,-Inf,-Inf
2021,1006,1006,4007.113984,63155875.42554533,-Inf,-Inf
2021,1006,1006,4007.113984,63155875.42554533,-Inf,-Inf
2021,1006,1006,4007.113984,63155875.42554533,-Inf,-Inf
2021,1006,1006,4007.113984,63155875.42554533,-Inf,-Inf
2021,1006,1006,4007.113984,63155875.42554533,-Inf,-Inf
2021,1006,1006,4007.113984,63155875.42554533,-Inf,-Inf
2021,1006,1006,4007.113984,63155875.42554533,-Inf,-Inf
2021,1006,1006,4007.113984,63155875.42554533,-Inf,-Inf
2021,1006,1006,4007.113984,63155875.42554533,-Inf,-Inf
2021,1006,1006,4007.113984,63155875.42554533,-Inf,-Inf
2021,1006,1006,4007.113984,63155875.42554533,-Inf,-Inf
2021,1006,1006,4007.113984,63155875.42554533,-Inf,-Inf
2021,1006,1006,4007.113984,63155875.42554533,-Inf,-Inf
2021,1006,1006,4007.113984,63155875.42554533,-Inf,-Inf
2021,1006,1006,4007.113984,63155875.42554533,-Inf,-Inf
2021,1006,1006,4007.113984,63155875.42554533,-Inf,-Inf
2021,1006,1006,4007.113984,63155875.42554533,-Inf,-Inf
2021,1006,1006,4007.113984,63155875.42554533,-Inf,-Inf
2021,1006,1006,4007.113984,63155875.42554533,-Inf,-Inf
2021,1006,1006,4007.113984,63155875.42554533,-Inf,-Inf
2021,1006,1006,4007.113984,63155875.42554533,-Inf,-Inf
2021,1006,1006,4007.113984,63155875.42554533,-Inf,-Inf
2021,1006,1006,4007.113984,63155875.42554533,-Inf,-Inf
2021,1006,1006,4007.113984,63155875.42554533,-Inf,-Inf
2021,1006,1006,4007.113984,63155875.42554533,-Inf,-Inf
2021,1006,1006,4007.113984,63155875.42554533,-Inf,-Inf
2021,1006,1006,4007.113984,63155875.42554533,-Inf,-Inf
2021,1006,1006,4007.113984,63155875.42554533,-Inf,-Inf
2021,1006,1006,4007.113984,63155875.42554533,-Inf,-Inf
2021,1006,1006,4007.113984,63155875.42554533,-Inf,-Inf
2021,1006,1006,4007.113984,63155875.42554533,-Inf,-Inf
2021,1006,1006,4007.113984,63155875.42554533,-Inf,-Inf
2021,1006,1006,4007.113984,63155875.42554533,-Inf,-Inf
2021,1006,1006,4007.113984,63155875.42554533,-Inf,-Inf
2021,1006,1006,4007.113984,63155875.42554533,-Inf,-Inf
2021,1006,1006,4007.113984,63155875.42554533,-Inf,-Inf
2021,1006,1006,4007.113984,63155875.42554533,-Inf,-Inf
2021,1006,1006,4007.113984,63155875.42554533,-Inf,-Inf
2017,1017,1006,5539.234816,,7.344941789032339,
2018,1017,1006,6192.787968,,7.582876255391588,
2019,1017,1006,6235.280384,,7.646922038706803,
2020,1017,1006,5805.131264,,7.456471303736125,
2021,1017,1006,5374.982144,63155875.42554533,7.221008719269191,16.215421796080726
2017,1012,1006,6979.79136,,8.002661166088851,
2018,1012,1006,7491.654144,,8.09044421051725,
2019,1012,1006,7314.96704,,8.062708984135023,
2020,1012,1006,6684.22912,,7.867154099902043,
2021,1012,1006,6053.4912,63155875.42554533,7.623826297064396,17.95997828413767
2017,122,1006,417113.997312,,12.931500908223281,
2018,122,1006,455198.015488,,13.01915498451698,
2019,122,1006,444669.984768,,12.99573131632295,
2020,122,1006,434877.005824,,12.973405964148807,
2021,122,1006,480688.013312,63155875.42554533,13.074602571852287,17.96026622440491
2017,124,1006,502586.998784,,13.119551645789237,
2018,124,1006,543546.015744,,13.198059727244337,
2019,124,1006,535890.00192,,13.18392668578253,
2020,124,1006,524790.9888,,13.162961769061086,
2021,124,1006,594499.9936,63155875.42554533,13.288712856318233,17.960304134185428
2017,128,1006,332121.014272,,12.701165529083797,
2018,128,1006,356840.996864,,12.773124941081935,
2019,128,1006,346498.99008,,12.743611958680546,
2020,128,1006,355223.011328,,12.768965654807458,
2021,128,1006,398303.002624,63155875.42554533,12.884856892826827,17.960039038264302
2017,132,1006,2595151.151104,,14.767616310630272,
2018,132,1006,2790956.990464,,14.840378875484616,
2019,132,1006,2728870.281216,,14.817879601565224,
2020,132,1006,2639008.628736,,14.784368892007146,
2021,132,1006,2957879.803904,63155875.42554533,14.898627643622733,17.960424913303537
2017,134,1006,3689547.03872,,15.119931994534365,
2018,134,1006,3976246.0672,,15.194784722522131,
2019,134,1006,3888655.106048,,15.17250844142068,
2020,134,1006,3886555.070464,,15.17198493204628,
2021,134,1006,4262767.099904,63155875.42554533,15.264488592755269,17.96030482447363
2017,135,1006,1528.620032,,,
2018,135,1006,1655.356032,,,
2019,135,1006,1616.341248,,,
2020,135,1006,1541.248768,,,
2021,135,1006,1701.831936,63155875.42554533,,
2017,136,1006,1961103.982592,,14.486981033470899,
2018,136,1006,2092881.01888,,14.552029679886793,
2019,136,1006,2011523.97312,,14.512342383156007,
2020,136,1006,1895691.976704,,14.452943039079173,
2021,136,1006,2115761.995776,63155875.42554533,14.563029857315259,17.960549527048542
2017,137,1006,65689.001984,,11.030008609749448,
2018,137,1006,71033.004032,,11.109525522778217,
2019,137,1006,69832.998912,,11.092731036339874,
2020,137,1006,73932.996608,,11.15423269138187,
2021,137,1006,85562.998784,63155875.42554533,11.309043767309506,17.958997549411553
2017,138,1006,833574.99392,,13.628679774595266,
2018,138,1006,914458.017792,,13.721452044955738,
2019,138,1006,910294.974464,,13.71696442038594,
2020,138,1006,909064.994816,,13.715680159144133,
2021,138,1006,1013520.007168,63155875.42554533,13.82497848850488,17.9602007271705
2017,142,1006,401744.986112,,12.893589244394649,
2018,142,1006,439788.99456,,12.984388934023729,
2019,142,1006,408742.985728,,12.910658887758197,
2020,142,1006,367633.006592,,12.803696610475278,
2021,142,1006,490293.00224,63155875.42554533,13.094551977373255,17.959679988570784
2017,144,1006,541019.01312,,13.193805742950238,
2018,144,1006,555455.021056,,13.219901081125027,
2019,144,1006,533880.0128,,13.18013956461412,
2020,144,1006,547053.993984,,13.204827566392439,
2021,144,1006,636855.975936,63155875.42554533,13.357986907928703,17.960147841131285
2017,146,1006,695257.98912,,13.44628156805668,
2018,146,1006,725765.98016,,13.489139579318634,
2019,146,1006,721823.98976,,13.48378310590843,
2020,146,1006,739021.029376,,13.507553567566081,
2021,146,1006,799712.018432,63155875.42554533,13.586983673036464,17.95966049053829
2017,9006,1006,6474.313216,,,
2018,9006,1006,6692.558848,,,
2019,9006,1006,6427.83488,,,
2020,9006,1006,6114.180608,,,
2021,9006,1006,6607.750656,63155875.42554533,,
2017,156,1006,1649265.999872,,14.313418168252046,
2018,156,1006,1725299.949568,,14.358457580544984,
2019,156,1006,1743725.002752,,14.369156511670216,
2020,156,1006,1647597.9776,,14.312353199104715,
2021,156,1006,2001487.003648,63155875.42554533,14.507396888819196,17.960287485096053
2017,158,1006,4930836.8896,,15.410209584617068,
2018,158,1006,5040880.746496,,15.432252179088286,
2019,158,1006,5117995.122688,,15.447463891627324,
2020,158,1006,5048790.155264,,15.43385192733001,
2021,158,1006,5005536.919552,63155875.42554533,15.425254384715418,17.960485626352618
2017,1001,1006,3000.162048,,,
2018,1001,1006,3218.419968,,,
2019,1001,1006,3155.149312,,,
2020,1001,1006,2891.001088,,,
2021,1001,1006,3325.145344,63155875.42554533,,
2017,172,1006,255557.992448,,12.435465041936727,
2018,172,1006,275832.99584,,12.512102163720717,
2019,172,1006,268544.999424,,12.485233170753565,
2020,172,1006,271668.002816,,12.497225813792586,
2021,172,1006,296585.003008,63155875.42554533,12.586486197467426,17.960268570119254
2017,174,1006,199772.995584,,12.184757613686589,
2018,174,1006,212145.995776,,12.244896541500392,
2019,174,1006,205279.002624,,12.211746081433507,
2020,174,1006,188774.006784,,12.126487649197484,
2021,174,1006,215016.996864,63155875.42554533,12.259660249655164,17.960796451157723
2017,176,1006,24728.285184,,9.939693880839155,
2018,176,1006,26260.850688,,10.000266349394305,
2019,176,1006,24663.642112,,9.929279636193929,
2020,176,1006,21553.08032,,9.768754183427209,
2021,176,1006,25552.64,63155875.42554533,9.977923464511708,17.960029744868084
2017,178,1006,336258.99008,,12.713697452431008,
2018,178,1006,385910.996992,,12.852344336752411,
2019,178,1006,399365.996544,,12.887210264084672,
2020,178,1006,425510.99392,,12.951425321959361,
2021,178,1006,504517.001216,63155875.42554533,13.123382632251582,17.95952802014408
2017,181,1006,13479.999488,,9.157900052006234,
2018,181,1006,15304.999936,,9.312579451416909,
2019,181,1006,15882.999808,,9.37091970775761,
2020,181,1006,15034.000384,,9.30199826410843,
2021,181,1006,17755.000832,63155875.42554533,9.528640407502337,17.960574133922915
2017,182,1006,221279.993856,,12.288984021738342,
2018,182,1006,242423.005184,,12.38084279461123,
2019,182,1006,240013.000704,,12.371044183036561,
2020,182,1006,228848.992256,,12.322854691403405,
2021,182,1006,254151.999488,63155875.42554533,12.429795570990764,17.960726617992268
2017,1003,1006,6431.276544,,,
2018,1003,1006,7194.255872,,,
2019,1003,1006,7384.013312,,,
2020,1003,1006,6737.5744,,,
2021,1003,1006,8596.365312,63155875.42554533,,
2017,184,1006,1312782.024704,,14.084614471213547,
2018,184,1006,1422346.944512,,14.164841499608015,
2019,184,1006,1394473.959424,,14.14505375044043,
2020,184,1006,1275940.962304,,14.055996347617777,
2021,184,1006,1428329.988096,63155875.42554533,14.169207082691212,17.960639356631752
2017,186,1006,858931.986432,,13.658787852502387,
2018,186,1006,779693.981696,,13.561218727170596,
2019,186,1006,759449.976832,,13.534882065454095,
2020,186,1006,720110.026752,,13.481485618538866,
2021,186,1006,817507.991552,63155875.42554533,13.60910228439664,17.960963740754785
2017,139,1006,,,,
2018,139,1006,,,,
2019,139,1006,,,,
2020,139,1006,,,,
2021,139,1006,,63155875.42554533,,
2017,193,1006,1381624.05376,,14.135877485954689,
2018,193,1006,1417030.008832,,14.161085164505115,
2019,193,1006,1385258.02496,,14.138403102521512,
2020,193,1006,1360687.005696,,14.120501639039624,
2021,193,1006,1646390.935552,63155875.42554533,14.311659294156124,17.960101109721222
2017,196,1006,206556.266496,,12.2188179603977,
2018,196,1006,211886.686208,,12.243648587712045,
2019,196,1006,213091.991552,,12.24985457986485,
2020,196,1006,212569.78432,,12.247673610404629,
2021,196,1006,255551.700992,63155875.42554533,12.435375537134966,17.960326225025053
2017,199,1006,381316.988928,,12.84086507648347,
2018,199,1006,403991.003136,,12.898625864129633,
2019,199,1006,388445.995008,,12.859191538501166,
2020,199,1006,337520.984064,,12.717238856665702,
2021,199,1006,418906.996736,63155875.42554533,12.935792523727523,17.961004755748405
2017,213,1006,643628.40064,,13.368656905276675,
2018,213,1006,524819.890176,,13.162720699757193,
2019,213,1006,447754.698752,,13.002709210705591,
2020,213,1006,385540.390912,,12.851777760507318,
2021,213,1006,487227.129856,63155875.42554533,13.088227348320968,17.96094801690268
2017,218,1006,37508.640768,,,
2018,218,1006,40287.649792,,,
2019,218,1006,40895.32416,,,
2020,218,1006,36629.843968,,,
2021,218,1006,40408.20736,63155875.42554533,,
2017,223,1006,2063519.055872,,14.537987468845358,
2018,223,1006,1916934.029312,,14.464029296131152,
2019,223,1006,1873286.004736,,14.440991619106658,
2020,223,1006,1476091.969536,,14.202144716284248,
2021,223,1006,1648698.9824,63155875.42554533,14.313063610603319,17.96099463281001
2017,228,1006,276356.988928,,12.51490239229669,
2018,228,1006,295427.997696,,12.581763810687692,
2019,228,1006,278354.00192,,12.521660132383248,
2020,228,1006,254275.9936,,12.430023436250965,
2021,228,1006,316667.00288,63155875.42554533,12.652871261780392,17.960859187637137
2017,233,1006,311889.985536,,12.637527396435072,
2018,233,1006,334123.99104,,12.706531136795176,
2019,233,1006,323054.993408,,12.67267644831001,
2020,233,1006,270150.991872,,12.49154060464105,
2021,233,1006,318512.00512,63155875.42554533,12.658754907103448,17.96101854079056
2017,238,1006,60516.999168,,10.94245791984617,
2018,238,1006,62421.999616,,10.971528638444855,
2019,238,1006,64412.000256,,11.006604840041629,
2020,238,1006,62381.99808,,10.9734927972677,
2021,238,1006,64610.000896,63155875.42554533,11.012097809734595,17.960917928931078
2017,243,1006,79998.042112,,,
2018,243,1006,85555.388416,,,
2019,243,1006,88941.371392,,,
2020,243,1006,78844.657664,,,
2021,243,1006,94243.4304,63155875.42554533,,
2017,248,1006,104295.858176,,,
2018,248,1006,107562.008576,,,
2019,248,1006,108108.005376,,,
2020,248,1006,99291.127808,,,
2021,248,1006,106165.8624,63155875.42554533,,
2017,253,1006,24979.18976,,9.95172040791405,
2018,253,1006,26020.849664,,9.98931345699745,
2019,253,1006,26881.140736,,10.031882973810449,
2020,253,1006,24930.080768,,9.945395924542611,
2021,253,1006,29451.239424,63155875.42554533,10.144240167828988,17.961042584952388
2017,258,1006,71653.752832,,,
2018,258,1006,73328.369664,,,
2019,258,1006,77172.310016,,,
2020,258,1006,77715.185664,,,
2021,258,1006,86053.076992,63155875.42554533,,
2017,263,1006,15093.357568,,,
2018,263,1006,16403.864576,,,
2019,263,1006,15016.090624,,,
2020,263,1006,14508.222464,,,
2021,263,1006,20877.4144,63155875.42554533,,
2017,268,1006,23136.247808,,9.859815553943056,
2018,268,1006,24067.749888,,9.895416696219655,
2019,268,1006,25089.937408,,9.949838880780467,
2020,268,1006,23827.859456,,9.89109898940103,
2021,268,1006,28488.720384,63155875.42554533,10.105677355388337,17.961072553661005
2017,273,1006,1158912.016384,,,
2018,273,1006,1222406.045696,,,
2019,273,1006,1269010.006016,,,
2020,273,1006,1090514.976768,,,
2021,273,1006,1272839.012352,63155875.42554533,,
2017,278,1006,13785.890816,,,
2018,278,1006,13025.266688,,,
2019,278,1006,12699.02848,,,
2020,278,1006,12678.162432,,,
2021,278,1006,14145.852416,63155875.42554533,,
2017,283,1006,62202.699776,,10.971843530522897,
2018,283,1006,67294.171136,,11.051931585914879,
2019,283,1006,69721.78432,,11.091036629177694,
2020,283,1006,57086.836736,,10.878287436579008,
2021,283,1006,67406.737408,63155875.42554533,11.057213200723135,17.960871124951176
2017,288,1006,38997.131264,,,
2018,288,1006,40225.447936,,,
2019,288,1006,37925.339136,,,
2020,288,1006,35432.177664,,,
2021,288,1006,39950.901248,63155875.42554533,,
2017,293,1006,211007.946752,,12.240556468698236,
2018,293,1006,222597.03808,,12.293939376493604,
2019,293,1006,228325.851136,,12.320225814856798,
2020,293,1006,201947.611136,,12.195383261407605,
2021,293,1006,223717.7856,63155875.42554533,12.3000668307752,17.961011371245693
2017,298,1006,65006.047232,,11.018877591764946,
2018,298,1006,65203.073024,,11.018211935611893,
2019,298,1006,62048.58368,,10.966602070040903,
2020,298,1006,53666.910208,,10.811601100908993,
2021,298,1006,61412.27008,63155875.42554533,10.95788940572986,17.96083259567829
2017,299,1006,143841.247232,,11.848328253135245,
2018,299,1006,98399.715328,,11.452869659587048,
2019,299,1006,63960.035328,,10.999077691907988,
2020,299,1006,47255.416832,,10.673163147329344,
2021,299,1006,46500.999168,63155875.42554533,10.657115466537544,17.961090331618113
2017,3002,1006,1560,,,
2018,3002,1006,1300.999936,,,
2019,3002,1006,1180.999936,,,
2020,3002,1006,858,,,
2021,3002,1006,535.000064,63155875.42554533,,
2017,311,1006,1467.955584,,,
2018,311,1006,1604.770432,,,
2019,311,1006,1675.403648,,,
2020,311,1006,1416.34816,,,
2021,311,1006,1560.518528,63155875.42554533,,
2017,312,1006,281.055168,,,
2018,312,1006,322.455136,,,
2019,312,1006,376.729472,,,
2020,312,1006,258.440576,,,
2021,312,1006,302.714688,63155875.42554533,,
2017,313,1006,12253.500416,,9.019495849516918,
2018,313,1006,12653.599744,,9.038968531789981,
2019,313,1006,13058.700288,,9.095783221951288,
2020,313,1006,9754.600448,,8.644794214911412,
2021,313,1006,11527.600128,63155875.42554533,8.92538606166288,17.96066887032841
2017,314,1006,3092.17664,,6.800964122668038,
2018,314,1006,3202.233088,,6.933700071170745,
2019,314,1006,3368.96896,,6.64914205057428,
2020,314,1006,2610.039552,,7.28897053513364,
2021,314,1006,3126.019584,63155875.42554533,6.7811647711607375,17.960651735529378
2017,316,1006,4981.588992,,6.89841076266628,
2018,316,1006,5097.283072,,6.76707346405392,
2019,316,1006,5324.250112,,7.07594372555195,
2020,316,1006,4671.799808,,6.393084833352244,
2021,316,1006,4843.800064,63155875.42554533,6.729448946375781,17.960843659221773
2017,319,1006,7142.316032,,8.055610343026565,
2018,319,1006,7225.976832,,8.00552036087191,
2019,319,1006,7423.46496,,8.096322341926225,
2020,319,1006,6887.147008,,7.9420227116694795,
2021,319,1006,7127.199744,63155875.42554533,8.04561576760525,17.95934791082785
2017,321,1006,521.55184,,,
2018,321,1006,554.770368,,,
2019,321,1006,611.537024,,,
2020,321,1006,504.214816,,,
2021,321,1006,555.266688,63155875.42554533,,
2017,323,1006,,,,
2018,323,1006,,,,
2019,323,1006,,,,
2020,323,1006,,,,
2021,323,1006,,63155875.42554533,,
2017,326,1006,2851.614208,,,
2018,326,1006,3055.78112,,,
2019,326,1006,2994.313984,,,
2020,326,1006,3075.989504,,,
2021,326,1006,3272.512512,63155875.42554533,,
2017,328,1006,1125.685248,,,
2018,328,1006,1166.514816,,,
2019,328,1006,1213.485184,,,
2020,328,1006,1043.411136,,,
2021,328,1006,1122.8,63155875.42554533,,
2017,329,1006,,,,
2018,329,1006,,,,
2019,329,1006,,,,
2020,329,1006,,,,
2021,329,1006,,63155875.42554533,,
2017,333,1006,,,,
2018,333,1006,,,,
2019,333,1006,,,,
2020,333,1006,,,,
2021,333,1006,,63155875.42554533,,
2017,336,1006,4748.174336,,,
2018,336,1006,4787.637248,,,
2019,336,1006,5173.76,,,
2020,336,1006,5471.256576,,,
2021,336,1006,8044.498944,63155875.42554533,,
2017,339,1006,2286.000128,,,
2018,339,1006,2315.000064,,,
2019,339,1006,2416.499968,,,
2020,339,1006,2080,,,
2021,339,1006,2491.500032,63155875.42554533,,
2017,343,1006,14808.984576,,,
2018,343,1006,15730.791424,,,
2019,343,1006,15830.766592,,,
2020,343,1006,13812.421632,,,
2021,343,1006,14657.586176,63155875.42554533,,
2017,349,1006,,,,
2018,349,1006,,,,
2019,349,1006,,,,
2020,349,1006,,,,
2021,349,1006,,63155875.42554533,,
2017,351,1006,59.666632,,,
2018,351,1006,62.855584,,,
2019,351,1006,65.351864,,,
2020,351,1006,67.803704,,,
2021,351,1006,71.552856,63155875.42554533,,
2017,353,1006,,,,
2018,353,1006,,,,
2019,353,1006,,,,
2020,353,1006,,,,
2021,353,1006,,63155875.42554533,,
2017,355,1006,4298.826752,,5.729894463195612,
2018,355,1006,4310.897024,,4.411338416117039,
2019,355,1006,4371.001344,,5.437691338020045,
2020,355,1006,3627.85088,,6.100882452416715,
2021,355,1006,3853.455232,63155875.42554533,5.034734247579097,17.960803839993886
2017,357,1006,,,,
2018,357,1006,,,,
2019,357,1006,,,,
2020,357,1006,,,,
2021,357,1006,,63155875.42554533,,
2017,1103,1006,103445.504,,,
2018,1103,1006,100958.101504,,,
2019,1103,1006,105126.395904,,,
2020,1103,1006,103130.898432,,,
2021,1103,1006,106368.90112,63155875.42554533,,
2017,361,1006,1058.944448,,,
2018,361,1006,1076.92224,,,
2019,361,1006,1107.84448,,,
2020,361,1006,884.52224,,,
2021,361,1006,860.844416,63155875.42554533,,
2017,362,1006,1996.703744,,,
2018,362,1006,2057.074048,,,
2019,362,1006,2094.185216,,,
2020,362,1006,1516,,,
2021,362,1006,1691.259264,63155875.42554533,,
2017,363,1006,,,,
2018,363,1006,,,,
2019,363,1006,,,,
2020,363,1006,,,,
2021,363,1006,,63155875.42554533,,
2017,364,1006,844.03904,,,
2018,364,1006,884.328192,,,
2019,364,1006,910.765696,,,
2020,364,1006,869.111872,,,
2021,364,1006,872.226048,63155875.42554533,,
2017,366,1006,3591.679488,,,
2018,366,1006,3996.198656,,,
2019,366,1006,4016.040448,,,
2020,366,1006,2911.807488,,,
2021,366,1006,2984.706304,63155875.42554533,,
2017,369,1006,23797.686272,,,
2018,369,1006,24322.359296,,,
2019,369,1006,23849.558016,,,
2020,369,1006,21059.428352,,,
2021,369,1006,24460.19584,63155875.42554533,,
2017,1200,1006,1306.77184,,,
2018,1200,1006,1381.872384,,,
2019,1200,1006,1438.845184,,,
2020,1200,1006,1492.1184,,,
2021,1200,1006,1538.793472,63155875.42554533,,
2017,1201,1006,3793.999104,,,
2018,1201,1006,3921.996288,,,
2019,1201,1006,4116.995584,,,
2020,1201,1006,4203.99744,,,
2021,1201,1006,4292.8384,63155875.42554533,,
2017,374,1006,,,,
2018,374,1006,,,,
2019,374,1006,,,,
2020,374,1006,,,,
2021,374,1006,,63155875.42554533,,
2017,377,1006,5166.2848,,7.069359383755348,
2018,377,1006,5530.174976,,7.171393808152481,
2019,377,1006,5943.374848,,7.496810188211218,
2020,377,1006,5608.782848,,7.336077544555701,
2021,377,1006,5898.236928,63155875.42554533,7.5449260818808535,17.95974483484262
2017,381,1006,1022.3648,,,
2018,381,1006,1113.179648,,,
2019,381,1006,1197.41504,,,
2020,381,1006,924.583168,,,
2021,381,1006,943.270464,63155875.42554533,,
2017,419,1006,35473.77664,,10.357199396421354,
2018,419,1006,37802.00448,,10.421491960182601,
2019,419,1006,38653.31712,,10.449068933280547,
2020,419,1006,34621.80864,,10.327044883810709,
2021,419,1006,39303.405568,63155875.42554533,10.47153318312518,17.96069105307287
2017,423,1006,22937.99936,,9.84940665935017,
2018,423,1006,25609.00096,,9.970233802845225,
2019,423,1006,25948.000256,,9.989982157088546,
2020,423,1006,24988.000256,,9.94816919226579,
2021,423,1006,28426.999808,63155875.42554533,10.10315307214189,17.960754607255222
2017,429,1006,486828.998656,,,
2018,429,1006,246318.006272,,,
2019,429,1006,241658.003456,,,
2020,429,1006,195527.999488,,,
2021,429,1006,289293.991936,63155875.42554533,,
2017,433,1006,187217.657856,,,
2018,433,1006,227367.469056,,,
2019,433,1006,233636.102144,,,
2020,433,1006,180924.08832,,,
2021,433,1006,207691.595776,63155875.42554533,,
2017,436,1006,358245.433344,,12.777770982763556,
2018,436,1006,376691.523584,,12.82789299967668,
2019,436,1006,402470.5024,,12.89503460987804,
2020,436,1006,413267.656704,,12.921943561303097,
2021,436,1006,488526.544896,63155875.42554533,13.090912814590299,17.96029003757542
2017,439,1006,41608.43776,,,
2018,439,1006,43370.860544,,,
2019,439,1006,44503.007232,,,
2020,439,1006,43579.916288,,,
2021,439,1006,45116.317696,63155875.42554533,,
2017,443,1006,120687.632384,,11.66733390357484,
2018,443,1006,138202.3168,,11.805399533128647,
2019,443,1006,136191.75424,,11.790940943687657,
2020,443,1006,105948.766208,,11.531498551749992,
2021,443,1006,136797.421568,63155875.42554533,11.79652652830069,17.960606671645863
2017,446,1006,53027.643392,,10.800325365482204,
2018,446,1006,54901.592064,,10.833149977268391,
2019,446,1006,53556.40832,,10.808015731225712,
2020,446,1006,77581.828096,,11.205145792928619,
2021,446,1006,180375.584768,63155875.42554533,12.080330669527303,17.96060563239572
2017,449,1006,80856.694784,,,
2018,449,1006,91505.852416,,,
2019,449,1006,88060.854272,,,
2020,449,1006,75909.398528,,,
2021,449,1006,88191.975424,63155875.42554533,,
2017,453,1006,161099.12064,,,
2018,453,1006,183334.961152,,,
2019,453,1006,176371.269632,,,
2020,453,1006,144411.36128,,,
2021,453,1006,179677.134848,63155875.42554533,,
2017,456,1006,714994.024448,,13.474432117304493,
2018,456,1006,846584.020992,,13.643957417438166,
2019,456,1006,838564.970496,,13.634496801549684,
2020,456,1006,734270.980096,,13.501069472412555,
2021,456,1006,868586.029056,63155875.42554533,13.66999786400181,17.96073381210254
2017,463,1006,52070.03136,,,
2018,463,1006,24870.469632,,,
2019,463,1006,30222.477312,,,
2020,463,1006,44984.795136,,,
2021,463,1006,34290.30912,63155875.42554533,,
2017,466,1006,390516.801536,,,
2018,466,1006,427049.418752,,,
2019,466,1006,417989.722112,,,
2020,466,1006,349473.01376,,,
2021,466,1006,415021.596672,63155875.42554533,,
2017,469,1006,246825.992192,,12.400137900238473,
2018,469,1006,263156.006912,,12.4643033383032,
2019,469,1006,317894.00064,,12.656361044540494,
2020,469,1006,382525.014016,,12.843841651887535,
2021,469,1006,423300.005888,63155875.42554533,12.946324980723247,17.961055096801775
2017,474,1006,17551.55456,,,
2018,474,1006,26671.597568,,,
2019,474,1006,12980.212736,,,
2020,474,1006,9416.588288,,,
2021,474,1006,9946.82368,63155875.42554533,,
2017,487,1006,16128,,9.40402298157875,
2018,487,1006,16276.599808,,9.39666079198174,
2019,487,1006,17133.500416,,9.472120608701898,
2020,487,1006,15531.700224,,9.346408365506674,
2021,487,1006,18108.99968,63155875.42554533,9.554063804729187,17.961058193011684
2017,512,1006,18694.117376,,,
2018,512,1006,18289.969152,,,
2019,512,1006,18502.912,,,
2020,512,1006,19920.92672,,,
2021,512,1006,16377.78944,63155875.42554533,,
2017,513,1006,293754.994688,,,
2018,513,1006,321379.008512,,,
2019,513,1006,351237.996544,,,
2020,513,1006,373901.983744,,,
2021,513,1006,416265.0112,63155875.42554533,,
2017,514,1006,2450.366464,,,
2018,514,1006,2446.864896,,,
2019,514,1006,2535.653376,,,
2020,514,1006,2325.184256,,,
2021,514,1006,2539.550464,63155875.42554533,,
2017,516,1006,12128.182272,,,
2018,516,1006,13567.164416,,,
2019,516,1006,13469.24032,,,
2020,516,1006,12005.79584,,,
2021,516,1006,14006.49728,63155875.42554533,,
2017,518,1006,61449.392128,,,
2018,518,1006,67144.72448,,,
2019,518,1006,68697.759744,,,
2020,518,1006,78930.255872,,,
2021,518,1006,65124.769792,63155875.42554533,,
2017,522,1006,22177.200128,,,
2018,522,1006,24571.754496,,,
2019,522,1006,27089.389568,,,
2020,522,1006,25872.797696,,,
2021,522,1006,26961.061888,63155875.42554533,,
2017,524,1006,94376.239104,,,
2018,524,1006,94493.868032,,,
2019,524,1006,89014.976512,,,
2020,524,1006,84440.539136,,,
2021,524,1006,88496.5376,63155875.42554533,,
2017,528,1006,590732.98432,,,
2018,528,1006,609198.014464,,,
2019,528,1006,611396.026368,,,
2020,528,1006,673177.993216,,,
2021,528,1006,775740.981248,63155875.42554533,,
2017,532,1006,341273.280512,,12.728675812535997,
2018,532,1006,361731.063808,,12.786897763977546,
2019,532,1006,363074.551808,,12.79089230557887,
2020,532,1006,344943.16544,,12.739253703547377,
2021,532,1006,368911.384576,63155875.42554533,12.807390325814536,17.960328163280245
2017,534,1006,2651474.100224,,14.789120014696325,
2018,534,1006,2702930.08384,,14.808281313994808,
2019,534,1006,2835605.880832,,14.856304729449676,
2020,534,1006,2671596.01152,,14.796660475525627,
2021,534,1006,3150306.869248,63155875.42554533,14.961737639454892,17.96108100285952
2017,536,1006,1015487.987712,,13.826942066310487,
2018,536,1006,1042710.986752,,13.853271041439406,
2019,536,1006,1119452.004352,,13.924643770456134,
2020,536,1006,1062532.022272,,13.872323614397441,
2021,536,1006,1187731.996672,63155875.42554533,13.984176704831123,17.9610477410506
2017,537,1006,1595.724288,,,
2018,537,1006,1563.887872,,,
2019,537,1006,2028.551552,,,
2020,537,1006,2158.392576,,,
2021,537,1006,3621.2224,63155875.42554533,,
2017,542,1006,1623901.47072,,14.29788150860861,
2018,542,1006,1724845.654016,,14.358193584808268,
2019,542,1006,1651422.920704,,14.314637111791075,
2020,542,1006,1644312.788992,,14.31035232989329,
2021,542,1006,1810955.894784,63155875.42554533,14.407150224291623,17.96056213876914
2017,544,1006,17071.162368,,,
2018,544,1006,18141.650944,,,
2019,544,1006,18740.559872,,,
2020,544,1006,18981.799936,,,
2021,544,1006,18827.149312,63155875.42554533,,
2017,546,1006,50440.937472,,10.74613276658807,
2018,546,1006,55284.310016,,10.840674287087026,
2019,546,1006,55204.962304,,10.840832515261111,
2020,546,1006,25459.685376,,9.970472287252097,
2021,546,1006,30123.794432,63155875.42554533,10.170329486799389,17.960421515600483
2017,548,1006,319109.103616,,12.660703128778758,
2018,548,1006,358788.825088,,12.778633730970661,
2019,548,1006,365177.73312,,12.796734735100232,
2020,548,1006,337339.449344,,12.716694289709743,
2021,548,1006,372981.071872,63155875.42554533,12.818481345702876,17.960940523837422
2017,556,1006,4754.185728,,,
2018,556,1006,5300.950016,,,
2019,556,1006,5609.385472,,,
2020,556,1006,3746.329344,,,
2021,556,1006,5405.557248,63155875.42554533,,
2017,558,1006,28971.589632,,,
2018,558,1006,33111.525376,,,
2019,558,1006,34186.180608,,,
2020,558,1006,33433.659392,,,
2021,558,1006,36924.841984,63155875.42554533,,
2017,564,1006,339205.521408,,12.722526296470374,
2018,564,1006,356128.161792,,12.771101312840283,
2019,564,1006,320909.47584,,12.665926140003268,
2020,564,1006,300425.609216,,12.599301552217398,
2021,564,1006,348262.531072,63155875.42554533,12.749139152379946,17.961092611260966
2017,565,1006,285.425056,,,
2018,565,1006,283.4,,,
2019,565,1006,272.149888,,,
2020,565,1006,243.374976,,,
2021,565,1006,212.245472,63155875.42554533,,
2017,566,1006,328481.01376,,12.69001037945819,
2018,566,1006,346842.005504,,12.744358233997941,
2019,566,1006,376822.9888,,12.828480515036416,
2020,566,1006,361750.986752,,12.787385300514302,
2021,566,1006,394085.9904,63155875.42554533,12.87410424487713,17.961061646697694
2017,576,1006,343273.013248,,12.734587262275554,
2018,576,1006,376870.01088,,12.828372093010524,
2019,576,1006,376837.013504,,12.828518146164157,
2020,576,1006,348391.99744,,12.749320623485666,
2021,576,1006,423796.998144,63155875.42554533,12.947509589270334,17.959885235220817
2017,578,1006,456356.82304,,13.02224671768314,
2018,578,1006,506754.203648,,13.127402034568144,
2019,578,1006,543976.685568,,13.199019918496134,
2020,578,1006,500457.275392,,13.11510343391371,
2021,578,1006,505568.067584,63155875.42554533,13.12548042157071,17.961004634261343
2017,582,1006,277071.003648,,,
2018,582,1006,304469.999616,,,
2019,582,1006,331818.008576,,,
2020,582,1006,346309.984256,,,
2021,582,1006,369735.991296,63155875.42554533,,
2017,372,1006,,,,
2018,372,1006,,,,
2019,372,1006,,,,
2020,372,1006,,,,
2021,372,1006,,63155875.42554533,,
2017,611,1006,2762.581248,,,
2018,611,1006,2913.466624,,,
2019,611,1006,3088.85376,,,
2020,611,1006,3181.071104,,,
2021,611,1006,3372.287488,63155875.42554533,,
2017,612,1006,170096.984064,,,
2018,612,1006,174910.898176,,,
2019,612,1006,171760.287744,,,
2020,612,1006,145743.724544,,,
2021,612,1006,163472.228352,63155875.42554533,,
2017,614,1006,68972.773376,,,
2018,614,1006,77792.944128,,,
2019,614,1006,69309.11232,,,
2020,614,1006,50241.368064,,,
2021,614,1006,65685.434368,63155875.42554533,,
2017,616,1006,16105.156608,,,
2018,616,1006,17031.943168,,,
2019,616,1006,16725.90848,,,
2020,616,1006,14960.29184,,,
2021,616,1006,18737.065984,63155875.42554533,,
2017,618,1006,2723.587072,,,
2018,618,1006,2667.18208,,,
2019,618,1006,2576.518912,,,
2020,618,1006,2649.680384,,,
2021,618,1006,2775.798784,63155875.42554533,,
2017,622,1006,36098.547712,,,
2018,622,1006,39973.842944000004,,,
2019,622,1006,39670.976512,,,
2020,622,1006,40773.24288,,,
2021,622,1006,45338.284032,63155875.42554533,,
2017,624,1006,1996.741504,,,
2018,624,1006,2205.09952,,,
2019,624,1006,2266.752256,,,
2020,624,1006,1878.277248,,,
2021,624,1006,2091.741824,63155875.42554533,,
2017,626,1006,2072.349952,,,
2018,626,1006,2220.9792,,,
2019,626,1006,2221.301248,,,
2020,626,1006,2326.721024,,,
2021,626,1006,2516.498432,63155875.42554533,,
2017,628,1006,10000.39424,,,
2018,628,1006,11239.168,,,
2019,628,1006,11314.951168,,,
2020,628,1006,10715.396096,,,
2021,628,1006,11779.981312,63155875.42554533,,
2017,632,1006,1077.439744,,,
2018,632,1006,1188.79744,,,
2019,632,1006,1195.01952,,,
2020,632,1006,1225.039232,,,
2021,632,1006,1296.089472,63155875.42554533,,
2017,634,1006,11094.823936,,,
2018,634,1006,13670.038528,,,
2019,634,1006,12750.339072,,,
2020,634,1006,10483.150848,,,
2021,634,1006,13366.23104,63155875.42554533,,
2017,636,1006,38019.264512,,,
2018,636,1006,47568.211968,,,
2019,636,1006,51775.827968,,,
2020,636,1006,48716.96384,,,
2021,636,1006,55350.96832,63155875.42554533,,
2017,638,1006,12701.656064,,,
2018,638,1006,14262.408192,,,
2019,638,1006,14391.686144,,,
2020,638,1006,15651.545088,,,
2021,638,1006,17690.083328,63155875.42554533,,
2017,642,1006,12200.91392,,,
2018,642,1006,13097.012224,,,
2019,642,1006,11364.133888,,,
2020,642,1006,10099.158016,,,
2021,642,1006,12269.392896,63155875.42554533,,
2017,643,1006,1903.965056,,,
2018,643,1006,2005.659648,,,
2019,643,1006,1981.858176,,,
2020,643,1006,2083.92576,,,
2021,643,1006,2255.389184,63155875.42554533,,
2017,644,1006,81770.889216,,,
2018,644,1006,84269.195264,,,
2019,644,1006,95912.607744,,,
2020,644,1006,107657.732096,,,
2021,644,1006,111261.884416,63155875.42554533,,
2017,646,1006,14929.487872,,,
2018,646,1006,16867.325952,,,
2019,646,1006,16874.405888,,,
2020,646,1006,15314.577408,,,
2021,646,1006,20217.946112,63155875.42554533,,
2017,648,1006,1504.90944,,,
2018,648,1006,1670.67136,,,
2019,648,1006,1813.609728,,,
2020,648,1006,1812.17088,,,
2021,648,1006,2038.414976,63155875.42554533,,
2017,652,1006,60405.919744,,,
2018,652,1006,67298.914304,,,
2019,652,1006,68337.975296,,,
2020,652,1006,70043.099136,,,
2021,652,1006,79156.412416,63155875.42554533,,
2017,654,1006,1350.177024,,,
2018,654,1006,1504.630272,,,
2019,654,1006,1439.6384,,,
2020,654,1006,1431.758208,,,
2021,654,1006,1638.517632,63155875.42554533,,
2017,656,1006,10324.668416,,,
2018,656,1006,11857.030144,,,
2019,656,1006,13442.861056,,,
2020,656,1006,14177.836032,,,
2021,656,1006,16091.817984,63155875.42554533,,
2017,662,1006,52512.342016,,,
2018,662,1006,58522.476544,,,
2019,662,1006,59898.478592,,,
2020,662,1006,62982.766592,,,
2021,662,1006,71811.072,63155875.42554533,,
2017,664,1006,82036.514816,,,
2018,664,1006,92202.983424,,,
2019,664,1006,100378.435584,,,
2020,664,1006,100657.504256,,,
2021,664,1006,109703.65952,63155875.42554533,,
2017,666,1006,2306.741504,,,
2018,666,1006,2556.24704,,,
2019,666,1006,2436.029696,,,
2020,666,1006,2117.736576,,,
2021,666,1006,2373.416192,63155875.42554533,,
2017,668,1006,3390.70336,,,
2018,668,1006,3422.754816,,,
2019,668,1006,3319.596544,,,
2020,668,1006,3039.982592,,,
2021,668,1006,3508.999936,63155875.42554533,,
2017,672,1006,67157.450752,,,
2018,672,1006,76686.04928,,,
2019,672,1006,69254.144,,,
2020,672,1006,46808.20736,,,
2021,672,1006,39798.423552,63155875.42554533,,
2017,674,1006,13176.000512,,,
2018,674,1006,13760,,,
2019,674,1006,14104.999936,,,
2020,674,1006,13050.999808,,,
2021,674,1006,14554.999808,63155875.42554533,,
2017,676,1006,8943.543296,,,
2018,676,1006,9880.675328,,,
2019,676,1006,11025.371136,,,
2020,676,1006,12056.109056,,,
2021,676,1006,12602.334208,63155875.42554533,,
2017,678,1006,15365.712895999999,,,
2018,678,1006,17070.867456,,,
2019,678,1006,17280.249856,,,
2020,678,1006,17465.393152,,,
2021,678,1006,19309.463552,63155875.42554533,,
2017,682,1006,6800.138752,,,
2018,682,1006,7473.550336,,,
2019,682,1006,8066.119168,,,
2020,682,1006,8405.49888,,,
2021,682,1006,9996.240896,63155875.42554533,,
2017,684,1006,13713.999872,,9.182260793607357,
2018,684,1006,14736,,9.25984291320196,
2019,684,1006,14435.999744,,9.239404798053384,
2020,684,1006,11400.999936,,8.89930746709095,
2021,684,1006,11477.999616,63155875.42554533,8.918768829600028,17.960972882995193
2017,686,1006,118540.57472,,,
2018,686,1006,127341.142016,,,
2019,686,1006,128920.264704,,,
2020,686,1006,121347.530752,,,
2021,686,1006,142866.579456,63155875.42554533,,
2017,688,1006,13219.079168,,,
2018,688,1006,14845.401088,,,
2019,688,1006,15390.030848,,,
2020,688,1006,14156.864512,,,
2021,688,1006,15776.75776,63155875.42554533,,
2017,692,1006,11185.101824,,,
2018,692,1006,12808.660992,,,
2019,692,1006,12916.4544,,,
2020,692,1006,13744.17408,,,
2021,692,1006,14915.002368,63155875.42554533,,
2017,694,1006,375744.987136,,,
2018,694,1006,421737.005056,,,
2019,694,1006,448119.996416,,,
2020,694,1006,429423.0016,,,
2021,694,1006,441423.986688,63155875.42554533,,
2017,696,1006,,,,
2018,696,1006,,,,
2019,696,1006,,,,
2020,696,1006,,,,
2021,696,1006,,63155875.42554533,,
2017,698,1006,17584.891904,,,
2018,698,1006,34156.070912,,,
2019,698,1006,21832.235008,,,
2020,698,1006,21509.697536,,,
2021,698,1006,28371.238912,63155875.42554533,,
2017,714,1006,9252.83328,,,
2018,714,1006,9636.51072,,,
2019,714,1006,10346.6752,,,
2020,714,1006,10172.924928,,,
2021,714,1006,11055.282176,63155875.42554533,,
2017,716,1006,378.598848,,,
2018,716,1006,415.355712,,,
2019,716,1006,430.633024,,,
2020,716,1006,476.09584,,,
2021,716,1006,524.534848,63155875.42554533,,
2017,718,1006,1529.773312,,,
2018,718,1006,1587.813248,,,
2019,718,1006,1645.09056,,,
2020,718,1006,1183.515392,,,
2021,718,1006,1286.687872,63155875.42554533,,
2017,722,1006,20996.562944,,,
2018,722,1006,23116.701696,,,
2019,722,1006,23403.995136,,,
2020,722,1006,24530.51392,,,
2021,722,1006,27569.137664,63155875.42554533,,
2017,724,1006,3719.4432,,,
2018,724,1006,4085.114624,,,
2019,724,1006,4076.57856,,,
2020,724,1006,4062.906368,,,
2021,724,1006,4249.234688,63155875.42554533,,
2017,726,1006,5609.177088,,,
2018,726,1006,5772.66176,,,
2019,726,1006,6688.822272,,,
2020,726,1006,7296.827392,,,
2021,726,1006,8173.89824,63155875.42554533,,
2017,728,1006,12883.00032,,,
2018,728,1006,13676.000256,,,
2019,728,1006,12538.999808,,,
2020,728,1006,10581.000192,,,
2021,728,1006,12307.00032,63155875.42554533,,
2017,732,1006,129718.583296,,,
2018,732,1006,32333.780992,,,
2019,732,1006,32338.079744,,,
2020,732,1006,27034.59328,,,
2021,732,1006,34229.51424,63155875.42554533,,
2017,733,1006,3571.363072,,,
2018,733,1006,3797.751808,,,
2019,733,1006,4305.824768,,,
2020,733,1006,4215.525888,,,
2021,733,1006,4304.067584,63155875.42554533,,
2017,734,1006,4402.969088,,,
2018,734,1006,4666.597888,,,
2019,734,1006,4466.2144,,,
2020,734,1006,3982.236672,,,
2021,734,1006,4748.702208,63155875.42554533,,
2017,738,1006,53275.967488,,,
2018,738,1006,57003.687936,,,
2019,738,1006,61026.766848,,,
2020,738,1006,66068.738048,,,
2021,738,1006,70655.63136,63155875.42554533,,
2017,742,1006,6395.471872,,,
2018,742,1006,7029.217792,,,
2019,742,1006,6992.656384,,,
2020,742,1006,7389.329408,,,
2021,742,1006,8334.047232,63155875.42554533,,
2017,744,1006,42163.531776,,,
2018,744,1006,42686.509056,,,
2019,744,1006,41905.639424,,,
2020,744,1006,42538.463232,,,
2021,744,1006,46687.297536,63155875.42554533,,
2017,746,1006,30744.4736,,,
2018,746,1006,32927.025152,,,
2019,746,1006,35348.156416,,,
2020,746,1006,37605.429248,,,
2021,746,1006,40510.242816,63155875.42554533,,
2017,748,1006,14106.955776,,,
2018,748,1006,15890.066432,,,
2019,748,1006,16178.161664,,,
2020,748,1006,17933.606912,,,
2021,748,1006,19737.616384,63155875.42554533,,
2017,754,1006,25873.600512,,,
2018,754,1006,26311.50592,,,
2019,754,1006,23308.66688,,,
2020,754,1006,18110.63808,,,
2021,754,1006,22147.649536,63155875.42554533,,
2017,687,1006,,,,
2018,687,1006,,,,
2019,687,1006,,,,
2020,687,1006,,,,
2021,687,1006,,63155875.42554533,,
2017,813,1006,1469.789056,,,
2018,813,1006,1615.4784,,,
2019,813,1006,1619.154944,,,
2020,813,1006,1536.145792,,,
2021,813,1006,1580.303488,63155875.42554533,,
2017,1007,1006,,,,
2018,1007,1006,,,,
2019,1007,1006,,,,
2020,1007,1006,,,,
2021,1007,1006,,63155875.42554533,,
2017,815,1006,345.608544,,,
2018,815,1006,362.713376,,,
2019,815,1006,356.795072,,,
2020,815,1006,283.394272,,,
2021,815,1006,327.543648,63155875.42554533,,
2017,816,1006,2980.057088,,,
2018,816,1006,3188.601088,,,
2019,816,1006,3275.684096,,,
2020,816,1006,3248.670976,,,
2021,816,1006,3649.878784,63155875.42554533,,
2017,1104,1006,,,,
2018,1104,1006,,,,
2019,1104,1006,,,,
2020,1104,1006,,,,
2021,1104,1006,,63155875.42554533,,
2017,819,1006,5353.468416,,,
2018,819,1006,5581.425664,,,
2019,819,1006,5481.692672,,,
2020,819,1006,4477.0304,,,
2021,819,1006,4296.23552,63155875.42554533,,
2017,823,1006,2561.998848,,7.264653993082459,
2018,823,1006,3055.995648,,7.066912031492015,
2019,823,1006,3178.959104,,6.869151089978779,
2020,823,1006,3235.048192,,6.732275162077622,
2021,823,1006,3289.77664,63155875.42554533,6.575546223676002,17.959520697423244
2017,826,1006,188.540704,,,
2018,826,1006,196.501504,,,
2019,826,1006,175.18168,,,
2020,826,1006,177.553264,,,
2021,826,1006,227.610032,63155875.42554533,,
2017,829,1006,6013.007872,,,
2018,829,1006,6055.996928,,,
2019,829,1006,6366.004224,,,
2020,829,1006,5885.997056,,,
2021,829,1006,6123.002368,63155875.42554533,,
2017,836,1006,116.879792,,,
2018,836,1006,121.785984,,,
2019,836,1006,117.135304,,,
2020,836,1006,120.26132,,,
2021,836,1006,137.621856,63155875.42554533,,
2017,839,1006,9173.671936,,,
2018,839,1006,9846.924288,,,
2019,839,1006,9438.12608,,,
2020,839,1006,9435.523072,,,
2021,839,1006,10071.349248,63155875.42554533,,
2017,846,1006,880.061824,,,
2018,846,1006,914.73696,,,
2019,846,1006,936.526272,,,
2020,846,1006,909.421056,,,
2021,846,1006,971.636096,63155875.42554533,,
2017,1101,1006,,,,
2018,1101,1006,,,,
2019,1101,1006,,,,
2020,1101,1006,,,,
2021,1101,1006,,63155875.42554533,,
2017,1100,1006,,,,
2018,1100,1006,,,,
2019,1100,1006,,,,
2020,1100,1006,,,,
2021,1100,1006,,63155875.42554533,,
2017,853,1006,22742.695936,,,
2018,853,1006,24109.780992,,,
2019,853,1006,24751.069184,,,
2020,853,1006,23848.441856,,,
2021,853,1006,26311.655424,63155875.42554533,,
2017,856,1006,,,,
2018,856,1006,,,,
2019,856,1006,,,,
2020,856,1006,,,,
2021,856,1006,,63155875.42554533,,
2017,889,1006,,,,
2018,889,1006,,,,
2019,889,1006,,,,
2020,889,1006,,,,
2021,889,1006,,63155875.42554533,,
2017,859,1006,611.999872,,,
2018,859,1006,639.000256,,,
2019,859,1006,647.000128,,,
2020,859,1006,715.999936,,,
2021,859,1006,708.999872,63155875.42554533,,
2017,862,1006,885,,,
2018,862,1006,878,,,
2019,862,1006,913,,,
2020,862,1006,867,,,
2021,862,1006,844,63155875.42554533,,
2017,1102,1006,,,,
2018,1102,1006,,,,
2019,1102,1006,,,,
2020,1102,1006,,,,
2021,1102,1006,,63155875.42554533,,
2017,1008,1006,,,,
2018,1008,1006,,,,
2019,1008,1006,,,,
2020,1008,1006,,,,
2021,1008,1006,,63155875.42554533,,
2017,866,1006,473.764416,,,
2018,866,1006,499.84992,,,
2019,866,1006,498.647712,,,
2020,866,1006,475.919808,,,
2021,866,1006,461.188512,63155875.42554533,,
2017,867,1006,212.7012,,,
2018,867,1006,219.330304,,,
2019,867,1006,232.092304,,,
2020,867,1006,241.7224,,,
2021,867,1006,259.538704,63155875.42554533,,
2017,868,1006,366.666816,,,
2018,868,1006,401.932288,,,
2019,868,1006,412,,,
2020,868,1006,408,,,
2021,868,1006,404.028896,63155875.42554533,,
2017,869,1006,45.276608,,,
2018,869,1006,48.01522,,,
2019,869,1006,54.123196,,,
2020,869,1006,51.746568,,,
2021,869,1006,60.196368,63155875.42554533,,
2017,1009,1006,,,,
2018,1009,1006,,,,
2019,1009,1006,,,,
2020,1009,1006,,,,
2021,1009,1006,,63155875.42554533,,
2017,887,1006,5833.35424,,,
2018,887,1006,6135.121408,,,
2019,887,1006,6001.389056,,,
2020,887,1006,5709.426176,,,
2021,887,1006,6054.678016,63155875.42554533,,
2017,911,1006,11527.458816,,,
2018,911,1006,12457.940992,,,
2019,911,1006,13619.290112,,,
2020,911,1006,12641.698816,,,
2021,911,1006,13861.409792,63155875.42554533,,
2017,912,1006,40866.63168,,,
2018,912,1006,47112.47872,,,
2019,912,1006,48174.235648,,,
2020,912,1006,42693.001216,,,
2021,912,1006,54825.41056,63155875.42554533,,
2017,913,1006,54722.998272,,10.834314288695804,
2018,913,1006,60010.999808,,10.92921516417113,
2019,913,1006,64413.999104,,11.006638003882452,
2020,913,1006,61312,,10.954971505672372,
2021,913,1006,68207.0016,63155875.42554533,11.069756739146925,17.96100080942254
2017,914,1006,13019.725824,,,
2018,914,1006,15156.42368,,,
2019,914,1006,15401.826304,,,
2020,914,1006,15162.734592,,,
2021,914,1006,17930.565632,63155875.42554533,,
2017,915,1006,16242.64704,,,
2018,915,1006,17596.921856,,,
2019,915,1006,17470.435328,,,
2020,915,1006,15842.922496,,,
2021,915,1006,18629.36576,63155875.42554533,,
2017,916,1006,166805.782528,,12.00036920590976,
2018,916,1006,179339.984896,,12.07317800739162,
2019,916,1006,181667.18464,,12.086872885994266,
2020,916,1006,171082.366976,,12.025798579419849,
2021,916,1006,197112.250368,63155875.42554533,12.170990067669264,17.960952171223038
2017,917,1006,7702.938624,,,
2018,917,1006,8271.106048,,,
2019,917,1006,8871.01952,,,
2020,917,1006,7780.873216,,,
2021,917,1006,8740.681728,63155875.42554533,,
2017,918,1006,59321.99936,,10.921090585862851,
2018,918,1006,66427.998208,,11.038101931940025,
2019,918,1006,68920.000512,,11.078735365661856,
2020,918,1006,70345.998336,,11.1015211958696,
2021,918,1006,84120.00256,63155875.42554533,11.291192026179873,17.960922763036965
2017,1005,1006,,,,
2018,1005,1006,,,,
2019,1005,1006,,,,
2020,1005,1006,,,,
2021,1005,1006,,63155875.42554533,,
2017,921,1006,9514.999808,,,
2018,921,1006,11251.999744,,,
2019,921,1006,11736.999936,,,
2020,921,1006,11530.000384,,,
2021,921,1006,13681.999872,63155875.42554533,,
2017,922,1006,1574199.361536,,14.266718952937444,
2018,922,1006,1657328.76288,,14.318163019552374,
2019,922,1006,1693114.957824,,14.339631723357629,
2020,922,1006,1493075.88608,,14.213616509656026,
2021,922,1006,1836892.028928,63155875.42554533,14.421401739768397,17.96091366612009
2017,923,1006,7535.000064,,,
2018,923,1006,7761.999872,,,
2019,923,1006,8301.000192,,,
2020,923,1006,8134.000128,,,
2021,923,1006,8933.999616,63155875.42554533,,
2017,924,1006,12265326.641152,,16.321961434508793,
2018,924,1006,13841812.422656,,16.442898919596182,
2019,924,1006,14340600.102912,,16.47831643184499,
2020,924,1006,14862564.458496,,16.51408200099114,
2021,924,1006,17759305.990144,63155875.42554533,16.692194557569376,17.960917323846125
2017,925,1006,46364.99968,,,
2018,925,1006,48685.99808,,,
2019,925,1006,52961.001472,,,
2020,925,1006,53193.998336,,,
2021,925,1006,64367.0016,63155875.42554533,,
2017,926,1006,112090.505216,,,
2018,926,1006,130891.087872,,,
2019,926,1006,153883.049984,,,
2020,926,1006,156617.719808,,,
2021,926,1006,199765.85216,63155875.42554533,,
2017,927,1006,62081.323008,,,
2018,927,1006,52870.107136,,,
2019,927,1006,60283.502592,,,
2020,927,1006,60224.700416,,,
2021,927,1006,69600.616448,63155875.42554533,,
2017,928,1006,96851.001344,,,
2018,928,1006,100050.00192,,,
2019,928,1006,103427.997696,,,
2020,928,1006,107351.998464,,,
2021,928,1006,126693.605376,63155875.42554533,,
2017,935,1006,218628.947968,,12.276708437276241,
2018,935,1006,249000.542208,,12.408082545443062,
2019,935,1006,252548.186112,,12.422824193657643,
2020,935,1006,245974.56486400001,,12.3962816089237,
2021,935,1006,281791.234048,63155875.42554533,12.53459954447196,17.960691648011725
2017,936,1006,95616,,11.42546063990856,
2018,936,1006,106185.998336,,11.53231115202557,
2019,936,1006,105731.997696,,11.528709313428537,
2020,936,1006,106610.999296,,11.53797798375245,
2021,936,1006,116605.001728,63155875.42554533,11.631578235577495,17.960777441427386
2017,939,1006,26915.00032,,10.039944488781664,
2018,939,1006,30638.999552,,10.181516262451286,
2019,939,1006,31085.000704,,10.201512582119628,
2020,939,1006,31345.000448,,10.213575411710885,
2021,939,1006,37216.002048,63155875.42554533,10.410572831846995,17.960673592040312
2017,941,1006,30473.00096,,10.184224726510966,
2018,941,1006,34445.000704,,10.316142860028195,
2019,941,1006,34347.999232,,10.315825941173983,
2020,941,1006,34574.000128,,10.325478613606288,
2021,941,1006,39751.999488,63155875.42554533,10.484162475062517,17.960782382062515
2017,942,1006,44179.075072,,,
2018,942,1006,50640.662528,,,
2019,942,1006,51514.241024,,,
2020,942,1006,53356.486656,,,
2021,942,1006,63082.020864,63155875.42554533,,
2017,943,1006,4856.602112,,,
2018,943,1006,5506.944512,,,
2019,943,1006,5542.053888,,,
2020,943,1006,4769.995264,,,
2021,943,1006,5861.430272,63155875.42554533,,
2017,944,1006,143112.192,,11.84310150792629,
2018,944,1006,160565.641216,,11.95977000477767,
2019,944,1006,164020.453376,,11.982174827428276,
2020,944,1006,157227.08992,,11.939192620056279,
2021,944,1006,182275.44064,63155875.42554533,12.091045147330922,17.960819162385434
2017,946,1006,47742.001152,,10.686272289588947,
2018,946,1006,53775.998976,,10.810686713037619,
2019,946,1006,54757.998592,,10.832040950289642,
2020,946,1006,56801.001472,,10.872881025561208,
2021,946,1006,66488.999936,63155875.42554533,11.042631968949179,17.960740492117896
2017,948,1006,11480.84736,,8.921318385707355,
2018,948,1006,13178.094592,,9.099361571717377,
2019,948,1006,14206.358528,,9.21684596146514,
2020,948,1006,13312.980992,,9.131175806622794,
2021,948,1006,15286.441984,63155875.42554533,9.330726948809335,17.961044139488706
2017,954,1006,2078.989312,,,
2018,954,1006,2038.644224,,,
2019,954,1006,1951.244672,,,
2020,954,1006,1884.179328,,,
2021,954,1006,1991.024,63155875.42554533,,
2017,960,1006,55937.482752,,,
2018,960,1006,61330.485248,,,
2019,960,1006,61329.268736,,,
2020,960,1006,57624.940544,,,
2021,960,1006,68843.675648,63155875.42554533,,
2017,961,1006,48571.998208,,10.705065465850256,
2018,961,1006,54201.99936,,10.819247783399502,
2019,961,1006,54337.998848,,10.823708715894762,
2020,961,1006,53663.997952,,10.811542375831037,
2021,961,1006,61789.999104,63155875.42554533,10.96444790562236,17.96065222751374
2017,962,1006,11307.067392,,8.897843258533314,
2018,962,1006,12683.068416,,9.042460159981966,
2019,962,1006,12606.338048,,9.043724530761237,
2020,962,1006,12363.580416,,9.02274229608759,
2021,962,1006,13825.0496,63155875.42554533,9.191966156845426,17.961010434143482
2017,963,1006,18326.376448,,,
2018,963,1006,20484.048896,,,
2019,963,1006,20482.603008,,,
2020,963,1006,20226.031616,,,
2021,963,1006,23649.56672,63155875.42554533,,
2017,964,1006,524780.01151999994,,13.163100481670629,
2018,964,1006,588803.997696,,13.278641188118016,
2019,964,1006,595968,,13.290969488411283,
2020,964,1006,599457.988608,,13.296961663603366,
2021,964,1006,679523.975168,63155875.42554533,13.42323339711306,17.960831360117528
2017,967,1006,7180.768768,,8.067738196310838,
2018,967,1006,7878.763008,,8.20254974075059,
2019,967,1006,7899.741184,,8.23181529537658,
2020,967,1006,7717.1435520000005,,8.200574128264705,
2021,967,1006,9412.03456,63155875.42554533,8.595065035423252,17.96103299723732
2017,968,1006,210528.99328,,12.238240193954798,
2018,968,1006,243497.992192,,12.385345705442363,
2019,968,1006,250993.000448,,12.416543880695766,
2020,968,1006,251699.003392,,12.419670384687294,
2021,968,1006,285609.00096,63155875.42554533,12.548249604152664,17.96087989088152
2017,983,1006,,,,
2018,983,1006,,,,
2019,983,1006,,,,
2020,983,1006,,,,
2021,983,1006,,63155875.42554533,,
