year,haven_group,replicated,original,replicated_pct,original_pct,difference_pp,abs_difference_pp
2001,Switzerland,0.3414677220757488,0.3838839371510072,34.146772207574884,38.38839371510072,-4.241621507525835,4.241621507525835
2001,American tax havens,0.11363939499569967,0.09810688940778288,11.363939499569966,9.810688940778288,1.553250558791678,1.553250558791678
2001,Asian tax havens,0.21713819082048202,0.19368153028864407,21.713819082048204,19.368153028864405,2.3456660531837983,2.3456660531837983
2001,Other European tax havens,0.3277546921080695,0.3243276431525658,32.77546921080695,32.43276431525658,0.3427048955503764,0.3427048955503764
2002,Switzerland,0.35062163555240183,0.385493830129644,35.06216355524018,38.5493830129644,-3.4872194577242155,3.4872194577242155
2002,American tax havens,0.12490379190928688,0.12822555572586744,12.490379190928689,12.822555572586744,-0.33217638165805496,0.33217638165805496
2002,Asian tax havens,0.18499347975641095,0.16095220656420742,18.499347975641093,16.095220656420743,2.4041273192203505,2.4041273192203505
2002,Other European tax havens,0.3394810927819003,0.3253284075802811,33.94810927819003,32.53284075802811,1.4152685201619235,1.4152685201619235
2003,Switzerland,0.4025156777613138,0.4359837891017234,40.25156777613138,43.59837891017234,-3.346811134040962,3.346811134040962
2003,American tax havens,0.12614570535962527,0.11505808120108656,12.614570535962526,11.505808120108656,1.108762415853871,1.108762415853871
2003,Asian tax havens,0.15025065228122045,0.13861400623380998,15.025065228122045,13.861400623380998,1.1636646047410473,1.1636646047410473
2003,Other European tax havens,0.32108796459784056,0.31034412346338003,32.10879645978405,31.034412346338,1.074384113446051,1.074384113446051
2004,Switzerland,0.38664606372487503,0.4265290418784721,38.664606372487505,42.65290418784721,-3.988297815359708,3.988297815359708
2004,American tax havens,0.13273407786701563,0.12259008016161717,13.273407786701563,12.259008016161717,1.0143997705398462,1.0143997705398462
2004,Asian tax havens,0.15017632807876405,0.13626942142955586,15.017632807876405,13.626942142955587,1.3906906649208182,1.3906906649208182
2004,Other European tax havens,0.3304435303293453,0.31461145653035477,33.04435303293453,31.461145653035476,1.5832073798990542,1.5832073798990542
2005,Switzerland,0.4006787108016244,0.44222030019115066,40.06787108016244,44.22203001911507,-4.1541589389526266,4.1541589389526266
2005,American tax havens,0.12464486795871875,0.10903351268125958,12.464486795871874,10.903351268125958,1.5611355277459165,1.5611355277459165
2005,Asian tax havens,0.15340379164198972,0.14660505198823282,15.340379164198973,14.660505198823282,0.6798739653756911,0.6798739653756911
2005,Other European tax havens,0.3212726295976671,0.3021411351393569,32.12726295976671,30.214113513935693,1.9131494458310172,1.9131494458310172
2006,Switzerland,0.43798337474881754,0.4793883073282114,43.798337474881755,47.93883073282114,-4.140493257939383,4.140493257939383
2006,American tax havens,0.12071478347301841,0.10650635186040387,12.071478347301841,10.650635186040388,1.4208431612614536,1.4208431612614536
2006,Asian tax havens,0.14993660929622346,0.1378651520735225,14.993660929622346,13.78651520735225,1.207145722270095,1.207145722270095
2006,Other European tax havens,0.2913652324819406,0.2762401887378621,29.136523248194056,27.62401887378621,1.5125043744078468,1.5125043744078468
2007,Switzerland,0.38591018515672687,0.4285078369306068,38.59101851567269,42.85078369306068,-4.25976517738799,4.25976517738799
2007,American tax havens,0.1379694524358344,0.1183962394237907,13.796945243583439,11.83962394237907,1.9573213012043684,1.9573213012043684
2007,Asian tax havens,0.16473481874807383,0.15765433369304427,16.473481874807383,15.765433369304427,0.7080485055029566,0.7080485055029566
2007,Other European tax havens,0.311385543659365,0.2954415899525582,31.1385543659365,29.54415899525582,1.5943953706806795,1.5943953706806795
2008,Switzerland,0.36530589477326536,0.37833745817228387,36.53058947732654,37.83374581722839,-1.3031563399018538,1.3031563399018538
2008,American tax havens,0.1516964720156786,0.1609712730525078,15.169647201567859,16.09712730525078,-0.927480103682921,0.927480103682921
2008,Asian tax havens,0.18434075605739084,0.18710503790676675,18.434075605739082,18.710503790676675,-0.27642818493759336,0.27642818493759336
2008,Other European tax havens,0.2986568771536652,0.2735862308684417,29.86568771536652,27.35862308684417,2.5070646285223503,2.5070646285223503
2009,Switzerland,0.3502295516496926,0.37406636259860804,35.02295516496926,37.406636259860804,-2.383681094891543,2.383681094891543
2009,American tax havens,0.1634789680657626,0.1578768473595436,16.34789680657626,15.787684735954361,0.5602120706218976,0.5602120706218976
2009,Asian tax havens,0.21097314096282835,0.20113498247224393,21.097314096282833,20.113498247224392,0.9838158490584412,0.9838158490584412
2009,Other European tax havens,0.2753183393217164,0.2669218075696044,27.53183393217164,26.692180756960436,0.839653175211204,0.839653175211204
2010,Switzerland,0.3807649859623778,0.39372224190428184,38.076498596237776,39.372224190428184,-1.295725594190408,1.295725594190408
2010,American tax havens,0.16885275871962763,0.16436941445714778,16.88527587196276,16.43694144571478,0.4483344262479818,0.4483344262479818
2010,Asian tax havens,0.21071759340008148,0.20557825148916622,21.071759340008146,20.557825148916624,0.513934191091522,0.513934191091522
2010,Other European tax havens,0.239664661917913,0.23633009214940415,23.966466191791298,23.633009214940415,0.3334569768508828,0.3334569768508828
2011,Switzerland,0.33015246307408724,0.3430860505805757,33.015246307408724,34.308605058057566,-1.2933587506488422,1.2933587506488422
2011,American tax havens,0.16768881281994052,0.1592578756327934,16.76888128199405,15.92578756327934,0.8430937187147123,0.8430937187147123
2011,Asian tax havens,0.24151706953808638,0.2444978954913977,24.151706953808638,24.44978954913977,-0.298082595331131,0.298082595331131
2011,Other European tax havens,0.26064165456788585,0.2531581782952331,26.064165456788587,25.31581782952331,0.7483476272652752,0.7483476272652752
2012,Switzerland,0.2823425422673288,0.2883067920694498,28.23425422673288,28.830679206944982,-0.5964249802121024,0.5964249802121024
2012,American tax havens,0.16350813562757502,0.1570269475627109,16.3508135627575,15.702694756271091,0.6481188064864103,0.6481188064864103
2012,Asian tax havens,0.2631953233483635,0.266968125529946,26.31953233483635,26.696812552994597,-0.37728021815824775,0.37728021815824775
2012,Other European tax havens,0.2909539987567327,0.2876981348378933,29.095399875673273,28.76981348378933,0.3255863918839417,0.3255863918839417
2013,Switzerland,0.28487730847890874,0.2859292777784243,28.487730847890873,28.59292777784243,-0.10519692995155694,0.10519692995155694
2013,American tax havens,0.16418770561903462,0.1677467514522229,16.41877056190346,16.77467514522229,-0.35590458331882857,0.35590458331882857
2013,Asian tax havens,0.29154917147701215,0.28725154220794547,29.154917147701216,28.725154220794547,0.42976292690666895,0.42976292690666895
2013,Other European tax havens,0.25938581442504455,0.2590724285614073,25.938581442504454,25.907242856140726,0.03133858636372722,0.03133858636372722
2014,Switzerland,0.2467747137821535,0.2459098222540853,24.677471378215348,24.59098222540853,0.08648915280681635,0.08648915280681635
2014,American tax havens,0.18108259920291647,0.18225754305050024,18.108259920291648,18.225754305050025,-0.11749438475837692,0.11749438475837692
2014,Asian tax havens,0.3213002677906791,0.3241501604170836,32.13002677906791,32.41501604170836,-0.2849892626404511,0.2849892626404511
2014,Other European tax havens,0.250842419224251,0.24768247427833087,25.0842419224251,24.76824742783309,0.3159944945920117,0.3159944945920117
2015,Switzerland,0.24557038362902778,0.2327847048837026,24.557038362902777,23.27847048837026,1.2785678745325164,1.2785678745325164
2015,American tax havens,0.18129739140092183,0.17471822333951295,18.129739140092184,17.471822333951295,0.6579168061408893,0.6579168061408893
2015,Asian tax havens,0.33455810027510474,0.3505647054915389,33.45581002751047,35.05647054915389,-1.6006605216434195,1.6006605216434195
2015,Other European tax havens,0.23857412469494582,0.2419323662852455,23.857412469494584,24.193236628524552,-0.3358241590299684,0.3358241590299684
2016,Switzerland,0.27027738505440646,0.26929654669696035,27.027738505440645,26.929654669696035,0.09808383574461033,0.09808383574461033
2016,American tax havens,0.16766766695365048,0.16058324527177917,16.76676669536505,16.058324527177916,0.7084421681871333,0.7084421681871333
2016,Asian tax havens,0.3399227050234129,0.3455395413800401,33.992270502341285,34.55395413800401,-0.5616836356627246,0.5616836356627246
2016,Other European tax havens,0.2221322429685302,0.22458066665122045,22.21322429685302,22.458066665122047,-0.24484236826902617,0.24484236826902617
2017,Switzerland,0.2601756937081267,0.2592315084449067,26.01756937081267,25.92315084449067,0.09441852632199854,0.09441852632199854
2017,American tax havens,0.15802111081103545,0.14503237269650224,15.802111081103545,14.503237269650224,1.298873811453321,1.298873811453321
2017,Asian tax havens,0.35518010643646314,0.35648830610697263,35.51801064364631,35.64883061069726,-0.13081996705094667,0.13081996705094667
2017,Other European tax havens,0.2266230890443747,0.23924781275161852,22.66230890443747,23.924781275161852,-1.2624723707243817,1.2624723707243817
2018,Switzerland,0.2612290018033119,0.2602810391445841,26.122900180331186,26.028103914458413,0.09479626587277323,0.09479626587277323
2018,American tax havens,0.13995423916474228,0.13606095899069237,13.995423916474229,13.606095899069237,0.389328017404992,0.389328017404992
2018,Asian tax havens,0.37149449392066153,0.3758177988570416,37.14944939206615,37.58177988570416,-0.43233049363800546,0.43233049363800546
2018,Other European tax havens,0.22732226511128434,0.2278402030076819,22.732226511128435,22.78402030076819,-0.05179378963975623,0.05179378963975623
2019,Switzerland,0.2424452374344921,0.24156537579558107,24.244523743449207,24.15653757955811,0.08798616389109881,0.08798616389109881
2019,American tax havens,0.14084130410311774,0.13881686646815491,14.084130410311774,13.881686646815492,0.2024437634962819,0.2024437634962819
2019,Asian tax havens,0.3940864274089648,0.39183616530657145,39.40864274089648,39.18361653065715,0.225026210239335,0.225026210239335
2019,Other European tax havens,0.22262703105342532,0.22778159242969256,22.26270310534253,22.778159242969256,-0.5154561376267246,0.5154561376267246
2020,Switzerland,0.21556182800063192,0.21477955656817638,21.55618280006319,21.477955656817638,0.07822714324555236,0.07822714324555236
2020,American tax havens,0.15132591171869295,0.1465510723329434,15.132591171869295,14.65510723329434,0.47748393857495586,0.47748393857495586
2020,Asian tax havens,0.40780097098467794,0.40358535554397296,40.78009709846779,40.35853555439729,0.4215615440704994,0.4215615440704994
2020,Other European tax havens,0.22531128929599722,0.23508401555490718,22.531128929599724,23.508401555490718,-0.9772726258909934,0.9772726258909934
2021,Switzerland,0.21644501188195941,0.21565888753976703,21.644501188195942,21.565888753976704,0.07861243421923803,0.07861243421923803
2021,American tax havens,0.15282643890664163,0.15250814484967604,15.282643890664163,15.250814484967604,0.03182940569655912,0.03182940569655912
2021,Asian tax havens,0.4087842005676131,0.4057586174832667,40.878420056761314,40.575861748326666,0.3025583084346479,0.3025583084346479
2021,Other European tax havens,0.22194434864378576,0.22607435012729019,22.194434864378575,22.60743501272902,-0.4130001483504451,0.4130001483504451
