"year","source","host","cpis","debtasset","totdebtasset","debtp","sharedebtp","augmdebtasset"
2018,967,111,1,75.1795442172785,436.803100585938,62.7251030243112,0.263860649237586,75.1795442172785
2019,967,111,1,76.3369428509881,386.490844726562,67.9633483741345,0.253633554721475,76.3369428509881
2020,967,111,1,102.10977334835,517.227233886719,72.8149522193015,0.250177262146276,102.10977334835
2021,967,111,1,73.7999354602966,504.951477050781,76.7766511262665,0.25243127172645,73.7999354602966
2018,967,112,1,0.0252049995,436.803100585938,18.3554707156339,0.077214483302028,0.0252049995
2019,967,112,1,0.125713288773315,386.490844726562,20.357660564954,0.0759730934161502,0.125713288773315
2020,967,112,1,2.85968389260121,517.227233886719,22.1969456533,0.0762641589714626,2.85968389260121
2021,967,112,1,2.92243362537695,504.951477050781,23.0725417188993,0.0758594046839165,2.92243362537695
2018,967,122,1,53.6355796886535,436.803100585938,4.62943489863749,0.0194742716880702,53.6355796886535
2019,967,122,1,72.5639168110752,386.490844726562,5.24815264349724,0.0195856684894841,72.5639168110752
2020,967,122,1,49.9842245043826,517.227233886719,5.69907362026437,0.0195808496968273,49.9842245043826
2021,967,122,1,51.1462314376726,504.951477050781,6.07372831097373,0.01996959934002,51.1462314376726
2018,967,124,1,0.0354492,436.803100585938,0.888832618322967,0.00373898073381151,0.0354492
2019,967,124,1,0.036330756,386.490844726562,1.08920533816617,0.0040648235902078,0.036330756
2020,967,124,1,20.908336022,517.227233886719,1.23909176165379,0.00425726550702015,20.908336022
2021,967,124,1,11.377680538,504.951477050781,1.34091488693419,0.00440874725870825,11.377680538
2018,967,128,1,0,436.803100585938,0.653613326965208,0.00274950264707472,0.4464192361636
2019,967,128,1,1.86737815149798,386.490844726562,0.839262780895967,0.00313205878692532,1.86737815149798
2020,967,128,1,1.77209131081565,517.227233886719,0.93487180414074,0.0032120280421702,1.77209131081565
2021,967,128,1,1.21791087657364,504.951477050781,1.03066763899796,0.00338869615987385,1.21791087657364
2018,967,132,1,4.37058695200765,436.803100585938,14.5010564096671,0.0610004284473257,4.37058695200765
2019,967,132,1,14.0285095271633,386.490844726562,16.1918075104257,0.0604264768361252,14.0285095271633
2020,967,132,1,33.929023688736,517.227233886719,17.5074071390547,0.0601518651298084,33.929023688736
2021,967,132,1,25.9469842809001,504.951477050781,18.4268050741006,0.0605848493060836,25.9469842809001
2018,967,134,1,59.0920625380496,436.803100585938,25.2321971784147,0.106142255782455,59.0920625380496
2019,967,134,1,31.5021255745614,386.490844726562,28.0880252489191,0.104822170470065,31.5021255745614
2020,967,134,1,56.8138423920095,517.227233886719,29.8967910366911,0.102719250655995,56.8138423920095
2021,967,134,1,65.1555311004721,504.951477050781,31.6860006011434,0.104179295532405,65.1555311004721
2018,967,135,1,0,436.803100585938,0,0,0
2019,967,135,1,0,386.490844726562,0,0,0
2020,967,135,1,0,517.227233886719,0,0,0
2021,967,135,1,0,504.951477050781,0,0,0
2018,967,136,1,76.4852716601337,436.803100585938,7.95805338932923,0.0334765035485383,76.4852716601337
2019,967,136,1,0,386.490844726562,8.97643914988959,0.0334993231615703,6.02664099944339
2020,967,136,1,0,517.227233886719,9.83864981545373,0.0338035856513783,2.74142581689446
2021,967,136,1,7.10448011334627,504.951477050781,10.3828006890149,0.034137248024792,7.10448011334627
2018,967,137,1,20.7320112,436.803100585938,12.760240836424,0.0536774794968744,20.7320112
2019,967,137,1,47.1466125907626,386.490844726562,14.281386641763,0.0532969452941298,47.1466125907626
2020,967,137,1,25.5476497309256,517.227233886719,14.900286866406,0.0511943338533624,25.5476497309256
2021,967,137,1,30.4217328166926,504.951477050781,15.5173752445132,0.0510190365087297,30.4217328166926
2018,967,138,1,5.2009984728891,436.803100585938,13.1097200657264,0.0551476056806934,5.2009984728891
2019,967,138,1,15.1869157938044,386.490844726562,14.5493999576836,0.0542971486633845,15.1869157938044
2020,967,138,1,28.5668759464511,517.227233886719,15.5383846014488,0.053386706978239,28.5668759464511
2021,967,138,1,2.41552323853773,504.951477050781,16.4006961214584,0.0539232763920646,2.41552323853773
2018,967,139,1,0,436.803100585938,NA,NA,0
2019,967,139,1,0,386.490844726562,NA,NA,0
2020,967,139,1,0,517.227233886719,NA,NA,0
2021,967,139,1,0,504.951477050781,NA,NA,0
2018,967,142,1,0,436.803100585938,0.459198520782709,0.00193167350838313,0.313633526793409
2019,967,142,1,0,386.490844726562,0.651983991791147,0.00243314994648528,0.437731865642694
2020,967,142,1,0,517.227233886719,0.8313226875899,0.00285625448623442,0.231638438269179
2021,967,142,1,0,504.951477050781,0.79465211292518,0.00261270894866091,0.157609947402983
2018,967,144,1,7.93542778,436.803100585938,1.94097324590798,0.00816493614397995,7.93542778
2019,967,144,1,8.15286486463197,386.490844726562,2.28911673884426,0.00854279298379101,8.15286486463197
2020,967,144,1,0.125319168502474,517.227233886719,2.46374850585814,0.00846493525060888,0.125319168502474
2021,967,144,1,0.127916639289693,504.951477050781,2.58274007872596,0.00849170096699642,0.127916639289693
2018,967,146,1,11.1012908580994,436.803100585938,0.328370587759852,0.00138133015809094,11.1012908580994
2019,967,146,1,1.68064033634818,386.490844726562,0.464406840362603,0.00173312764270696,1.68064033634818
2020,967,146,1,2.99903060152607,517.227233886719,0.543125679174521,0.00186606859272511,2.99903060152607
2021,967,146,1,0,504.951477050781,0.642148477891635,0.00211129756942385,0.127362636025528
2018,967,156,1,0,436.803100585938,0.62681271479689,0.00263676266601871,0.428114363359906
2019,967,156,1,0,386.490844726562,0.78498817208708,0.00292951046797648,0.52702879426708
2020,967,156,1,0,517.227233886719,0.943403585977571,0.00324134149711472,0.262868482450451
2021,967,156,1,0,504.951477050781,0.976185804981357,0.00320956723923125,0.193615030874695
2018,967,158,1,0,436.803100585938,0.207158358140753,0.00087143641442607,0.141489581363789
2019,967,158,1,0,386.490844726562,0.317684012312928,0.00118557027057505,0.213288082445957
2020,967,158,1,1.91731087214845,517.227233886719,0.405748607471848,0.00139406911139967,1.91731087214845
2021,967,158,1,2.18631599564,504.951477050781,0.548679410414245,0.00180398388454328,2.18631599564
2018,967,172,1,0,436.803100585938,0.414550587364071,0.00174385663553731,0.283138897154236
2019,967,172,1,0,386.490844726562,0.571176365333653,0.00213158261589714,0.383478887758648
2020,967,172,1,0,517.227233886719,0.660815810817936,0.0022704277802105,0.184128671918261
2021,967,172,1,0,504.951477050781,0.762059853667245,0.00250554999691935,0.151145654181037
2018,967,174,1,0.0469318783,436.803100585938,0.0832209846910898,0.000350079027248012,0.0469318783
2019,967,174,1,0.209852167768207,386.490844726562,0.207418184231398,0.000774067385421891,0.209852167768207
2020,967,174,1,0.0722959082938256,517.227233886719,0.328647727694809,0.00112916627999225,0.0722959082938256
2021,967,174,1,0.17149944805983,504.951477050781,0.388522497984044,0.00127740956165378,0.17149944805983
2018,967,176,1,0.1254195444,436.803100585938,0,0,0.1254195444
2019,967,176,1,0,386.490844726562,0,0,0
2020,967,176,1,0,517.227233886719,0,0,0
2021,967,176,1,0,504.951477050781,0,0,0
2018,967,178,1,43.7058695200765,436.803100585938,3.46722110277046,0.0145852803282393,43.7058695200765
2019,967,178,1,31.1229691916331,386.490844726562,3.85491696033738,0.0143862289777733,31.1229691916331
2020,967,178,1,29.5348551802608,517.227233886719,4.03929516269881,0.0138781908660899,29.5348551802608
2021,967,178,1,20.2985146095608,504.951477050781,4.17585813478657,0.0137296582235635,20.2985146095608
2018,967,181,1,0,436.803100585938,0,0,0
2019,967,181,1,0,386.490844726562,0,0,0
2020,967,181,1,0,517.227233886719,0,0,0
2021,967,181,1,0,504.951477050781,0,0,0
2018,967,182,1,0,436.803100585938,0,0,0
2019,967,182,1,0,386.490844726562,0.0263720643884275,9.84183474798623e-05,0.0177057919994047
2020,967,182,1,0,517.227233886719,0.111766974257106,0.000384008431864411,0.0311425728582533
2021,967,182,1,0,504.951477050781,0.174353836930985,0.000573251895481767,0.0345810432278913
2018,967,184,1,0,436.803100585938,3.03423211603359,0.0127638603600835,2.07238672729034
2019,967,184,1,0,386.490844726562,3.47575823458093,0.0129712401975284,2.33356977426133
2020,967,184,1,0,517.227233886719,3.93400012042857,0.0135164186669761,1.09616356879264
2021,967,184,1,0,504.951477050781,4.18526147760048,0.0137605751462239,0.830097637221597
2018,967,186,1,0,436.803100585938,0.558873547679829,0.00235096843245292,0.381711773573661
2019,967,186,1,0,386.490844726562,0.747869614637636,0.00279098710358588,0.502107974727211
2020,967,186,1,60.0888404275381,517.227233886719,0.912828994525365,0.0031362934630555,60.0888404275381
2021,967,186,1,84.6523543315109,504.951477050781,1.03176664461244,0.0033923095420783,84.6523543315109
2018,967,193,1,0,436.803100585938,0.53097525002671,0.00223361090609665,0.362657179343771
2019,967,193,1,0,386.490844726562,0.702359296214145,0.00262114638628171,0.471553057980284
2020,967,193,1,0,517.227233886719,0.825351787386667,0.00283573969607299,0.229974716084298
2021,967,193,1,0,504.951477050781,0.857551080121902,0.00281951226772775,0.170085221488752
2018,967,196,1,0,436.803100585938,0,0,0
2019,967,196,1,0,386.490844726562,0,0,0
2020,967,196,1,0,517.227233886719,0,0,0
2021,967,196,1,0,504.951477050781,0,0,0
2018,967,199,1,0,436.803100585938,0,0,0
2019,967,199,1,0,386.490844726562,0,0,0
2020,967,199,1,9.1993284932548,517.227233886719,0,0,9.1993284932548
2021,967,199,1,10.94330533296,504.951477050781,0,0,10.94330533296
2018,967,213,1,0,436.803100585938,0,0,0
2019,967,213,1,0,386.490844726562,0,0,0
2020,967,213,1,0,517.227233886719,0,0,0
2021,967,213,1,0,504.951477050781,0,0,0
2018,967,218,1,0,436.803100585938,0,0,0
2019,967,218,1,0,386.490844726562,0,0,0
2020,967,218,1,0,517.227233886719,0,0,0
2021,967,218,1,0,504.951477050781,0,0,0
2018,967,223,1,0,436.803100585938,2.8770589067805,0.0121026924538275,1.96503710462287
2019,967,223,1,0.125861531252302,386.490844726562,3.33188936278568,0.0124343335524008,0.125861531252302
2020,967,223,1,0.135589061332987,517.227233886719,4.3231303052212,0.0148533902817716,0.135589061332987
2021,967,223,1,0,504.951477050781,4.78675640599969,0.015738209329084,0.949397117442179
2018,967,228,1,0,436.803100585938,0,0,0
2019,967,228,1,0,386.490844726562,0.0921643411569377,0.000343949643821453,0.0618776986985893
2020,967,228,1,0,517.227233886719,0.210914766326775,0.000724659938345288,0.0587689567591159
2021,967,228,1,0,504.951477050781,0.217743444389179,0.000715911071542602,0.0431868641123894
2018,967,233,1,0,436.803100585938,0.0533562166514803,0.000224449307975855,0.0364424048584329
2019,967,233,1,0,386.490844726562,0.20025762208628,0.000747344763977865,0.13444983869033
2020,967,233,1,0,517.227233886719,0.507408743837728,0.0017433525183136,0.14138356951071
2021,967,233,1,0,504.951477050781,0.615667246833023,0.00202423085402344,0.122110393734306
2018,967,238,1,0,436.803100585938,0,0,0
2019,967,238,1,0,386.490844726562,0,0,0
2020,967,238,1,0,517.227233886719,0,0,0
2021,967,238,1,0,504.951477050781,0,0,0
2018,967,243,1,0,436.803100585938,0,0,0
2019,967,243,1,0,386.490844726562,0,0,0
2020,967,243,1,0,517.227233886719,0,0,0
2021,967,243,1,0,504.951477050781,0,0,0
2018,967,248,1,0,436.803100585938,0,0,0
2019,967,248,1,0,386.490844726562,0,0,0
2020,967,248,1,0,517.227233886719,0,0,0
2021,967,248,1,0,504.951477050781,0,0,0
2018,967,253,1,0,436.803100585938,0,0,0
2019,967,253,1,0,386.490844726562,0,0,0
2020,967,253,1,0,517.227233886719,0,0,0
2021,967,253,1,0,504.951477050781,0,0,0
2018,967,258,1,0,436.803100585938,0,0,0
2019,967,258,1,0,386.490844726562,0,0,0
2020,967,258,1,0,517.227233886719,0,0,0
2021,967,258,1,0,504.951477050781,0,0,0
2018,967,263,1,0,436.803100585938,0,0,0
2019,967,263,1,0,386.490844726562,0,0,0
2020,967,263,1,0,517.227233886719,0,0,0
2021,967,263,1,0,504.951477050781,0,0,0
2018,967,268,1,0,436.803100585938,0,0,0
2019,967,268,1,0,386.490844726562,0,0,0
2020,967,268,1,0,517.227233886719,0,0,0
2021,967,268,1,0,504.951477050781,0,0,0
2018,967,273,1,0,436.803100585938,2.62955599004573,0.011061541827538,1.79599210740714
2019,967,273,1,0,386.490844726562,2.92688787648555,0.0109229017425331,1.9650667912586
2020,967,273,1,1.73161156546874,517.227233886719,3.53541735919457,0.0121469699355685,1.73161156546874
2021,967,273,1,5.9742117657471,504.951477050781,3.74185861157566,0.0123027263378184,5.9742117657471
2018,967,278,1,0,436.803100585938,0,0,0
2019,967,278,1,0,386.490844726562,0,0,0
2020,967,278,1,0,517.227233886719,0,0,0
2021,967,278,1,0,504.951477050781,0,0,0
2018,967,283,1,0,436.803100585938,0,0,0
2019,967,283,1,0,386.490844726562,0,0,0
2020,967,283,1,0,517.227233886719,0,0,0
2021,967,283,1,0,504.951477050781,0,0,0
2018,967,288,1,0,436.803100585938,0,0,0
2019,967,288,1,0,386.490844726562,0,0,0
2020,967,288,1,0,517.227233886719,0,0,0
2021,967,288,1,0,504.951477050781,0,0,0
2018,967,293,1,0,436.803100585938,0,0,0
2019,967,293,1,0,386.490844726562,0.00191384519721405,7.14231085089918e-06,0.00128492576393835
2020,967,293,1,0,517.227233886719,0.168192461417072,0.000577874848894186,0.0468648813185271
2021,967,293,1,0,504.951477050781,0.311026124519348,0.00102261193996918,0.0616883921015429
2018,967,298,1,0,436.803100585938,0,0,0
2019,967,298,1,0,386.490844726562,0,0,0
2020,967,298,1,0,517.227233886719,0,0,0
2021,967,298,1,0,504.951477050781,0,0,0
2018,967,299,1,0,436.803100585938,0,0,0
2019,967,299,1,0,386.490844726562,0,0,0
2020,967,299,1,0,517.227233886719,0,0,0
2021,967,299,1,0,504.951477050781,0.0228239591753672,7.50420988145889e-05,0.00452686521138861
2018,967,311,1,0,436.803100585938,0,0,0
2019,967,311,1,0,386.490844726562,0,0,0
2020,967,311,1,0,517.227233886719,0,0,0
2021,967,311,1,0,504.951477050781,0,0,0
2018,967,312,1,0,436.803100585938,0,0,0
2019,967,312,1,0,386.490844726562,0,0,0
2020,967,312,1,0,517.227233886719,0,0,0
2021,967,312,1,0,504.951477050781,0,0,0
2018,967,313,1,0,436.803100585938,0,0,0
2019,967,313,1,0,386.490844726562,0,0,0
2020,967,313,1,0,517.227233886719,0,0,0
2021,967,313,1,0,504.951477050781,0,0,0
2018,967,314,1,0,436.803100585938,0,0,0
2019,967,314,1,0,386.490844726562,0,0,0
2020,967,314,1,0,517.227233886719,0,0,0
2021,967,314,1,0,504.951477050781,0,0,0
2018,967,316,1,0,436.803100585938,0,0,0
2019,967,316,1,0,386.490844726562,0,0,0
2020,967,316,1,0,517.227233886719,0,0,0
2021,967,316,1,0,504.951477050781,0,0,0
2018,967,319,1,0,436.803100585938,1.80431720306912,0.00759007615257069,1.23235233181504
2019,967,319,1,0,386.490844726562,2.24978831536258,0.00839602258345202,1.51047272476632
2020,967,319,1,0,517.227233886719,2.15788668979246,0.0074140566960513,0.601270132822303
2021,967,319,1,0,504.951477050781,1.84199146000545,0.00605621943569456,0.365337450698426
2018,967,321,1,0,436.803100585938,0,0,0
2019,967,321,1,0,386.490844726562,0,0,0
2020,967,321,1,0,517.227233886719,0,0,0
2021,967,321,1,0,504.951477050781,0,0,0
2018,967,323,1,0,436.803100585938,NA,NA,0
2019,967,323,1,0,386.490844726562,NA,NA,0
2020,967,323,1,0,517.227233886719,NA,NA,0
2021,967,323,1,0,504.951477050781,NA,NA,0
2018,967,326,1,0,436.803100585938,0,0,0
2019,967,326,1,0,386.490844726562,0,0,0
2020,967,326,1,0,517.227233886719,0,0,0
2021,967,326,1,0,504.951477050781,0,0,0
2018,967,328,1,0,436.803100585938,0,0,0
2019,967,328,1,0,386.490844726562,0,0,0
2020,967,328,1,0,517.227233886719,0,0,0
2021,967,328,1,0,504.951477050781,0,0,0
2018,967,329,1,0,436.803100585938,NA,NA,0
2019,967,329,1,0,386.490844726562,NA,NA,0
2020,967,329,1,0,517.227233886719,NA,NA,0
2021,967,329,1,0,504.951477050781,NA,NA,0
2018,967,333,1,0,436.803100585938,NA,NA,0
2019,967,333,1,0,386.490844726562,NA,NA,0
2020,967,333,1,0,517.227233886719,NA,NA,0
2021,967,333,1,0,504.951477050781,NA,NA,0
2018,967,336,1,0,436.803100585938,0,0,0
2019,967,336,1,0,386.490844726562,0,0,0
2020,967,336,1,0,517.227233886719,0,0,0
2021,967,336,1,0,504.951477050781,0,0,0
2018,967,339,1,0,436.803100585938,0,0,0
2019,967,339,1,0,386.490844726562,0,0,0
2020,967,339,1,0,517.227233886719,0,0,0
2021,967,339,1,0,504.951477050781,0,0,0
2018,967,343,1,0,436.803100585938,0,0,0
2019,967,343,1,0,386.490844726562,0,0,0
2020,967,343,1,0,517.227233886719,0,0,0
2021,967,343,1,0,504.951477050781,0,0,0
2018,967,349,1,0,436.803100585938,NA,NA,0
2019,967,349,1,0,386.490844726562,NA,NA,0
2020,967,349,1,0,517.227233886719,NA,NA,0
2021,967,349,1,0,504.951477050781,NA,NA,0
2018,967,351,1,0,436.803100585938,0,0,0
2019,967,351,1,0,386.490844726562,0,0,0
2020,967,351,1,0,517.227233886719,0,0,0
2021,967,351,1,0,504.951477050781,0,0,0
2018,967,353,1,0,436.803100585938,NA,NA,0
2019,967,353,1,0,386.490844726562,NA,NA,0
2020,967,353,1,0,517.227233886719,NA,NA,0
2021,967,353,1,0,504.951477050781,NA,NA,0
2018,967,355,1,0,436.803100585938,0,0,0
2019,967,355,1,0,386.490844726562,0,0,0
2020,967,355,1,0,517.227233886719,0,0,0
2021,967,355,1,0,504.951477050781,0,0,0
2018,967,357,1,0,436.803100585938,NA,NA,0
2019,967,357,1,0,386.490844726562,NA,NA,0
2020,967,357,1,0,517.227233886719,NA,NA,0
2021,967,357,1,0,504.951477050781,NA,NA,0
2018,967,361,1,0,436.803100585938,0,0,0
2019,967,361,1,0,386.490844726562,0,0,0
2020,967,361,1,0,517.227233886719,0,0,0
2021,967,361,1,0,504.951477050781,0,0,0
2018,967,362,1,0,436.803100585938,0,0,0
2019,967,362,1,0,386.490844726562,0,0,0
2020,967,362,1,0,517.227233886719,0,0,0
2021,967,362,1,0,504.951477050781,0,0,0
2018,967,363,1,0,436.803100585938,NA,NA,0
2019,967,363,1,0,386.490844726562,NA,NA,0
2020,967,363,1,0,517.227233886719,NA,NA,0
2021,967,363,1,0,504.951477050781,NA,NA,0
2018,967,364,1,0,436.803100585938,0,0,0
2019,967,364,1,0,386.490844726562,0,0,0
2020,967,364,1,0,517.227233886719,0,0,0
2021,967,364,1,0,504.951477050781,0,0,0
2018,967,366,1,0,436.803100585938,0,0,0
2019,967,366,1,0,386.490844726562,0,0,0
2020,967,366,1,0,517.227233886719,0,0,0
2021,967,366,1,0,504.951477050781,0,0,0
2018,967,369,1,0,436.803100585938,0,0,0
2019,967,369,1,0,386.490844726562,0,0,0
2020,967,369,1,0,517.227233886719,0,0,0
2021,967,369,1,0,504.951477050781,0,0,0
2018,967,372,1,0,436.803100585938,NA,NA,0
2019,967,372,1,0,386.490844726562,NA,NA,0
2020,967,372,1,0,517.227233886719,NA,NA,0
2021,967,372,1,0,504.951477050781,NA,NA,0
2018,967,374,1,0,436.803100585938,NA,NA,0
2019,967,374,1,0,386.490844726562,NA,NA,0
2020,967,374,1,0,517.227233886719,NA,NA,0
2021,967,374,1,0,504.951477050781,NA,NA,0
2018,967,377,1,0,436.803100585938,23.0260846387393,0.0968619794824812,15.7268627982115
2019,967,377,1,0,386.490844726562,25.9804137446526,0.096956739902161,17.4428438762326
2020,967,377,1,0,517.227233886719,27.6560166532125,0.0950204088211774,7.70602872016984
2021,967,377,1,0,504.951477050781,27.3144739862475,0.0898063057419364,5.41750627512388
2018,967,381,1,0,436.803100585938,0,0,0
2019,967,381,1,0,386.490844726562,0,0,0
2020,967,381,1,0,517.227233886719,0,0,0
2021,967,381,1,0,504.951477050781,0,0,0
2018,967,419,1,0,436.803100585938,0,0,0
2019,967,419,1,0,386.490844726562,0,0,0
2020,967,419,1,0,517.227233886719,0,0,0
2021,967,419,1,0,504.951477050781,0,0,0
2018,967,423,1,0,436.803100585938,0.654476721305525,0.0027531346186491,0.447008936259989
2019,967,423,1,0,386.490844726562,0.809544129107961,0.00302115125404411,0.543515280154351
2020,967,423,1,0,517.227233886719,0.956945792980861,0.00328786974671512,0.26664186158203
2021,967,423,1,0,504.951477050781,1.06109056734134,0.00348872264421128,0.21045489691439
2018,967,429,1,0,436.803100585938,0,0,0
2019,967,429,1,0,386.490844726562,0,0,0
2020,967,429,1,0,517.227233886719,0,0,0
2021,967,429,1,0,504.951477050781,0,0,0
2018,967,433,1,0,436.803100585938,0,0,0
2019,967,433,1,0,386.490844726562,0,0,0
2020,967,433,1,0,517.227233886719,0,0,0
2021,967,433,1,0,504.951477050781,0,0,0
2018,967,436,1,0,436.803100585938,0,0,0
2019,967,436,1,0,386.490844726562,0,0,0
2020,967,436,1,0,517.227233886719,0,0,0
2021,967,436,1,0,504.951477050781,0,0,0
2018,967,439,1,0,436.803100585938,0,0,0
2019,967,439,1,0,386.490844726562,0.203032443844598,0.000757700167634647,0.136312810665696
2020,967,439,1,0,517.227233886719,0,0,0
2021,967,439,1,0,504.951477050781,0,0,0
2018,967,443,1,0,436.803100585938,0,0,0
2019,967,443,1,0,386.490844726562,0,0,0
2020,967,443,1,0,517.227233886719,0,0,0
2021,967,443,1,0,504.951477050781,0,0,0
2018,967,446,1,0,436.803100585938,0,0,0
2019,967,446,1,0,386.490844726562,0,0,0
2020,967,446,1,0,517.227233886719,0,0,0
2021,967,446,1,0,504.951477050781,0,0,0
2018,967,449,1,0,436.803100585938,0,0,0
2019,967,449,1,0,386.490844726562,0,0,0
2020,967,449,1,0,517.227233886719,0,0,0
2021,967,449,1,0,504.951477050781,0,0,0
2018,967,453,1,0,436.803100585938,0,0,0
2019,967,453,1,0,386.490844726562,0,0,0
2020,967,453,1,0,517.227233886719,0,0,0
2021,967,453,1,0,504.951477050781,0,0,0
2018,967,456,1,0,436.803100585938,0,0,0
2019,967,456,1,0,386.490844726562,0,0,0
2020,967,456,1,0,517.227233886719,0,0,0
2021,967,456,1,0,504.951477050781,0,0,0
2018,967,463,1,0,436.803100585938,0,0,0
2019,967,463,1,0,386.490844726562,0,0,0
2020,967,463,1,0,517.227233886719,0,0,0
2021,967,463,1,0,504.951477050781,0,0,0
2018,967,466,1,0,436.803100585938,0,0,0
2019,967,466,1,0.130652177282099,386.490844726562,0.0136870231602177,5.10788302920397e-05,0.130652177282099
2020,967,466,1,0.141561571845755,517.227233886719,0.160396895122168,0.000551090879762885,0.141561571845755
2021,967,466,1,0.120654643155698,504.951477050781,0.19229763333337,0.00063224867743316,0.120654643155698
2018,967,469,1,0,436.803100585938,0,0,0
2019,967,469,1,0,386.490844726562,0,0,0
2020,967,469,1,7.91557065070644,517.227233886719,0,0,7.91557065070644
2021,967,469,1,9.3029476148,504.951477050781,0,0,9.3029476148
2018,967,474,1,0,436.803100585938,0,0,0
2019,967,474,1,0,386.490844726562,0,0,0
2020,967,474,1,0,517.227233886719,0,0,0
2021,967,474,1,0,504.951477050781,0,0,0
2018,967,487,1,0,436.803100585938,0,0,0
2019,967,487,1,0,386.490844726562,0,0,0
2020,967,487,1,0,517.227233886719,0,0,0
2021,967,487,1,0,504.951477050781,0,0,0
2018,967,512,1,0,436.803100585938,0,0,0
2019,967,512,1,0,386.490844726562,0,0,0
2020,967,512,1,0,517.227233886719,0,0,0
2021,967,512,1,0,504.951477050781,0,0,0
2018,967,513,1,0,436.803100585938,0,0,0
2019,967,513,1,0,386.490844726562,0,0,0
2020,967,513,1,0,517.227233886719,0,0,0
2021,967,513,1,0,504.951477050781,0,0,0
2018,967,514,1,0,436.803100585938,0,0,0
2019,967,514,1,0,386.490844726562,0,0,0
2020,967,514,1,0,517.227233886719,0,0,0
2021,967,514,1,0,504.951477050781,0,0,0
2018,967,516,1,0,436.803100585938,0,0,0
2019,967,516,1,0,386.490844726562,0,0,0
2020,967,516,1,0,517.227233886719,0,0,0
2021,967,516,1,0,504.951477050781,0,0,0
2018,967,518,1,0,436.803100585938,0,0,0
2019,967,518,1,0,386.490844726562,0,0,0
2020,967,518,1,0,517.227233886719,0,0,0
2021,967,518,1,0,504.951477050781,0,0,0
2018,967,522,1,0,436.803100585938,0,0,0
2019,967,522,1,0,386.490844726562,0,0,0
2020,967,522,1,0,517.227233886719,0,0,0
2021,967,522,1,0,504.951477050781,0,0,0
2018,967,524,1,0,436.803100585938,0,0,0
2019,967,524,1,0,386.490844726562,0,0,0
2020,967,524,1,0,517.227233886719,0,0,0
2021,967,524,1,0,504.951477050781,0,0,0
2018,967,528,1,0,436.803100585938,0,0,0
2019,967,528,1,0,386.490844726562,0,0,0
2020,967,528,1,0,517.227233886719,0,0,0
2021,967,528,1,0,504.951477050781,0,0,0
2018,967,532,1,0,436.803100585938,0,0,0
2019,967,532,1,0,386.490844726562,0,0,0
2020,967,532,1,0,517.227233886719,0,0,0
2021,967,532,1,0,504.951477050781,0.0369028389448212,0.000121331556254485,0.00731924625947813
2018,967,534,1,0,436.803100585938,0.0722808977982092,0.000304058243046952,0.0493680007017565
2019,967,534,1,0,386.490844726562,0.171528041381264,0.00064012836198782,0.115161247069253
2020,967,534,1,0,517.227233886719,0.254966287711279,0.000876011943358787,0.0710434029750258
2021,967,534,1,0,504.951477050781,0.271332961147333,0.00089210617341308,0.0538157176449278
2018,967,536,1,0,436.803100585938,0.844262745812996,0.00355149223351587,0.576633178300055
2019,967,536,1,0,386.490844726562,1.22458649436899,0.00457005478777916,0.822168239665455
2020,967,536,1,0,517.227233886719,1.2010176566628,0.00412645068046326,0.334649659483755
2021,967,536,1,0,504.951477050781,1.01259769751808,0.00332928462992462,0.200836903659291
2018,967,537,1,0,436.803100585938,0,0,0
2019,967,537,1,0,386.490844726562,0,0,0
2020,967,537,1,0,517.227233886719,0,0,0
2021,967,537,1,0,504.951477050781,0,0,0
2018,967,542,1,0,436.803100585938,1.11901268526605,0.00470726072024074,0.764287947636109
2019,967,542,1,0,386.490844726562,1.371638829247,0.00511884185194621,0.920896879791159
2020,967,542,1,0,517.227233886719,1.52268178813153,0.0052316227541761,0.42427764410744
2021,967,542,1,0,504.951477050781,1.66681832121592,0.00548027378622579,0.330593908534545
2018,967,544,1,0,436.803100585938,0,0,0
2019,967,544,1,0,386.490844726562,0,0,0
2020,967,544,1,0,517.227233886719,0,0,0
2021,967,544,1,0,504.951477050781,0,0,0
2018,967,546,1,0,436.803100585938,0,0,0
2019,967,546,1,0,386.490844726562,0,0,0
2020,967,546,1,0,517.227233886719,0,0,0
2021,967,546,1,0,504.951477050781,0,0,0
2018,967,548,1,0,436.803100585938,0.114917454624071,0.000483414019648333,0.0784888560233924
2019,967,548,1,0,386.490844726562,0.219907307405461,0.000820675752751795,0.147642330411526
2020,967,548,1,0,517.227233886719,0.350695703570094,0.00120491860931787,0.0977172959373885
2021,967,548,1,0,504.951477050781,0.449784255079681,0.00147882995476803,0.0892094435196865
2018,967,556,1,0,436.803100585938,0,0,0
2019,967,556,1,0,386.490844726562,0,0,0
2020,967,556,1,0,517.227233886719,0,0,0
2021,967,556,1,0,504.951477050781,0,0,0
2018,967,558,1,0,436.803100585938,0,0,0
2019,967,558,1,0,386.490844726562,0,0,0
2020,967,558,1,0,517.227233886719,0,0,0
2021,967,558,1,0,504.951477050781,0,0,0
2018,967,564,1,0,436.803100585938,0,0,0
2019,967,564,1,0,386.490844726562,0,0,0
2020,967,564,1,0,517.227233886719,0,0,0
2021,967,564,1,0,504.951477050781,0,0,0
2018,967,565,1,0,436.803100585938,0,0,0
2019,967,565,1,0,386.490844726562,0,0,0
2020,967,565,1,0,517.227233886719,0,0,0
2021,967,565,1,0,504.951477050781,0,0,0
2018,967,566,1,0,436.803100585938,0.140941298238576,0.000592886430863337,0.0962631943196601
2019,967,566,1,0,386.490844726562,0.280673159916985,0.00104744885247218,0.18843957439625
2020,967,566,1,0,517.227233886719,0.349721830783304,0.00120157258188735,0.097445937565035
2021,967,566,1,0,504.951477050781,0.311690854400376,0.00102479748214588,0.061820233494628
2018,967,576,1,0,436.803100585938,0.149675642102629,0.000629628493156006,0.10222876900322
2019,967,576,1,0,386.490844726562,0.265941080527557,0.00099246995938689,0.178548686464762
2020,967,576,1,0,517.227233886719,0.385818125753624,0.00132559205830068,0.107503752080442
2021,967,576,1,0,504.951477050781,0.39473455260764,0.00129783395924947,0.0782909792382166
2018,967,578,1,0,436.803100585938,0,0,0
2019,967,578,1,0,386.490844726562,0,0,0
2020,967,578,1,0,517.227233886719,0,0,0
2021,967,578,1,0,504.951477050781,0,0,0
2018,967,582,1,0,436.803100585938,0,0,0
2019,967,582,1,0,386.490844726562,0,0,0
2020,967,582,1,0,517.227233886719,0,0,0
2021,967,582,1,0,504.951477050781,0,0,0
2018,967,611,1,0,436.803100585938,0,0,0
2019,967,611,1,0,386.490844726562,0,0,0
2020,967,611,1,0,517.227233886719,0,0,0
2021,967,611,1,0,504.951477050781,0,0,0
2018,967,612,1,0,436.803100585938,0,0,0
2019,967,612,1,0,386.490844726562,0,0,0
2020,967,612,1,0,517.227233886719,0,0,0
2021,967,612,1,0,504.951477050781,0,0,0
2018,967,614,1,0,436.803100585938,0,0,0
2019,967,614,1,0,386.490844726562,0,0,0
2020,967,614,1,0,517.227233886719,0,0,0
2021,967,614,1,0,504.951477050781,0,0,0
2018,967,616,1,0,436.803100585938,0,0,0
2019,967,616,1,0,386.490844726562,0,0,0
2020,967,616,1,0,517.227233886719,0,0,0
2021,967,616,1,0,504.951477050781,0,0,0
2018,967,618,1,0,436.803100585938,0,0,0
2019,967,618,1,0,386.490844726562,0,0,0
2020,967,618,1,0,517.227233886719,0,0,0
2021,967,618,1,0,504.951477050781,0,0,0
2018,967,622,1,0,436.803100585938,0,0,0
2019,967,622,1,0,386.490844726562,0,0,0
2020,967,622,1,0,517.227233886719,0,0,0
2021,967,622,1,0,504.951477050781,0,0,0
2018,967,624,1,0,436.803100585938,0,0,0
2019,967,624,1,0,386.490844726562,0,0,0
2020,967,624,1,0,517.227233886719,0,0,0
2021,967,624,1,0,504.951477050781,0,0,0
2018,967,626,1,0,436.803100585938,0,0,0
2019,967,626,1,0,386.490844726562,0,0,0
2020,967,626,1,0,517.227233886719,0,0,0
2021,967,626,1,0,504.951477050781,0,0,0
2018,967,628,1,0,436.803100585938,0,0,0
2019,967,628,1,0,386.490844726562,0,0,0
2020,967,628,1,0,517.227233886719,0,0,0
2021,967,628,1,0,504.951477050781,0,0,0
2018,967,632,1,0,436.803100585938,0,0,0
2019,967,632,1,0,386.490844726562,0,0,0
2020,967,632,1,0,517.227233886719,0,0,0
2021,967,632,1,0,504.951477050781,0,0,0
2018,967,634,1,0,436.803100585938,0,0,0
2019,967,634,1,0,386.490844726562,0,0,0
2020,967,634,1,0,517.227233886719,0,0,0
2021,967,634,1,0,504.951477050781,0,0,0
2018,967,636,1,0,436.803100585938,0,0,0
2019,967,636,1,0,386.490844726562,0,0,0
2020,967,636,1,0,517.227233886719,0,0,0
2021,967,636,1,0,504.951477050781,0,0,0
2018,967,638,1,0,436.803100585938,0,0,0
2019,967,638,1,0,386.490844726562,0,0,0
2020,967,638,1,0,517.227233886719,0,0,0
2021,967,638,1,0,504.951477050781,0,0,0
2018,967,642,1,0,436.803100585938,0,0,0
2019,967,642,1,0,386.490844726562,0,0,0
2020,967,642,1,0,517.227233886719,0,0,0
2021,967,642,1,0,504.951477050781,0,0,0
2018,967,643,1,0,436.803100585938,0,0,0
2019,967,643,1,0,386.490844726562,0,0,0
2020,967,643,1,0,517.227233886719,0,0,0
2021,967,643,1,0,504.951477050781,0,0,0
2018,967,644,1,0,436.803100585938,0,0,0
2019,967,644,1,0,386.490844726562,0,0,0
2020,967,644,1,0,517.227233886719,0,0,0
2021,967,644,1,0,504.951477050781,0,0,0
2018,967,646,1,0,436.803100585938,0,0,0
2019,967,646,1,0,386.490844726562,0,0,0
2020,967,646,1,0,517.227233886719,0,0,0
2021,967,646,1,0,504.951477050781,0,0,0
2018,967,648,1,0,436.803100585938,0,0,0
2019,967,648,1,0,386.490844726562,0,0,0
2020,967,648,1,0,517.227233886719,0,0,0
2021,967,648,1,0,504.951477050781,0,0,0
2018,967,652,1,0,436.803100585938,0,0,0
2019,967,652,1,0,386.490844726562,0,0,0
2020,967,652,1,0,517.227233886719,0,0,0
2021,967,652,1,0,504.951477050781,0,0,0
2018,967,654,1,0,436.803100585938,0,0,0
2019,967,654,1,0,386.490844726562,0,0,0
2020,967,654,1,0,517.227233886719,0,0,0
2021,967,654,1,0,504.951477050781,0,0,0
2018,967,656,1,0,436.803100585938,0,0,0
2019,967,656,1,0,386.490844726562,0,0,0
2020,967,656,1,0,517.227233886719,0,0,0
2021,967,656,1,0,504.951477050781,0,0,0
2018,967,662,1,0,436.803100585938,0,0,0
2019,967,662,1,0,386.490844726562,0,0,0
2020,967,662,1,0,517.227233886719,0,0,0
2021,967,662,1,2.1092840188,504.951477050781,0,0,2.1092840188
2018,967,664,1,0,436.803100585938,0,0,0
2019,967,664,1,0,386.490844726562,0,0,0
2020,967,664,1,0,517.227233886719,0,0,0
2021,967,664,1,0,504.951477050781,0,0,0
2018,967,666,1,0,436.803100585938,0,0,0
2019,967,666,1,0,386.490844726562,0,0,0
2020,967,666,1,0,517.227233886719,0,0,0
2021,967,666,1,0,504.951477050781,0,0,0
2018,967,668,1,0,436.803100585938,0,0,0
2019,967,668,1,0,386.490844726562,0,0,0
2020,967,668,1,0,517.227233886719,0,0,0
2021,967,668,1,0,504.951477050781,0,0,0
2018,967,672,1,0,436.803100585938,0,0,0
2019,967,672,1,0,386.490844726562,0,0,0
2020,967,672,1,0,517.227233886719,0,0,0
2021,967,672,1,0,504.951477050781,0,0,0
2018,967,674,1,0,436.803100585938,0,0,0
2019,967,674,1,0,386.490844726562,0,0,0
2020,967,674,1,0,517.227233886719,0,0,0
2021,967,674,1,0,504.951477050781,0,0,0
2018,967,676,1,0,436.803100585938,0,0,0
2019,967,676,1,0,386.490844726562,0,0,0
2020,967,676,1,0,517.227233886719,0,0,0
2021,967,676,1,0,504.951477050781,0,0,0
2018,967,678,1,0,436.803100585938,0,0,0
2019,967,678,1,0,386.490844726562,0,0,0
2020,967,678,1,0,517.227233886719,0,0,0
2021,967,678,1,0,504.951477050781,0,0,0
2018,967,682,1,0,436.803100585938,0,0,0
2019,967,682,1,0,386.490844726562,0,0,0
2020,967,682,1,0,517.227233886719,0,0,0
2021,967,682,1,0,504.951477050781,0,0,0
2018,967,684,1,0,436.803100585938,0,0,0
2019,967,684,1,0,386.490844726562,0,0,0
2020,967,684,1,0,517.227233886719,0,0,0
2021,967,684,1,0,504.951477050781,0,0,0
2018,967,686,1,0,436.803100585938,0,0,0
2019,967,686,1,0,386.490844726562,0,0,0
2020,967,686,1,0,517.227233886719,0,0,0
2021,967,686,1,0,504.951477050781,0,0,0
2018,967,687,1,0,436.803100585938,NA,NA,0
2019,967,687,1,0,386.490844726562,NA,NA,0
2020,967,687,1,0,517.227233886719,NA,NA,0
2021,967,687,1,0,504.951477050781,NA,NA,0
2018,967,688,1,0,436.803100585938,0,0,0
2019,967,688,1,0,386.490844726562,0,0,0
2020,967,688,1,0,517.227233886719,0,0,0
2021,967,688,1,0,504.951477050781,0,0,0
2018,967,692,1,0,436.803100585938,0,0,0
2019,967,692,1,0,386.490844726562,0,0,0
2020,967,692,1,0,517.227233886719,0,0,0
2021,967,692,1,0,504.951477050781,0,0,0
2018,967,694,1,0,436.803100585938,0,0,0
2019,967,694,1,0,386.490844726562,0,0,0
2020,967,694,1,0,517.227233886719,0,0,0
2021,967,694,1,5.9603747300455,504.951477050781,0,0,5.9603747300455
2018,967,696,1,0,436.803100585938,NA,NA,0
2019,967,696,1,0,386.490844726562,NA,NA,0
2020,967,696,1,0.136012680152915,517.227233886719,NA,NA,0.136012680152915
2021,967,696,1,0,504.951477050781,NA,NA,0
2018,967,698,1,0,436.803100585938,0,0,0
2019,967,698,1,0,386.490844726562,0,0,0
2020,967,698,1,0,517.227233886719,0,0,0
2021,967,698,1,0,504.951477050781,0,0,0
2018,967,714,1,0,436.803100585938,0,0,0
2019,967,714,1,0,386.490844726562,0,0,0
2020,967,714,1,0,517.227233886719,0,0,0
2021,967,714,1,0,504.951477050781,0,0,0
2018,967,716,1,0,436.803100585938,0,0,0
2019,967,716,1,0,386.490844726562,0,0,0
2020,967,716,1,0,517.227233886719,0,0,0
2021,967,716,1,0,504.951477050781,0,0,0
2018,967,718,1,0,436.803100585938,0,0,0
2019,967,718,1,0,386.490844726562,0,0,0
2020,967,718,1,0,517.227233886719,0,0,0
2021,967,718,1,0,504.951477050781,0,0,0
2018,967,722,1,0,436.803100585938,0,0,0
2019,967,722,1,0,386.490844726562,0,0,0
2020,967,722,1,4.07764322063398,517.227233886719,0,0,4.07764322063398
2021,967,722,1,4.356234435,504.951477050781,0,0,4.356234435
2018,967,724,1,0,436.803100585938,0,0,0
2019,967,724,1,0,386.490844726562,0,0,0
2020,967,724,1,0,517.227233886719,0,0,0
2021,967,724,1,0,504.951477050781,0,0,0
2018,967,726,1,0,436.803100585938,0,0,0
2019,967,726,1,0,386.490844726562,0,0,0
2020,967,726,1,0,517.227233886719,0,0,0
2021,967,726,1,0,504.951477050781,0,0,0
2018,967,728,1,0,436.803100585938,0,0,0
2019,967,728,1,0,386.490844726562,0,0,0
2020,967,728,1,0,517.227233886719,0,0,0
2021,967,728,1,0,504.951477050781,0,0,0
2018,967,732,1,0,436.803100585938,0,0,0
2019,967,732,1,0,386.490844726562,0,0,0
2020,967,732,1,0,517.227233886719,0,0,0
2021,967,732,1,0,504.951477050781,0,0,0
2018,967,733,1,0,436.803100585938,NA,NA,0
2019,967,733,1,0,386.490844726562,NA,NA,0
2020,967,733,1,0,517.227233886719,NA,NA,0
2021,967,733,1,0,504.951477050781,NA,NA,0
2018,967,734,1,0,436.803100585938,0,0,0
2019,967,734,1,0,386.490844726562,0,0,0
2020,967,734,1,0,517.227233886719,0,0,0
2021,967,734,1,0,504.951477050781,0,0,0
2018,967,738,1,0,436.803100585938,0,0,0
2019,967,738,1,0,386.490844726562,0,0,0
2020,967,738,1,0,517.227233886719,0,0,0
2021,967,738,1,0,504.951477050781,0,0,0
2018,967,742,1,0,436.803100585938,0,0,0
2019,967,742,1,0,386.490844726562,0,0,0
2020,967,742,1,1.08022879658284,517.227233886719,0,0,1.08022879658284
2021,967,742,1,1.6215939,504.951477050781,0,0,1.6215939
2018,967,744,1,0,436.803100585938,0.127956870161978,0.000538265880922715,0.0873948034456702
2019,967,744,1,0,386.490844726562,0.201410792203919,0.000751648298796738,0.135224059090451
2020,967,744,1,0,517.227233886719,0.309416772589658,0.00106309265706142,0.0862153999246016
2021,967,744,1,1.10609534784,504.951477050781,0.24871846407345,0.000817752757731716,1.10609534784
2018,967,746,1,0,436.803100585938,0,0,0
2019,967,746,1,0,386.490844726562,0,0,0
2020,967,746,1,0,517.227233886719,0,0,0
2021,967,746,1,0,504.951477050781,0,0,0
2018,967,748,1,0,436.803100585938,0,0,0
2019,967,748,1,0,386.490844726562,0,0,0
2020,967,748,1,0,517.227233886719,0,0,0
2021,967,748,1,0,504.951477050781,0,0,0
2018,967,754,1,0,436.803100585938,0,0,0
2019,967,754,1,0,386.490844726562,0,0,0
2020,967,754,1,0,517.227233886719,0,0,0
2021,967,754,1,0,504.951477050781,0,0,0
2018,967,813,1,0,436.803100585938,0,0,0
2019,967,813,1,0,386.490844726562,0,0,0
2020,967,813,1,0,517.227233886719,0,0,0
2021,967,813,1,0,504.951477050781,0,0,0
2018,967,815,1,0,436.803100585938,0,0,0
2019,967,815,1,0,386.490844726562,0,0,0
2020,967,815,1,0,517.227233886719,0,0,0
2021,967,815,1,0,504.951477050781,0,0,0
2018,967,816,1,0,436.803100585938,0,0,0
2019,967,816,1,0,386.490844726562,0,0,0
2020,967,816,1,0,517.227233886719,0,0,0
2021,967,816,1,0,504.951477050781,0,0,0
2018,967,819,1,0,436.803100585938,0,0,0
2019,967,819,1,0,386.490844726562,0,0,0
2020,967,819,1,0,517.227233886719,0,0,0
2021,967,819,1,0,504.951477050781,0,0,0
2018,967,823,1,0,436.803100585938,0,0,0
2019,967,823,1,0,386.490844726562,0,0,0
2020,967,823,1,0,517.227233886719,0,0,0
2021,967,823,1,0,504.951477050781,0,0,0
2018,967,826,1,0,436.803100585938,0,0,0
2019,967,826,1,0,386.490844726562,0,0,0
2020,967,826,1,0,517.227233886719,0,0,0
2021,967,826,1,0,504.951477050781,0,0,0
2018,967,829,1,0,436.803100585938,NA,NA,0
2019,967,829,1,0,386.490844726562,NA,NA,0
2020,967,829,1,0,517.227233886719,NA,NA,0
2021,967,829,1,0,504.951477050781,NA,NA,0
2018,967,836,1,0,436.803100585938,0,0,0
2019,967,836,1,0,386.490844726562,0,0,0
2020,967,836,1,0,517.227233886719,0,0,0
2021,967,836,1,0,504.951477050781,0,0,0
2018,967,839,1,0,436.803100585938,0,0,0
2019,967,839,1,0,386.490844726562,0,0,0
2020,967,839,1,0,517.227233886719,0,0,0
2021,967,839,1,0,504.951477050781,0,0,0
2018,967,846,1,0,436.803100585938,0,0,0
2019,967,846,1,0,386.490844726562,0,0,0
2020,967,846,1,0,517.227233886719,0,0,0
2021,967,846,1,0,504.951477050781,0,0,0
2018,967,853,1,0,436.803100585938,0,0,0
2019,967,853,1,0,386.490844726562,0,0,0
2020,967,853,1,0,517.227233886719,0,0,0
2021,967,853,1,0,504.951477050781,0,0,0
2018,967,856,1,0,436.803100585938,NA,NA,0
2019,967,856,1,0,386.490844726562,NA,NA,0
2020,967,856,1,0,517.227233886719,NA,NA,0
2021,967,856,1,0,504.951477050781,NA,NA,0
2018,967,859,1,0,436.803100585938,NA,NA,0
2019,967,859,1,0,386.490844726562,NA,NA,0
2020,967,859,1,0,517.227233886719,NA,NA,0
2021,967,859,1,0,504.951477050781,NA,NA,0
2018,967,862,1,0,436.803100585938,0,0,0
2019,967,862,1,0,386.490844726562,0,0,0
2020,967,862,1,0,517.227233886719,0,0,0
2021,967,862,1,0,504.951477050781,0,0,0
2018,967,866,1,0,436.803100585938,0,0,0
2019,967,866,1,0,386.490844726562,0,0,0
2020,967,866,1,0,517.227233886719,0,0,0
2021,967,866,1,0,504.951477050781,0,0,0
2018,967,867,1,0,436.803100585938,0,0,0
2019,967,867,1,0,386.490844726562,0,0,0
2020,967,867,1,0,517.227233886719,0,0,0
2021,967,867,1,0,504.951477050781,0,0,0
2018,967,868,1,0,436.803100585938,0,0,0
2019,967,868,1,0,386.490844726562,0,0,0
2020,967,868,1,0,517.227233886719,0,0,0
2021,967,868,1,0,504.951477050781,0,0,0
2018,967,869,1,0,436.803100585938,0,0,0
2019,967,869,1,0,386.490844726562,0,0,0
2020,967,869,1,0,517.227233886719,0,0,0
2021,967,869,1,0,504.951477050781,0,0,0
2018,967,887,1,0,436.803100585938,0,0,0
2019,967,887,1,0,386.490844726562,0,0,0
2020,967,887,1,0,517.227233886719,0,0,0
2021,967,887,1,0,504.951477050781,0,0,0
2018,967,889,1,0,436.803100585938,NA,NA,0
2019,967,889,1,0,386.490844726562,NA,NA,0
2020,967,889,1,0,517.227233886719,NA,NA,0
2021,967,889,1,0,504.951477050781,NA,NA,0
2018,967,911,1,0,436.803100585938,0,0,0
2019,967,911,1,0,386.490844726562,0,0,0
2020,967,911,1,0,517.227233886719,0,0,0
2021,967,911,1,0,504.951477050781,0,0,0
2018,967,912,1,0,436.803100585938,0,0,0
2019,967,912,1,0,386.490844726562,0,0,0
2020,967,912,1,0,517.227233886719,0,0,0
2021,967,912,1,0,504.951477050781,0,0,0
2018,967,913,1,0,436.803100585938,0,0,0
2019,967,913,1,0,386.490844726562,0,0,0
2020,967,913,1,0,517.227233886719,0,0,0
2021,967,913,1,0,504.951477050781,0,0,0
2018,967,914,1,0,436.803100585938,0,0,0
2019,967,914,1,0,386.490844726562,0,0,0
2020,967,914,1,1.97135532642393,517.227233886719,0.0309962205118131,0.000106496665151585,1.97135532642393
2021,967,914,1,7.79059997296,504.951477050781,0.084296758498358,0.000277156370302768,7.79059997296
2018,967,915,1,0,436.803100585938,0,0,0
2019,967,915,1,0,386.490844726562,0,0,0
2020,967,915,1,0,517.227233886719,0.414773007026482,0.00142507509992648,0.115571694383037
2021,967,915,1,0,504.951477050781,0.134083883473662,0.000440849720934207,0.0265939692075811
2018,967,916,1,0,436.803100585938,0,0,0
2019,967,916,1,0,386.490844726562,0,0,0
2020,967,916,1,0,517.227233886719,0,0,0
2021,967,916,1,0,504.951477050781,0,0,0
2018,967,917,1,0,436.803100585938,0,0,0
2019,967,917,1,0,386.490844726562,0,0,0
2020,967,917,1,0,517.227233886719,0,0,0
2021,967,917,1,0,504.951477050781,0,0,0
2018,967,918,1,0.12095238415,436.803100585938,0.838484261125357,0.00352718434643757,0.12095238415
2019,967,918,1,0,386.490844726562,0.975446953126544,0.0036402867734203,0.654899844173385
2020,967,918,1,0,517.227233886719,1.0622462060346,0.00364966039874105,0.29598260205861
2021,967,918,1,0,504.951477050781,1.11089829713624,0.00365248374070993,0.220333677258077
2018,967,921,1,0,436.803100585938,0,0,0
2019,967,921,1,0,386.490844726562,0.150532994437656,0.000561776595701417,0.101065500573033
2020,967,921,1,0,517.227233886719,0,0,0
2021,967,921,1,0,504.951477050781,0.0109175305516926,3.58953676781729e-05,0.00216536442555807
2018,967,922,1,0,436.803100585938,1.18891924137284,0.00500133101093682,0.812034268117241
2019,967,922,1,0,386.490844726562,1.38058253996653,0.00515221903533198,0.926901547433798
2020,967,922,1,0,517.227233886719,1.68447014482755,0.0057874944109129,0.4693580958197
2021,967,922,1,0,504.951477050781,1.70693493002755,0.00561217178426452,0.338550568438855
2018,967,923,1,0,436.803100585938,0,0,0
2019,967,923,1,0,386.490844726562,0,0,0
2020,967,923,1,0,517.227233886719,0,0,0
2021,967,923,1,0,504.951477050781,0,0,0
2018,967,924,1,0,436.803100585938,0.0267948674873919,0.000112715815368499,0.0183009491748982
2019,967,924,1,0,386.490844726562,0.109466012135468,0.000408518038667874,0.0734937702763009
2020,967,924,1,0,517.227233886719,0.153969042412517,0.000529006094380664,0.0429016903527964
2021,967,924,1,0,504.951477050781,0.183240545981602,0.000602470196022395,0.0363436179738358
2018,967,925,1,0,436.803100585938,0,0,0
2019,967,925,1,0,386.490844726562,0,0,0
2020,967,925,1,0,517.227233886719,0,0,0
2021,967,925,1,0,504.951477050781,0,0,0
2018,967,926,1,0,436.803100585938,0.308657050724524,0.00129840280635913,0.210813395529627
2019,967,926,1,0,386.490844726562,0.510033387245135,0.00190340211493833,0.342428447553653
2020,967,926,1,10.1710198710783,517.227233886719,0.666773129808791,0.00229089590810785,10.1710198710783
2021,967,926,1,9.87831079326,504.951477050781,0.763823778405938,0.00251134954350657,9.87831079326
2018,967,927,1,0,436.803100585938,0,0,0
2019,967,927,1,0,386.490844726562,0,0,0
2020,967,927,1,0,517.227233886719,0,0,0
2021,967,927,1,7.9562771,504.951477050781,0,0,7.9562771
2018,967,928,1,0,436.803100585938,0,0,0
2019,967,928,1,0,386.490844726562,0,0,0
2020,967,928,1,0,517.227233886719,0,0,0
2021,967,928,1,0,504.951477050781,0,0,0
2018,967,935,1,0,436.803100585938,0.890995033613299,0.00374807719240492,0.608551426235503
2019,967,935,1,0,386.490844726562,1.06710371668995,0.00398234217994439,0.716436763205953
2020,967,935,1,0,517.227233886719,1.21941223983537,0.00418965070073623,0.339775097033234
2021,967,935,1,0,504.951477050781,1.31256941715286,0.00431555117787349,0.260332783913084
2018,967,936,1,0,436.803100585938,1.47625307065874,0.00621003513556642,1.00828385988942
2019,967,936,1,0,386.490844726562,1.72726239422678,0.00644599937267353,1.15965698513891
2020,967,936,1,0,517.227233886719,1.88215016791385,0.00646668248217327,0.524439344663608
2021,967,936,1,5.505523296,504.951477050781,2.06890924459325,0.00680229450019097,5.505523296
2018,967,939,1,0,436.803100585938,0,0,0
2019,967,939,1,0,386.490844726562,0,0,0
2020,967,939,1,0,517.227233886719,0,0,0
2021,967,939,1,0,504.951477050781,0,0,0
2018,967,941,1,0,436.803100585938,0,0,0
2019,967,941,1,0,386.490844726562,0,0,0
2020,967,941,1,0,517.227233886719,0,0,0
2021,967,941,1,0,504.951477050781,0,0,0
2018,967,942,1,0,436.803100585938,1.21770726846302,0.00512243129060223,0.831696549368343
2019,967,942,1,0,386.490844726562,1.40596333182769,0.00524693803631401,0.943941814545806
2020,967,942,1,0,517.227233886719,1.47121241730787,0.00505478453778512,0.409936300061058
2021,967,942,1,0,504.951477050781,1.55020129614434,0.00509685273943696,0.307464286289956
2018,967,943,1,0,436.803100585938,0,0,0
2019,967,943,1,0,386.490844726562,0.0829153256847479,0.000309433088530922,0.0556680542150224
2020,967,943,1,5.93266909190378,517.227233886719,0.166121738425817,0.000570760268813775,5.93266909190378
2021,967,943,1,12.9647708323,504.951477050781,0.181043353014656,0.000595246121948593,12.9647708323
2018,967,944,1,0,436.803100585938,5.10566084456822,0.0214775730972103,3.48717677610002
2019,967,944,1,0,386.490844726562,5.64416745428363,0.0210635627749329,3.78940584564962
2020,967,944,1,0,517.227233886719,6.17819114578664,0.0212269993835078,1.7214814051177
2021,967,944,1,0,504.951477050781,6.44397029546955,0.0211869050393673,1.27808609933309
2018,967,946,1,0,436.803100585938,0.330816525517489,0.00139161928785889,0.22594836203466
2019,967,946,1,0,386.490844726562,0.449230827222418,0.00167649202584395,0.301606558719422
2020,967,946,1,0,517.227233886719,0.510705248437224,0.00175467863294004,0.142302102336258
2021,967,946,1,0,504.951477050781,0.561442347817583,0.00184594670100412,0.11135551956642
2018,967,948,1,0,436.803100585938,0,0,0
2019,967,948,1,0,386.490844726562,0.223820148092825,0.000835278148253732,0.150269350515711
2020,967,948,1,0,517.227233886719,0,0,0
2021,967,948,1,0,504.951477050781,0,0,0
2018,967,954,1,0,436.803100585938,0,0,0
2019,967,954,1,0,386.490844726562,0,0,0
2020,967,954,1,0,517.227233886719,0,0,0
2021,967,954,1,0,504.951477050781,0,0,0
2018,967,960,1,0,436.803100585938,2.5973560647637,0.0109260889899871,1.77399949272825
2019,967,960,1,0,386.490844726562,2.94796523868891,0.011001560702512,1.97921780293414
2020,967,960,1,0,517.227233886719,3.30690750163865,0.011361856867519,0.921431473740901
2021,967,960,1,0,504.951477050781,3.36756694965455,0.0110721058453985,0.667917496446713
2018,967,961,1,9.47975832951529,436.803100585938,1.02498343063124,0.00431171541255666,9.47975832951529
2019,967,961,1,6.68149079733677,386.490844726562,1.22610093294357,0.00457570654638535,6.68149079733677
2020,967,961,1,6.36599414104903,517.227233886719,1.37772232033537,0.00473357171287072,6.36599414104903
2021,967,961,1,0.242858186556114,504.951477050781,1.4759752701161,0.00485280757895328,0.242858186556114
2018,967,962,1,0,436.803100585938,0.253486122416394,0.0010663196967183,0.173131538906371
2019,967,962,1,0,386.490844726562,0.393157613486568,0.00146723146313316,0.263959879091991
2020,967,962,1,0,517.227233886719,0.483464244899981,0.00166108412418394,0.134711712214048
2021,967,962,1,0,504.951477050781,0.684875740330874,0.00225177904441276,0.135837088526425
2018,967,963,1,0,436.803100585938,0,0,0
2019,967,963,1,0,386.490844726562,0.0376229813546569,0.000140405832385873,0.0252594818688275
2020,967,963,1,0,517.227233886719,0.0959411534402002,0.000329634152921446,0.0267328911870077
2021,967,963,1,0,504.951477050781,0.155087270100631,0.000509906022805055,0.0307597451587399
2018,967,964,1,26.0373587156,436.803100585938,4.95474990095282,0.0208427481604704,26.0373587156
2019,967,964,1,25.301558515464,386.490844726562,5.50781338792391,0.0205547007577003,25.301558515464
2020,967,964,1,27.31795825913,517.227233886719,5.87907559532271,0.0201992996158136,27.31795825913
2021,967,964,1,24.3562413928141,504.951477050781,6.20768273600233,0.0204100234190508,24.3562413928141
2018,967,968,1,0.22225103795,436.803100585938,1.56809288154222,0.00659637028620266,0.22225103795
2019,967,968,1,0.124636962184984,386.490844726562,1.7773243599654,0.00663282645860128,0.124636962184984
2020,967,968,1,0,517.227233886719,1.93406299837575,0.00664504433505351,0.538904253601902
2021,967,968,1,0,504.951477050781,2.07494027416886,0.00682212371184916,0.411540121968915
2018,967,983,1,43.2711578573675,436.803100585938,NA,NA,0
2019,967,983,1,54.1658805493842,386.490844726562,NA,NA,0
2020,967,983,1,23.8215241559638,517.227233886719,NA,NA,0
2021,967,983,1,15.8171574694582,504.951477050781,NA,NA,0
2018,967,1001,1,0,436.803100585938,0,0,0
2019,967,1001,1,0,386.490844726562,0,0,0
2020,967,1001,1,0,517.227233886719,0,0,0
2021,967,1001,1,0,504.951477050781,0,0,0
2018,967,1003,1,0,436.803100585938,0,0,0
2019,967,1003,1,0,386.490844726562,0,0,0
2020,967,1003,1,0,517.227233886719,0,0,0
2021,967,1003,1,0,504.951477050781,0,0,0
2018,967,1005,1,0,436.803100585938,NA,NA,0
2019,967,1005,1,0,386.490844726562,NA,NA,0
2020,967,1005,1,0,517.227233886719,NA,NA,0
2021,967,1005,1,0,504.951477050781,NA,NA,0
2018,967,1006,1,0,436.803100585938,1.95003445531255,0.00820305320526944,1.33187751246643
2019,967,1006,1,0,386.490844726562,2.23798175704582,0.00835196149131127,1.50254598597536
2020,967,1006,1,0,517.227233886719,2.47323780371494,0.00849753853448326,0.68913906822598
2021,967,1006,1,0,504.951477050781,2.54076000788126,0.00835367615717415,0.503930015024665
2018,967,1007,1,0,436.803100585938,NA,NA,0
2019,967,1007,1,0,386.490844726562,NA,NA,0
2020,967,1007,1,0,517.227233886719,NA,NA,0
2021,967,1007,1,0,504.951477050781,NA,NA,0
2018,967,1008,1,0,436.803100585938,NA,NA,0
2019,967,1008,1,0,386.490844726562,NA,NA,0
2020,967,1008,1,0,517.227233886719,NA,NA,0
2021,967,1008,1,0,504.951477050781,NA,NA,0
2018,967,1009,1,0,436.803100585938,NA,NA,0
2019,967,1009,1,0,386.490844726562,NA,NA,0
2020,967,1009,1,0,517.227233886719,NA,NA,0
2021,967,1009,1,0,504.951477050781,NA,NA,0
2018,967,1012,1,0,436.803100585938,0,0,0
2019,967,1012,1,0,386.490844726562,0,0,0
2020,967,1012,1,0,517.227233886719,0,0,0
2021,967,1012,1,0,504.951477050781,0,0,0
2018,967,1017,1,0,436.803100585938,7.13531803848087,0.030015568877113,4.8734367815186
2019,967,1017,1,0,386.490844726562,7.94384263521798,0.029645758985076,5.33337183254007
2020,967,1017,1,0,517.227233886719,8.3872138915909,0.0288167490945248,2.33700000767461
2021,967,1017,1,0,504.951477050781,8.05304119600953,0.0264773130965425,1.59722648274972
2018,967,1100,1,0,436.803100585938,NA,NA,0
2019,967,1100,1,0,386.490844726562,NA,NA,0
2020,967,1100,1,0,517.227233886719,NA,NA,0
2021,967,1100,1,0,504.951477050781,NA,NA,0
2018,967,1101,1,0,436.803100585938,NA,NA,0
2019,967,1101,1,0,386.490844726562,NA,NA,0
2020,967,1101,1,0,517.227233886719,NA,NA,0
2021,967,1101,1,0,504.951477050781,NA,NA,0
2018,967,1102,1,0,436.803100585938,NA,NA,0
2019,967,1102,1,0,386.490844726562,NA,NA,0
2020,967,1102,1,0,517.227233886719,NA,NA,0
2021,967,1102,1,0,504.951477050781,NA,NA,0
2018,967,1103,1,0,436.803100585938,0,0,0
2019,967,1103,1,0,386.490844726562,0,0,0
2020,967,1103,1,0,517.227233886719,0,0,0
2021,967,1103,1,0,504.951477050781,0,0,0
2018,967,1104,1,0,436.803100585938,NA,NA,0
2019,967,1104,1,0,386.490844726562,NA,NA,0
2020,967,1104,1,0,517.227233886719,NA,NA,0
2021,967,1104,1,0,504.951477050781,NA,NA,0
2018,967,1200,1,0,436.803100585938,0.773050732159662,0.00325193037948748,0.52799522765055
2019,967,1200,1,0,386.490844726562,0.936484248941763,0.00349488120703257,0.62874089332793
2020,967,1200,1,0,517.227233886719,1.05765363735895,0.0036338812734038,0.294702935989641
2021,967,1200,1,0,504.951477050781,1.15020032752628,0.00378170351478519,0.228128775064844
2018,967,1201,1,0,436.803100585938,NA,NA,0
2019,967,1201,1,0,386.490844726562,NA,NA,0
2020,967,1201,1,0,517.227233886719,NA,NA,0
2021,967,1201,1,0,504.951477050781,NA,NA,0
2018,967,3002,1,0,436.803100585938,NA,NA,0
2019,967,3002,1,0,386.490844726562,NA,NA,0
2020,967,3002,1,0,517.227233886719,NA,NA,0
2021,967,3002,1,0,504.951477050781,NA,NA,0
2018,967,9006,1,0,436.803100585938,0,0,0
2019,967,9006,1,0,386.490844726562,0,0,0
2020,967,9006,1,0,517.227233886719,0,0,0
2021,967,9006,1,0,504.951477050781,0,0,0
2018,967,9998,1,0,436.803100585938,NA,NA,0
2019,967,9998,1,0,386.490844726562,NA,NA,0
2020,967,9998,1,0,517.227233886719,NA,NA,0
2021,967,9998,1,0,504.951477050781,NA,NA,0
2018,967,9999,1,0,436.803100585938,NA,NA,0
2019,967,9999,1,0,386.490844726562,NA,NA,0
2020,967,9999,1,0,517.227233886719,NA,NA,0
2021,967,9999,1,0,504.951477050781,NA,NA,0
