"year","source","host","eqasset","debtasset","shareeqp","sharedebtp","shareeqalloc","sharedebtalloc","toteqasset","totdebtasset","augmeqasset","augmdebtasset"
2021,138,111,553007.8064,199899.3696,0.295718276108754,0.282363308601511,0.408288798448673,0.176046904347011,1354452.5,1135489.25,553007.783780801,199899.367381809
2021,138,112,81815.6262,53630.8752,0.123838976179293,0.179879093050456,0.0604049406336261,0.0472315124118374,1354452.5,1135489.25,81815.6228535664,53630.874604883
2021,138,122,1560.7228,45685.6862,0.00634996325766018,0.0181619853100266,0.0011522904909276,0.0402343621421753,1354452.5,1135489.25,1560.72273616311,45685.6856930471
2021,138,124,6127.366,51375.8686,0.0234510965352549,0.0343284436189313,0.00452386905364172,0.0452455785291721,1354452.5,1135489.25,6127.36574937766,51375.8680299058
2021,138,128,10720.059,6280.267,0.00540132312932672,0.00931591506083224,0.00791468033137133,0.00553089069782984,1354452.5,1135489.25,10720.0585615267,6280.26693031078
2021,138,132,41464.486,182695.1756,0.0727717121782872,0.115085627749624,0.0306134650746439,0.160895555438078,1354452.5,1135489.25,41464.4843040141,182695.173572716
2021,138,134,42988.9656,214445.3514,0.068731354009054,0.157117083682428,0.03173899700555,0.188857225218468,1354452.5,1135489.25,42988.9638416596,214445.349020399
2021,138,135,0,1.1326,0.000112296342980779,7.45951199915101e-05,0,9.97455491042352e-07,1354452.5,1135489.25,0,1.13259998743206
2021,138,136,5847.6138,16574.4684,0.00816378572949934,0.0232685206831696,0.00431732641847545,0.0145967636559138,1354452.5,1135489.25,5847.61356082013,16574.4682160808
2021,138,137,128178.6072,25904.8272,0.215661116504803,0.0550821994634061,0.0946349923361813,0.0228138019911207,1354452.5,1135489.25,128178.601957222,25904.8269125461
2021,138,139,0,0,NA,NA,0,0,1354452.5,1135489.25,0,0
2021,138,142,4047.9124,7220.325,0.00420502069001042,0.0071583742677186,0.00298859667240583,0.00635877875539499,1354452.5,1135489.25,4047.91223443175,7220.32491987939
2021,138,144,17589.278,9918.17820000001,0.0100980432444407,0.0192386029803964,0.012986263660454,0.00873471773505788,1354452.5,1135489.25,17589.277280561,9918.17808994257
2021,138,146,27934.4464,8042.5926,0.0423713460885059,0.00747774527707499,0.0206241601366025,0.00708293144189174,1354452.5,1135489.25,27934.4452574216,8042.59251075507
2021,138,156,18686.7674,15608.3606,0.0106788695793315,0.00891181219800091,0.0137965463061062,0.0137459341220546,1354452.5,1135489.25,18686.7666356714,15608.3604268012
2021,138,158,46167.0412,11376.967,0.0137225333783171,0.00424379360297222,0.0340853882374388,0.0100194404075204,1354452.5,1135489.25,46167.0393116696,11376.9668737551
2021,138,172,4504.3502,24946.6476,0.00485685519814382,0.00595039120445769,0.0033255872876771,0.0219699546456988,1354452.5,1135489.25,4504.35001576247,24946.6473231786
2021,138,174,617.267,240.1112,0.000464809397979059,0.00123026927367305,0.000455731725366865,0.000211460564100979,1354452.5,1135489.25,617.266974752463,240.111197335597
2021,138,176,101.934,349.9734,0.000153396510347719,0.000920069503047432,7.52584500605832e-05,0.000308213746732087,1354452.5,1135489.25,101.933995830682,349.973396116507
2021,138,178,123685.583,25081.427,0.0566165216921924,0.0247453030304632,0.0913177670985109,0.0220886518491329,1354452.5,1135489.25,123685.577940996,25081.426721683
2021,138,181,88.3428,22.652,0.000288691946111428,0.00011545216536011,6.52239900525054e-05,1.9949109820847e-05,1354452.5,1135489.25,88.3427963865911,22.6519997486412
2021,138,182,534.5872,5613.1656,0.000867295739737104,0.00236483799807578,0.000394688760317725,0.0049433894136059,1354452.5,1135489.25,534.587178134244,5613.1655377133
2021,138,184,13819.9852,35550.0488,0.0118748721111754,0.0177423140154365,0.0102033734182137,0.0313081329528373,1354452.5,1135489.25,13819.9846347331,35550.0484055175
2021,138,186,474.5594,2781.6656,0.00169070779018777,0.00225611933546,0.000350369895282048,0.00244975068600002,1354452.5,1135489.25,474.559380589509,2781.66556913314
2021,138,193,22422.0822,9958.95180000001,0.00632805109061651,0.00774702773349744,0.0165543503983263,0.00877062613273541,1354452.5,1135489.25,22422.081282889,9958.95168949013
2021,138,196,681.8252,616.1344,0.000346360607792966,0.000633258012619444,0.000503395410405234,0.000542615787127039,1354452.5,1135489.25,681.825172111895,616.134393163042
2021,138,199,3935.785,6960.9596,0.000804881158372512,0.000520463198393959,0.00290581237733918,0.00613036144794629,1354452.5,1135489.25,3935.784839018,6960.95952275745
2021,138,213,37.3758,897.0192,3.45582843528978e-05,9.6376365256905e-05,2.75947650222138e-05,0.000789984748905543,1354452.5,1135489.25,37.3757984712501,897.019190046193
2021,138,218,21.5194,55.4974,4.34365993393032e-06,7.12434819281799e-06,1.58878950127898e-05,4.88753190610752e-05,1354452.5,1135489.25,21.5193991198107,55.497399384171
2021,138,223,4470.3722,7908.9458,0.000691861877367608,0.000689826521307828,0.00330050113765691,0.00696523169394874,1354452.5,1135489.25,4470.37201715224,7908.94571223809
2021,138,228,742.9856,2920.9754,7.53756760755832e-05,0.000143368647234423,0.000548550480441584,0.00257243771139822,1354452.5,1135489.25,742.985569610305,2920.97536758729
2021,138,233,193.6746,5002.6942,3.70303252029175e-05,0.000117592706971747,0.000142991055115108,0.00440576090393407,1354452.5,1135489.25,193.674592078296,5002.69414448742
2021,138,238,1.1326,568.5652,3.29904379094346e-06,1.73191107985661e-05,8.36205000673146e-07,0.000500722656503261,1354452.5,1135489.25,1.13259995367424,568.565193690895
2021,138,243,0,1932.2156,3.13192043917861e-06,3.23021067509248e-05,0,0.00170165906771825,1354452.5,1135489.25,0,1932.2155785591
2021,138,248,0,886.8258,1.89442770945563e-06,2.25803366075122e-05,0,0.000781007649486161,1354452.5,1135489.25,0,886.825790159304
2021,138,253,0,334.117,3.82305075146565e-06,2.25492388666761e-05,0,0.000294249369857494,1354452.5,1135489.25,0,334.116996292458
2021,138,258,0,542.5154,3.44350375457225e-06,1.34376401396174e-05,0,0.000477781180209286,1354452.5,1135489.25,0,542.515393979958
2021,138,263,0,0,4.82422340798399e-06,4.7268247187058e-06,0,0,1354452.5,1135489.25,0,0
2021,138,268,0,154.0336,4.23994965408407e-06,1.27168394788502e-05,0,0.00013565394678176,1354452.5,1135489.25,0,154.03359829076
2021,138,273,2540.4218,10669.092,0.000310265233291737,0.00076371749290244,0.00187560781650987,0.00939603072561895,1354452.5,1135489.25,2540.42169609133,10669.09188161
2021,138,278,5.663,56.63,4.46640730372747e-06,5.29288400629605e-06,4.18102500336573e-06,4.98727745521176e-05,1354452.5,1135489.25,5.66299976837122,56.6299993716031
2021,138,283,98.5362000000001,2158.7356,6.06133406901117e-05,6.15199441715455e-05,7.27498350585638e-05,0.00190115016592672,1354452.5,1135489.25,98.5361959696594,2158.73557604551
2021,138,288,2.2652,672.7644,3.4114007108987e-06,1.00592545715845e-05,1.67241000134629e-06,0.000592488561679157,1354452.5,1135489.25,2.26519990734849,672.764392534645
2021,138,293,18.1216,3045.5614,3.60985319877344e-05,9.22344599813115e-05,1.33792800107703e-05,0.00268215781541288,1354452.5,1135489.25,18.1215992587879,3045.56136620481
2021,138,298,0,1191.4952,6.51009210838618e-06,4.38228799137726e-05,0,0.00104932317657655,1354452.5,1135489.25,0,1191.49518677853
2021,138,299,1.1326,28.315,5.16913987037899e-06,5.88304563370737e-05,8.36205000673146e-07,2.49363872760588e-05,1354452.5,1135489.25,1.13259995367424,28.3149996858015
2021,138,311,0,0,3.43529309505072e-06,4.93403087617218e-06,0,0,1354452.5,1135489.25,0,0
2021,138,312,0,0,7.77738660405279e-06,6.10186656477395e-06,0,0,1354452.5,1135489.25,0,0
2021,138,313,1.1326,465.4986,4.93119151946747e-05,4.29026795087733e-05,8.36205000673146e-07,0.000409954206818407,1354452.5,1135489.25,1.13259995367424,465.498594834577
2021,138,314,0,0,1.55510573469411e-05,1.51336504164987e-05,0,0,1354452.5,1135489.25,0,0
2021,138,316,0,11.326,3.88904245592452e-06,1.33566488719859e-05,0,9.97455491042352e-06,1354452.5,1135489.25,0,11.3259998743206
2021,138,319,14412.335,4058.1058,0.000760333634028602,0.00019967260919965,0.0106407086335658,0.00357388302440475,1354452.5,1135489.25,14412.3344105048,4058.10575496908
2021,138,321,0,0,4.01991075506956e-06,4.4789298996071e-06,0,0,1354452.5,1135489.25,0,0
2021,138,323,0,0,NA,NA,0,0,1354452.5,1135489.25,0,0
2021,138,326,0,0,8.00605895729079e-05,4.16394867785369e-05,0,0,1354452.5,1135489.25,0,0
2021,138,328,0,0,4.31401223100336e-06,3.22809589476566e-06,0,0,1354452.5,1135489.25,0,0
2021,138,329,0,0,NA,NA,NA,NA,1354452.5,1135489.25,NA,NA
2021,138,333,0,0,NA,NA,NA,NA,1354452.5,1135489.25,NA,NA
2021,138,336,0,0,5.59726637256248e-06,4.87751742486461e-06,0,0,1354452.5,1135489.25,0,0
2021,138,339,0,1.1326,2.28139836228047e-06,4.51551260632202e-06,0,9.97455491042352e-07,1354452.5,1135489.25,0,1.13259998743206
2021,138,343,0,322.791,3.80023429906125e-06,2.09702765460456e-05,0,0.00028427481494707,1354452.5,1135489.25,0,322.790996418138
2021,138,349,0,0,NA,NA,NA,NA,1354452.5,1135489.25,NA,NA
2021,138,351,0,0,5.2142152722981e-06,4.83562019121793e-06,0,0,1354452.5,1135489.25,0,0
2021,138,353,0,0,NA,NA,NA,NA,1354452.5,1135489.25,NA,NA
2021,138,355,432.6532,184.6138,0.000112451645220924,4.61579394668683e-05,0.000319430310257142,0.000162585245039903,1354452.5,1135489.25,432.653182303561,184.613797951426
2021,138,357,0,0,NA,NA,0,0,1354452.5,1135489.25,0,0
2021,138,361,0,0,2.76059669981798e-06,5.89188517488328e-06,0,0,1354452.5,1135489.25,0,0
2021,138,362,0,0,4.05813871764813e-06,5.13478029123496e-06,0,0,1354452.5,1135489.25,0,0
2021,138,363,0,0,NA,NA,NA,NA,1354452.5,1135489.25,NA,NA
2021,138,364,0,0,5.03388477481242e-06,4.69212624286952e-06,0,0,1354452.5,1135489.25,0,0
2021,138,366,0,7.9282,1.12477436728044e-05,7.09950970837244e-06,0,6.98218843729646e-06,1354452.5,1135489.25,0,7.92819991202443
2021,138,369,0,160.8292,5.01634399559552e-06,1.85025533090759e-05,0,0.000141638679728014,1354452.5,1135489.25,0,160.829198215353
2021,138,372,0,3.3978,NA,NA,0,2.99236647312706e-06,1354452.5,1135489.25,0,3.39779996229619
2021,138,374,0,0,NA,NA,0,0,1354452.5,1135489.25,0,0
2021,138,377,55230.1064,7603.1438,0.00256969313068536,0.00226141371968484,0.0407767006528253,0.00669591871136731,1354452.5,1135489.25,55230.1041409709,7603.14371563143
2021,138,381,0,0,5.8120179094427e-06,7.125386941786e-06,0,0,1354452.5,1135489.25,0,0
2021,138,419,2.2652,782.6266,1.58302345163741e-05,3.11988403621902e-05,1.67241000134629e-06,0.000689241744310265,1354452.5,1135489.25,2.26519990734849,782.626591315555
2021,138,423,194.8072,19.2542,4.86209585242353e-05,0.0001037523142488,0.000143827260115781,1.695674334772e-05,1354452.5,1135489.25,194.80719203197,19.254199786345
2021,138,429,0,0,7.81490193468155e-06,7.89405057969452e-06,0,0,1354452.5,1135489.25,0,0
2021,138,433,0,94.0058,6.92080903308287e-06,2.03365445842005e-05,0,8.27888057565152e-05,1354452.5,1135489.25,0,94.0057989568611
2021,138,436,1246.9926,423.5924,0.000248879029101583,0.000169167822865204,0.000920661705741134,0.00037304835364984,1354452.5,1135489.25,1246.99254899534,423.592395299591
2021,138,439,0,197.0724,8.12042719806942e-06,1.59806868869085e-05,0,0.000173557255441369,1354452.5,1135489.25,0,197.072397813179
2021,138,443,320.5258,122.3208,1.98624527745177e-05,2.2034814772453e-05,0.0002366460151905,0.000107725193032574,1354452.5,1135489.25,320.525786889811,122.320798642663
2021,138,446,0,71.3538,9.97248669949944e-06,2.60853173235799e-05,0,6.28396959356682e-05,1354452.5,1135489.25,0,71.3537992082199
2021,138,449,2.2652,1020.4726,1.14230892674563e-05,1.88526459726975e-05,1.67241000134629e-06,0.000898707397429159,1354452.5,1135489.25,2.26519990734849,1020.47258867629
2021,138,453,471.1616,1808.7622,9.05054737539364e-05,0.000163837761240005,0.000347861280280029,0.00159293641919464,1354452.5,1135489.25,471.161580728486,1808.762179929
2021,138,456,2406.775,706.7424,7.64094785386187e-05,6.70171727413076e-05,0.00177693562643044,0.000622412226410427,1354452.5,1135489.25,2406.77490155777,706.742392157606
2021,138,463,0,0,7.03333062942033e-06,5.15678505917537e-06,0,0,1354452.5,1135489.25,0,0
2021,138,466,916.2734,1704.563,5.96361218722008e-05,0.000188623077674475,0.000676489845544575,0.00150117051401874,1354452.5,1135489.25,916.273362522464,1704.56298108525
2021,138,469,129.1164,1399.8936,6.4243132459999e-05,4.3214513230664e-05,9.53273700767387e-05,0.00123285498692835,1354452.5,1135489.25,129.116394718864,1399.89358446603
2021,138,474,0,0,6.62017504058008e-06,5.16796514680064e-06,0,0,1354452.5,1135489.25,0,0
2021,138,487,0,0,5.1656381230097e-06,5.37523806174889e-06,0,0,1354452.5,1135489.25,0,0
2021,138,512,0,0,6.36551943655193e-06,4.94675345761071e-06,0,0,1354452.5,1135489.25,0,0
2021,138,513,2.2652,0,1.15183096056283e-05,7.38852006619945e-06,1.67241000134629e-06,0,1354452.5,1135489.25,2.26519990734849,0
2021,138,514,0,0,5.78060824127258e-06,4.55528926764008e-06,0,0,1354452.5,1135489.25,0,0
2021,138,516,0,0,8.349440942618e-06,5.07755471285857e-06,0,0,1354452.5,1135489.25,0,0
2021,138,518,3.3978,0,5.50420580930294e-06,3.8447182707879e-06,2.50861500201944e-06,0,1354452.5,1135489.25,3.39779986102273,0
2021,138,522,26.0498,6.7956,6.02334524227515e-06,4.22289256864919e-06,1.92327150154824e-05,5.98473294625411e-06,1354452.5,1135489.25,26.0497989345076,6.79559992459237
2021,138,524,3.3978,280.8848,9.99939580475959e-06,2.28939357127802e-05,2.50861500201944e-06,0.000247368961778503,1354452.5,1135489.25,3.39779986102273,280.884796883151
2021,138,528,20213.5122,92.8732,0.000475472135326744,3.75422624210685e-05,0.0149237506470136,8.17913502654728e-05,1354452.5,1135489.25,20213.5113732242,92.873198969429
2021,138,532,10555.832,732.7922,0.000916056472423825,0.000213179420647189,0.00779343060627372,0.000645353702704402,1354452.5,1135489.25,10555.831568244,732.792191868544
2021,138,534,14168.826,1090.6938,0.000285591762688289,0.000120208859787247,0.0104609245584211,0.000960549637873785,1354452.5,1135489.25,14168.8254204648,1090.69378789708
2021,138,536,2196.1114,9315.63500000001,0.000268593629518822,0.000194289454689603,0.00162140149630523,0.00820407141382335,1354452.5,1135489.25,2196.11131017436,9315.63489662872
2021,138,537,0,0,5.56196422246293e-06,4.22593366514661e-06,0,0,1354452.5,1135489.25,0,0
2021,138,542,15336.5366,2974.2076,0.000688446511943512,0.000558775982631786,0.0113230519141151,0.00261931811947722,1354452.5,1135489.25,15336.5359727029,2974.20756699659
2021,138,544,0,0,6.47750237118268e-06,5.44205625219317e-06,0,0,1354452.5,1135489.25,0,0
2021,138,546,0,7.9282,1.86182526918606e-05,1.41450361860716e-05,0,6.98218843729646e-06,1354452.5,1135489.25,0,7.92819991202443
2021,138,548,1319.479,5670.9282,0.000167567705088988,0.000142203386677369,0.000974178825784216,0.00499425964364906,1354452.5,1135489.25,1319.4789460305,5670.92813707233
2021,138,556,0,1.1326,3.85086611594922e-06,4.36393465045659e-06,0,9.97455491042352e-07,1354452.5,1135489.25,0,1.13259998743206
2021,138,558,3.3978,0,5.67051230477948e-06,4.70912193397536e-06,2.50861500201944e-06,0,1354452.5,1135489.25,3.39779986102273,0
2021,138,564,13.5912,412.2664,1.84644951997885e-05,2.08763385079595e-05,1.00344600080778e-05,0.000363073798739416,1354452.5,1135489.25,13.5911994440909,412.26639542527
2021,138,565,0,0,3.63679593067658e-06,3.62365401100604e-06,0,0,1354452.5,1135489.25,0,0
2021,138,566,1633.2092,1428.2086,8.26470986399711e-05,0.000101175964166413,0.00120580761097068,0.00125779137420441,1354452.5,1135489.25,1633.20913319826,1428.20858415183
2021,138,576,9051.73920000001,1403.2914,0.000390546346199871,0.00027246963846159,0.00668295036537979,0.00123584735340147,1354452.5,1135489.25,9051.73882976457,1403.29138442832
2021,138,578,2214.233,4864.517,0.000147164569067356,5.65204320400076e-05,0.001634780776316,0.0042840713340269,1354452.5,1135489.25,2214.23290943315,4864.5169460207
2021,138,582,139.3098,173.2878,2.73300179820518e-05,2.2357820804622e-05,0.000102853215082797,0.00015261069012948,1354452.5,1135489.25,139.309794301932,173.287798077105
2021,138,611,0,0,5.50535957564268e-06,5.06316662356814e-06,0,0,1354452.5,1135489.25,0,0
2021,138,612,0,0,8.4234018765423e-06,9.49261754418916e-06,0,0,1354452.5,1135489.25,0,0
2021,138,614,23.7846,631.9908,6.69839588545006e-06,1.33490450542638e-05,1.75603050141361e-05,0.000556580164001632,1354452.5,1135489.25,23.7845990271591,631.990792987091
2021,138,616,1.1326,0,4.83608594840588e-06,4.70687278954171e-06,8.36205000673146e-07,0,1354452.5,1135489.25,1.13259995367424,0
2021,138,618,0,0,4.98270425368584e-06,6.62736761576759e-06,0,0,1354452.5,1135489.25,0,0
2021,138,622,0,12.4586,4.56028394784892e-06,8.30548090877702e-06,0,1.09720104014659e-05,1354452.5,1135489.25,0,12.4585998617527
2021,138,624,66.8234,0,7.27357037890972e-06,5.66378710488903e-06,4.93360950397156e-05,0,1354452.5,1135489.25,66.8233972667804,0
2021,138,626,0,0,5.67909330910115e-06,5.58950808154317e-06,0,0,1354452.5,1135489.25,0,0
2021,138,628,0,0,6.08921962568324e-06,5.38313296801716e-06,0,0,1354452.5,1135489.25,0,0
2021,138,632,0,0,5.45984292575393e-06,4.76363055487604e-06,0,0,1354452.5,1135489.25,0,0
2021,138,634,0,2.2652,4.50841967289036e-06,6.1024964174002e-06,0,1.9949109820847e-06,1354452.5,1135489.25,0,2.26519997486412
2021,138,636,0,0,5.26557056511046e-06,5.80923642137869e-06,0,0,1354452.5,1135489.25,0,0
2021,138,638,0,13.5912,5.66550293304447e-06,6.62506204456857e-06,0,1.19694658925082e-05,1354452.5,1135489.25,0,13.5911998491847
2021,138,642,0,0,4.77321287703085e-06,4.95714733592891e-06,0,0,1354452.5,1135489.25,0,0
2021,138,643,0,0,6.2112307179636e-06,5.47437853467897e-06,0,0,1354452.5,1135489.25,0,0
2021,138,644,0,15.8564,4.40553896530805e-06,8.39691444492526e-06,0,1.39643768745929e-05,1354452.5,1135489.25,0,15.8563998240489
2021,138,646,0,110.9948,6.15066151592344e-06,1.38788924307679e-05,0,9.77506381221505e-05,1354452.5,1135489.25,0,110.994798768342
2021,138,648,0,3.3978,6.39532092904328e-06,6.39340692724818e-06,0,2.99236647312706e-06,1354452.5,1135489.25,0,3.39779996229619
2021,138,652,15.8564,972.9034,8.22689817740565e-06,2.2677438363236e-05,1.1706870009424e-05,0.00085681426680538,1354452.5,1135489.25,15.8563993514394,972.903389204141
2021,138,654,0,0,7.65369881938409e-06,6.14920999472771e-06,0,0,1354452.5,1135489.25,0,0
2021,138,656,0,0,6.54396803495912e-06,6.12944297712745e-06,0,0,1354452.5,1135489.25,0,0
2021,138,662,0,348.8408,8.3903446739872e-06,2.8951544016995e-05,0,0.000307216291241044,1354452.5,1135489.25,0,348.840796129075
2021,138,664,21.5194,289.9456,1.16191349858543e-05,1.36994190221899e-05,1.58878950127898e-05,0.000255348605706842,1354452.5,1135489.25,21.5193991198107,289.945596782608
2021,138,666,0,0,5.70940314368008e-06,4.59608480516302e-06,0,0,1354452.5,1135489.25,0,0
2021,138,668,103.0666,150.6358,3.76179866221649e-05,2.04835591198825e-05,7.60946550612563e-05,0.000132661580308633,1354452.5,1135489.25,103.066595784356,150.635798328464
2021,138,672,0,0,5.89767476988098e-06,6.38784639960041e-06,0,0,1354452.5,1135489.25,0,0
2021,138,674,0,0,5.14128440700625e-06,4.68037791344462e-06,0,0,1354452.5,1135489.25,0,0
2021,138,676,166.4922,0,5.65174664891704e-06,4.86891332064674e-06,0.000122922135098953,0,1354452.5,1135489.25,166.492193190114,0
2021,138,678,0,0,6.50908252396865e-06,6.26377780702924e-06,0,0,1354452.5,1135489.25,0,0
2021,138,682,0,0,7.28956463903624e-06,6.96118432992524e-06,0,0,1354452.5,1135489.25,0,0
2021,138,684,441.714,321.6584,3.46760507474599e-05,1.61319357292189e-05,0.000326119950262527,0.000283277359456028,1354452.5,1135489.25,441.713981932955,321.658396430706
2021,138,686,0,510.8026,2.47792130674296e-05,4.81058120987903e-05,0,0.000449852426460101,1354452.5,1135489.25,0,510.80259433186
2021,138,687,0,0,NA,NA,0,0,1354452.5,1135489.25,0,0
2021,138,688,0,67.956,7.26352502462479e-06,7.02377813493535e-06,0,5.98473294625411e-05,1354452.5,1135489.25,0,67.9559992459237
2021,138,692,0,0,5.92567254292978e-06,6.91093136479677e-06,0,0,1354452.5,1135489.25,0,0
2021,138,694,53.2322,787.157,2.1837708587756e-05,3.14273798128794e-05,3.93016350316379e-05,0.000693231566274435,1354452.5,1135489.25,53.2321978226895,787.156991265283
2021,138,696,0,0,NA,NA,NA,NA,1354452.5,1135489.25,NA,NA
2021,138,698,0,54.3648,5.7584022579506e-06,6.15668580103973e-06,0,4.78778635700329e-05,1354452.5,1135489.25,0,54.364799396739
2021,138,714,0,36.2432,4.92250227474902e-06,7.21576841017073e-06,0,3.19185757133553e-05,1354452.5,1135489.25,0,36.243199597826
2021,138,716,0,0,6.53059232733529e-06,5.5394133821741e-06,0,0,1354452.5,1135489.25,0,0
2021,138,718,0,2.2652,4.15247015719107e-06,5.65248829072763e-06,0,1.9949109820847e-06,1354452.5,1135489.25,0,2.26519997486412
2021,138,722,5.663,181.216,8.88549547539452e-06,1.56371749939387e-05,4.18102500336573e-06,0.000159592878566776,1354452.5,1135489.25,5.66299976837122,181.21599798913
2021,138,724,0,0,6.96710482606675e-06,6.54147074919225e-06,0,0,1354452.5,1135489.25,0,0
2021,138,726,0,0,4.81546890561513e-06,4.73864222190064e-06,0,0,1354452.5,1135489.25,0,0
2021,138,728,0,47.5692,4.82647020907872e-06,1.06638714662656e-05,0,4.18931306237788e-05,1354452.5,1135489.25,0,47.5691994721466
2021,138,732,0,0,7.38723813335892e-06,5.899977564439e-06,0,0,1354452.5,1135489.25,0,0
2021,138,733,0,0,NA,NA,0,0,1354452.5,1135489.25,0,0
2021,138,734,0,0,4.65774937498633e-06,4.75704765087676e-06,0,0,1354452.5,1135489.25,0,0
2021,138,738,0,2.2652,6.19389224116664e-06,7.14140957050497e-06,0,1.9949109820847e-06,1354452.5,1135489.25,0,2.26519997486412
2021,138,742,0,13.5912,6.47605053933457e-06,8.71809612944904e-06,0,1.19694658925082e-05,1354452.5,1135489.25,0,13.5911998491847
2021,138,744,3.3978,72.4864,1.15344775948415e-05,4.5129743218843e-05,2.50861500201944e-06,6.38371514267105e-05,1354452.5,1135489.25,3.39779986102273,72.486399195652
2021,138,746,29.4476,4.5304,7.6141701823692e-06,5.60108340368126e-06,2.17413300175018e-05,3.98982196416941e-06,1354452.5,1135489.25,29.4475987955304,4.53039994972825
2021,138,748,0,0,6.61090449192094e-06,6.22649866581335e-06,0,0,1354452.5,1135489.25,0,0
2021,138,754,43.0388,186.879,6.97021238923492e-06,1.20521086890052e-05,3.17757900255796e-05,0.000164580156021988,1354452.5,1135489.25,43.0387982396213,186.87899792629
2021,138,813,0,0,4.38737489897199e-06,3.87017158394663e-06,0,0,1354452.5,1135489.25,0,0
2021,138,815,0,0,4.3591752264494e-06,4.14445268569863e-06,0,0,1354452.5,1135489.25,0,0
2021,138,816,126.8512,0,3.03533793748597e-05,2.02257777871215e-05,9.36549600753924e-05,0,1354452.5,1135489.25,126.851194811515,0
2021,138,819,0,0,3.89753698316819e-06,3.75407340031235e-06,0,0,1354452.5,1135489.25,0,0
2021,138,823,3.3978,0,2.12490231421635e-05,2.7210118080895e-05,2.50861500201944e-06,0,1354452.5,1135489.25,3.39779986102273,0
2021,138,826,0,0,4.66031144880426e-06,4.0196242524757e-06,0,0,1354452.5,1135489.25,0,0
2021,138,829,0,0,NA,NA,0,0,1354452.5,1135489.25,0,0
2021,138,836,0,0,4.83676165560994e-06,3.80795386718494e-06,0,0,1354452.5,1135489.25,0,0
2021,138,839,0,0,7.41286405504809e-06,5.09283699789883e-06,0,0,1354452.5,1135489.25,0,0
2021,138,846,0,0,3.74028766849414e-06,3.48773064807919e-06,0,0,1354452.5,1135489.25,0,0
2021,138,853,1.1326,49.8344,2.22484322403414e-05,4.86447434772602e-06,8.36205000673146e-07,4.38880416058635e-05,1354452.5,1135489.25,1.13259995367424,49.8343994470107
2021,138,856,0,0,NA,NA,0,0,1354452.5,1135489.25,0,0
2021,138,859,0,0,NA,NA,0,0,1354452.5,1135489.25,0,0
2021,138,862,0,0,2.96081251909763e-06,3.53193808940925e-06,0,0,1354452.5,1135489.25,0,0
2021,138,866,0,0,4.09526744207542e-06,3.51689007420151e-06,0,0,1354452.5,1135489.25,0,0
2021,138,867,36.2432,35.1106,1.42239405947986e-05,1.493922700307e-05,2.67585600215407e-05,3.09211202223129e-05,1354452.5,1135489.25,36.2431985175758,35.1105996103939
2021,138,868,0,0,3.92573223945841e-06,3.69790625701301e-06,0,0,1354452.5,1135489.25,0,0
2021,138,869,0,0,5.12170719295211e-06,3.87653875583124e-06,0,0,1354452.5,1135489.25,0,0
2021,138,887,0,0,5.78810611831839e-06,5.11876960738617e-06,0,0,1354452.5,1135489.25,0,0
2021,138,889,0,0,NA,NA,0,0,1354452.5,1135489.25,0,0
2021,138,911,24.9172,104.1992,5.00493365623758e-06,9.71881935157064e-06,1.83965100148092e-05,9.17659051758964e-05,1354452.5,1135489.25,24.9171989808334,104.19919884375
2021,138,912,1.1326,539.1176,5.49963114591095e-06,2.06779683471807e-05,8.36205000673146e-07,0.00047478881373616,1354452.5,1135489.25,1.13259995367424,539.117594017661
2021,138,913,0,41.9062,6.77128253927203e-06,1.6652454578042e-05,0,3.6905853168567e-05,1354452.5,1135489.25,0,41.9061995349863
2021,138,914,0,1.1326,7.89222865210187e-06,1.37225373986566e-05,0,9.97455491042352e-07,1354452.5,1135489.25,0,1.13259998743206
2021,138,915,36.2432,71.3538,5.91172934170099e-06,1.96396102494682e-05,2.67585600215407e-05,6.28396959356682e-05,1354452.5,1135489.25,36.2431985175758,71.3537992082199
2021,138,916,62.293,810.9416,1.88065765070922e-05,6.54057262046494e-05,4.5991275037023e-05,0.000714178131586324,1354452.5,1135489.25,62.2929974520835,810.941591001356
2021,138,917,4.5304,2.2652,5.87067370897838e-06,5.26322575976917e-06,3.34482000269259e-06,1.9949109820847e-06,1354452.5,1135489.25,4.53039981469698,2.26519997486412
2021,138,918,0,106.4644,1.201780075821e-05,6.16711918950219e-05,0,9.37608161579811e-05,1354452.5,1135489.25,0,106.464398818614
2021,138,921,0,2.2652,5.89844902651171e-06,6.53582423440337e-06,0,1.9949109820847e-06,1354452.5,1135489.25,0,2.26519997486412
2021,138,922,3187.1364,2317.2996,0.000639981939256128,0.000342284434944908,0.00235308087189423,0.00204079393467265,1354452.5,1135489.25,3187.13626963932,2317.299574286
2021,138,923,1.1326,5.663,6.43167397687226e-06,6.29121466840355e-06,8.36205000673146e-07,4.98727745521176e-06,1354452.5,1135489.25,1.13259995367424,5.66299993716031
2021,138,924,15866.5934,6177.2004,0.00048828440123477,0.000140222704230675,0.0117143958544301,0.00544012224814499,1354452.5,1135489.25,15866.5927510225,6177.20033145446
2021,138,925,0,0,5.01318337056541e-06,4.7505326090942e-06,0,0,1354452.5,1135489.25,0,0
2021,138,926,1.1326,1570.9162,1.10460033136686e-05,7.10865348853517e-05,8.36205000673146e-07,0.00138347076607574,1354452.5,1135489.25,1.13259995367424,1570.91618256827
2021,138,927,0,200.4702,5.25364328041182e-06,6.94675916438728e-06,0,0.000176549621914496,1354452.5,1135489.25,0,200.470197775475
2021,138,928,0,0,4.76996650849678e-06,6.13540396472976e-06,0,0,1354452.5,1135489.25,0,0
2021,138,935,117.7904,3101.0588,0.000195300229252935,0.000315801206270355,8.69653200700072e-05,0.00273103313447396,1354452.5,1135489.25,117.790395182121,3101.05876558898
2021,138,936,89.4754,1380.6394,1.3575277312186e-05,0.000198818506865727,6.60601950531786e-05,0.00121589824358063,1354452.5,1135489.25,89.4753963402653,1380.63938467968
2021,138,939,0,32.8454,2.46154880502084e-05,5.13177225580904e-05,0,2.89262092402282e-05,1354452.5,1135489.25,0,32.8453996355298
2021,138,941,0,161.9618,1.43088839116771e-05,5.63805506203113e-05,0,0.000142636135219056,1354452.5,1135489.25,0,161.961798202785
2021,138,942,0,315.9954,1.03728175387139e-05,3.73734719125625e-05,0,0.000278290082000816,1354452.5,1135489.25,0,315.995396493545
2021,138,943,0,1.1326,5.13136495530302e-06,1.45729848578012e-05,0,9.97455491042352e-07,1354452.5,1135489.25,0,1.13259998743206
2021,138,944,481.355,2723.903,0.000177769817294783,0.000391776611197389,0.000355387125286087,0.00239888045595686,1354452.5,1135489.25,481.354980311554,2723.90296977411
2021,138,946,1.1326,272.9566,1.41740442871311e-05,0.000127743937522362,8.36205000673146e-07,0.000240386773341207,1354452.5,1135489.25,1.13259995367424,272.956596971127
2021,138,948,4.5304,232.183,5.19379388099367e-06,1.52074951188024e-05,3.34482000269259e-06,0.000204478375663682,1354452.5,1135489.25,4.53039981469698,232.182997423573
2021,138,954,0,0,6.0678073911994e-06,4.4747989915961e-06,0,0,1354452.5,1135489.25,0,0
2021,138,960,0,313.7302,2.32387283308282e-05,0.000150317617513901,0,0.000276295171018731,1354452.5,1135489.25,0,313.730196518681
2021,138,961,3.3978,238.9786,3.08805516840362e-05,0.000182126132336856,2.50861500201944e-06,0.000210463108609936,1354452.5,1135489.25,3.39779986102273,238.978597348165
2021,138,962,0,16.989,6.51927001704947e-06,1.8636444451923e-05,0,1.49618323656353e-05,1354452.5,1135489.25,0,16.9889998114809
2021,138,963,0,0,7.06279743291967e-06,9.80552663897206e-06,0,0,1354452.5,1135489.25,0,0
2021,138,964,1412.3522,4933.6056,0.000416889404589821,0.000986767550787445,0.00104274763583941,0.00434491611898048,1354452.5,1135489.25,1412.35214223178,4933.60554525406
2021,138,967,0,0,5.43937874348947e-06,5.47093587985468e-06,0,0,1354452.5,1135489.25,0,0
2021,138,968,60.0278,3004.7878,4.83085906602604e-05,0.000156306067761579,4.43188650356768e-05,0.00264624941773536,1354452.5,1135489.25,60.027797544735,3004.78776665726
2021,138,983,6.85100000072271,-3.38519999943674,NA,NA,NA,NA,1354452.5,1135489.25,NA,NA
2021,138,1001,18.1216,158.564,1.26965608306659e-05,1.61835139325328e-05,1.33792800107703e-05,0.000139643768745929,1354452.5,1135489.25,18.1215992587879,158.563998240489
2021,138,1003,0,0,2.44874282638342e-05,2.58855056488779e-05,NA,NA,1354452.5,1135489.25,NA,NA
2021,138,1005,0,0,NA,NA,NA,NA,1354452.5,1135489.25,NA,NA
2021,138,1006,6009.5756,1395.3632,0.000670381584141746,0.000538627063084868,0.00443690373357171,0.00122886516496418,1354452.5,1135489.25,6009.57535419554,1395.3631845163
2021,138,1007,0,0,NA,NA,0,0,1354452.5,1135489.25,0,0
2021,138,1008,0,0,NA,NA,0,0,1354452.5,1135489.25,0,0
2021,138,1009,0,0,NA,NA,0,0,1354452.5,1135489.25,0,0
2021,138,1012,141.575,54.3648,0.000154964789462927,8.94382471660188e-05,0.000104525625084143,4.78778635700329e-05,1354452.5,1135489.25,141.574994209281,54.364799396739
2021,138,1017,7088.9434,3283.4074,0.00109415488313147,0.00130912895696438,0.00523380709921322,0.00289162346853178,1354452.5,1135489.25,7088.9431100471,3283.40736356555
2021,138,1100,0,0,NA,NA,0,0,1354452.5,1135489.25,0,0
2021,138,1101,0,0,NA,NA,0,0,1354452.5,1135489.25,0,0
2021,138,1102,0,0,NA,NA,0,0,1354452.5,1135489.25,0,0
2021,138,1103,53.2322,0,1.12474014376104e-05,7.8944772340906e-06,3.93016350316379e-05,0,1354452.5,1135489.25,53.2321978226895,0
2021,138,1104,0,0,NA,NA,0,0,1354452.5,1135489.25,0,0
2021,138,1200,818.8698,1345.5288,0.000394080438189918,0.000232036206524001,0.000604576215486685,0.00118497712335831,1354452.5,1135489.25,818.869766506479,1345.52878506929
2021,138,1201,0,1.1326,NA,NA,0,9.97455491042352e-07,1354452.5,1135489.25,0,1.13259998743206
2021,138,3002,0,0,NA,NA,NA,NA,1354452.5,1135489.25,NA,NA
2021,138,9006,32.8454,186.879,6.103331931887e-05,2.66392498437174e-05,2.42499450195212e-05,0.000164580156021988,1354452.5,1135489.25,32.8453986565531,186.87899792629
2021,138,9998,7.9282,46023.201,NA,NA,5.85343500471202e-06,0.040531603878506,1354452.5,1135489.25,7.92819967571971,46023.2004893018
2021,138,9999,0,0,NA,NA,NA,NA,1354452.5,1135489.25,NA,NA
