"year","source","host","eqasset","debtasset","shareeqp","sharedebtp","shareeqpconf","sharedebtpconf","shareeqalloc","sharedebtalloc","toteqasset","totdebtasset","augmeqasset","augmdebtasset"
2021,138,9998,7.9282,46023.201,NA,NA,0,0,5.85343500471202e-06,0.040531603878506,1354452.5,1135489.25,7.9282,46023.201
2021,138,111,553007.8064,199899.3696,0.299631199495451,0.281397495317094,0,0,0.408288798448673,0.176046904347011,1354452.5,1135489.25,553007.8064,199899.3696
2021,138,112,81815.6262,53630.8752,0.122971307090551,0.18046003622378,0,0,0.0604049406336261,0.0472315124118374,1354452.5,1135489.25,81815.6262,53630.8752
2021,138,1006,6009.5756,1395.3632,0.000571980318093341,0.000440468714710865,0,0,0.00443690373357171,0.00122886516496418,1354452.5,1135489.25,6009.5756,1395.3632
2021,138,1017,7088.9434,3283.4074,0.00106838443871928,0.00130068989456708,0,0,0.00523380709921322,0.00289162346853178,1354452.5,1135489.25,7088.9434,3283.4074
2021,138,1012,141.575,54.3648,0.000150029292456755,8.81546945887377e-05,0,0,0.000104525625084143,4.78778635700329e-05,1354452.5,1135489.25,141.575,54.3648
2021,138,122,1560.7228,45685.6862,0.00629797022587476,0.0178421892255386,0,0,0.0011522904909276,0.0402343621421753,1354452.5,1135489.25,1560.7228,45685.6862
2021,138,124,6127.366,51375.8686,0.0229913667487859,0.0340022125943388,0,0,0.00452386905364172,0.0452455785291721,1354452.5,1135489.25,6127.366,51375.8686
2021,138,128,10720.059,6280.267,0.0053062271368614,0.00917494022718694,0,0,0.00791468033137133,0.00553089069782984,1354452.5,1135489.25,10720.059,6280.267
2021,138,132,41464.486,182695.1756,0.0731229803994515,0.116259168608908,0,0,0.0306134650746439,0.160895555438078,1354452.5,1135489.25,41464.486,182695.1756
2021,138,134,42988.9656,214445.3514,0.0685832040316619,0.156675498040584,0,0,0.03173899700555,0.188857225218468,1354452.5,1135489.25,42988.9656,214445.3514
2021,138,135,0,1.1326,0.000110420285577971,7.30721076392302e-05,0,0,0,9.97455491042352e-07,1354452.5,1135489.25,0,1.1326
2021,138,136,5847.6138,16574.4684,0.00839053878780282,0.0236716139867098,0,0,0.00431732641847545,0.0145967636559138,1354452.5,1135489.25,5847.6138,16574.4684
2021,138,137,128178.6072,25904.8272,0.210268542165087,0.0545295043103276,0,0,0.0946349923361813,0.0228138019911207,1354452.5,1135489.25,128178.6072,25904.8272
2021,138,142,4047.9124,7220.325,0.00419015210223798,0.00712804004400868,0,0,0.00298859667240583,0.00635877875539499,1354452.5,1135489.25,4047.9124,7220.325
2021,138,144,17589.278,9918.17820000001,0.0100807299855649,0.0189983803604324,0,0,0.012986263660454,0.00873471773505788,1354452.5,1135489.25,17589.278,9918.17820000001
2021,138,146,27934.4464,8042.5926,0.0436508992341533,0.00763591008808128,0,0,0.0206241601366025,0.00708293144189174,1354452.5,1135489.25,27934.4464,8042.5926
2021,138,9006,32.8454,186.879,6.08726333205233e-05,2.68098216895784e-05,0.0693585113477409,0.049222611928919,2.42499450195212e-05,0.000164580156021988,1354452.5,1135489.25,33.3205751612935,186.712371614126
2021,138,156,18686.7674,15608.3606,0.0108514188113349,0.00889023708371302,0,0,0.0137965463061062,0.0137459341220546,1354452.5,1135489.25,18686.7674,15608.3606
2021,138,158,46167.0412,11376.967,0.0140753943618212,0.00427850284735737,0,0,0.0340853882374388,0.0100194404075204,1354452.5,1135489.25,46167.0412,11376.967
2021,138,1001,18.1216,158.564,1.27158660306623e-05,1.63332083981348e-05,0.0144885064153565,0.0299876361672361,1.33792800107703e-05,0.000139643768745929,1354452.5,1135489.25,18.2208607574621,158.462485854064
2021,138,172,4504.3502,24946.6476,0.00476323708066226,0.00579305116509226,0,0,0.0033255872876771,0.0219699546456988,1354452.5,1135489.25,4504.3502,24946.6476
2021,138,174,617.267,240.1112,0.000465669497249077,0.00123314436802648,0,0,0.000455731725366865,0.000211460564100979,1354452.5,1135489.25,617.267,240.1112
2021,138,176,101.934,349.9734,0.000150304583598487,0.000900004324195168,0,0,7.52584500605832e-05,0.000308213746732087,1354452.5,1135489.25,101.934,349.9734
2021,138,178,123685.583,25081.427,0.0564479932198806,0.024825924098514,0,0,0.0913177670985109,0.0220886518491329,1354452.5,1135489.25,123685.583,25081.427
2021,138,181,88.3428,22.652,0.000286805502955025,0.000114757152719753,0,0,6.52239900525054e-05,1.9949109820847e-05,1354452.5,1135489.25,88.3428,22.652
2021,138,182,534.5872,5613.1656,0.000863584107651828,0.0023652562379604,0,0,0.000394688760317725,0.0049433894136059,1354452.5,1135489.25,534.5872,5613.1656
2021,138,1003,0,0,2.42686057994232e-05,2.61500891558614e-05,0.0276517423169475,0.0480113484278023,NA,NA,1354452.5,1135489.25,0.189442086633391,-0.162528016670753
2021,138,184,13819.9852,35550.0488,0.0123765210477238,0.0182806536786615,0,0,0.0102033734182137,0.0313081329528373,1354452.5,1135489.25,13819.9852,35550.0488
2021,138,186,474.5594,2781.6656,0.00179854113564945,0.0023589988521595,0,0,0.000350369895282048,0.00244975068600002,1354452.5,1135489.25,474.5594,2781.6656
2021,138,139,0,0,NA,NA,0,0,0,0,1354452.5,1135489.25,0,0
2021,138,193,22422.0822,9958.95180000001,0.00648720530116138,0.00773544089295683,0,0,0.0165543503983263,0.00877062613273541,1354452.5,1135489.25,22422.0822,9958.95180000001
2021,138,196,681.8252,616.1344,0.00034457509232232,0.000620293151578665,0,0,0.000503395410405234,0.000542615787127039,1354452.5,1135489.25,681.8252,616.1344
2021,138,199,3935.785,6960.9596,0.000823421122851644,0.000528465793406048,0,0,0.00290581237733918,0.00613036144794629,1354452.5,1135489.25,3935.785,6960.9596
2021,138,213,37.3758,897.0192,3.63830878029431e-05,9.98775187132959e-05,0,0,2.75947650222138e-05,0.000789984748905543,1354452.5,1135489.25,37.3758,897.0192
2021,138,218,21.5194,55.4974,4.59102891775481e-06,7.36394387608843e-06,0,0,1.58878950127898e-05,4.88753190610752e-05,1354452.5,1135489.25,21.5194,55.4974
2021,138,223,4470.3722,7908.9458,0.000738862664972841,0.00072734735896545,0,0,0.00330050113765691,0.00696523169394874,1354452.5,1135489.25,4470.3722,7908.9458
2021,138,228,742.9856,2920.9754,7.80044666451082e-05,0.00014701304211604,0,0,0.000548550480441584,0.00257243771139822,1354452.5,1135489.25,742.9856,2920.9754
2021,138,233,193.6746,5002.6942,3.83782983453829e-05,0.000120833329915731,0,0,0.000142991055115108,0.00440576090393407,1354452.5,1135489.25,193.6746,5002.6942
2021,138,238,1.1326,568.5652,3.4605238782336e-06,1.77393218572841e-05,0,0,8.36205000673146e-07,0.000500722656503261,1354452.5,1135489.25,1.1326,568.5652
2021,138,243,0,1932.2156,3.3306189215393e-06,3.31159724785426e-05,0.0037949199445377,0,0,0.00170165906771825,1354452.5,1135489.25,0.0259989965427704,1932.2156
2021,138,248,0,886.8258,2.0835890581484e-06,2.32344312510518e-05,0.00237404934615981,0,0,0.000781007649486161,1354452.5,1135489.25,0.0162646120722566,886.8258
2021,138,253,0,334.117,4.00881209905771e-06,2.31353245962838e-05,0.00456765584625549,0,0,0.000294249369857494,1354452.5,1135489.25,0.0312930102059975,334.117
2021,138,258,0,542.5154,3.6631573727019e-06,1.38317622539107e-05,0.00417381552832289,0,0,0.000477781180209286,1354452.5,1135489.25,0.0285948101875565,542.5154
2021,138,263,0,0,5.03974267338004e-06,4.89746746637112e-06,0.00574230208771784,0.00899170995327432,0,0,1354452.5,1135489.25,0.0393405116071049,-0.0304387365287595
2021,138,268,0,154.0336,4.43629007135698e-06,1.30643629443954e-05,0.00505472588373047,0,0,0.00013565394678176,1354452.5,1135489.25,0.0346299270330906,154.0336
2021,138,273,2540.4218,10669.092,0.000335814974852971,0.000811197670904647,0,0,0.00187560781650987,0.00939603072561895,1354452.5,1135489.25,2540.4218,10669.092
2021,138,278,5.663,56.63,4.67352175402408e-06,5.4909542306466e-06,0,0,4.18102500336573e-06,4.98727745521176e-05,1354452.5,1135489.25,5.663,56.63
2021,138,283,98.5362000000001,2158.7356,6.20497632889801e-05,6.25786102427937e-05,0,0,7.27498350585638e-05,0.00190115016592672,1354452.5,1135489.25,98.5362000000001,2158.7356
2021,138,288,2.2652,672.7644,3.63112298359334e-06,1.03506849632805e-05,0,0,1.67241000134629e-06,0.000592488561679157,1354452.5,1135489.25,2.2652,672.7644
2021,138,293,18.1216,3045.5614,3.73688027059592e-05,9.46107987176728e-05,0,0,1.33792800107703e-05,0.00268215781541288,1354452.5,1135489.25,18.1216,3045.5614
2021,138,298,0,1191.4952,6.82517204251855e-06,4.4844461647538e-05,0.00777662714324706,0,0,0.00104932317657655,1354452.5,1135489.25,0.0532776725640058,1191.4952
2021,138,299,1.1326,28.315,5.39403752915438e-06,6.02739634718816e-05,0,0,8.36205000673146e-07,2.49363872760588e-05,1354452.5,1135489.25,1.1326,28.315
2021,138,3002,0,0,NA,NA,0,0,NA,NA,1354452.5,1135489.25,0,0
2021,138,311,0,0,3.62549867774737e-06,5.13675437215918e-06,0.00413090706718253,0.00943103874253874,0,0,1354452.5,1135489.25,0.0283008443202529,-0.03192595234593
2021,138,312,0,0,8.04186131613822e-06,6.28113930554987e-06,0.00916292755753476,0.0115321200598937,0,0,1354452.5,1135489.25,0.0627752167032927,-0.0390385328202566
2021,138,313,1.1326,465.4986,4.990585073859e-05,4.33557555837863e-05,0,0,8.36205000673146e-07,0.000409954206818407,1354452.5,1135489.25,1.1326,465.4986
2021,138,314,0,0,1.86845787642629e-05,1.70254164358423e-05,0.0212892805445951,0.0312585244263473,0,0,1354452.5,1135489.25,0.145852861026407,-0.105816356870464
2021,138,316,0,11.326,4.03518866407852e-06,1.36679402280323e-05,0.00459770940537585,0,0,9.97455491042352e-06,1354452.5,1135489.25,0.0314989071395527,11.326
2021,138,319,14412.335,4058.1058,0.000761657421812014,0.000198565197492867,0,0,0.0106407086335658,0.00357388302440475,1354452.5,1135489.25,14412.335,4058.1058
2021,138,321,0,0,4.23450571942961e-06,4.6823616720852e-06,0.00482481202097284,0.00859677748567369,0,0,1354452.5,1135489.25,0.0330547871591718,-0.0291018111396603
2021,138,323,0,0,NA,NA,0,0,0,0,1354452.5,1135489.25,0,0
2021,138,326,0,0,7.53813838897849e-05,3.85301001109529e-05,0.0858898372672391,0.0707409466315498,0,0,1354452.5,1135489.25,0.588431275179928,-0.239472252497277
2021,138,328,0,0,4.5262324852395e-06,3.39129870077314e-06,0.00515720661429237,0.00622639649811966,0,0,1354452.5,1135489.25,0.0353320225182442,-0.0210775974219276
2021,138,329,0,0,NA,NA,0,0,NA,NA,1354452.5,1135489.25,0,0
2021,138,333,0,0,NA,NA,0,0,NA,NA,1354452.5,1135489.25,0,0
2021,138,336,0,0,5.81350176948727e-06,5.05717748164606e-06,0.00662392616277946,0.00928493622661787,0,0,1354452.5,1135489.25,0.0453805181459892,-0.031431366109117
2021,138,339,0,1.1326,2.46272206145642e-06,4.7147646316487e-06,0.00280603494096366,0,0,9.97455491042352e-07,1354452.5,1135489.25,0.01922414538257,1.1326
2021,138,343,0,322.791,3.9735253221575e-06,2.14649044724928e-05,0.00452744995762289,0,0,0.00028427481494707,1354452.5,1135489.25,0.0310175596629464,322.791
2021,138,349,0,0,NA,NA,0,0,NA,NA,1354452.5,1135489.25,0,0
2021,138,351,0,0,5.44955747909358e-06,5.04052576396928e-06,0.0062092466455931,0.00925436381003694,0,0,1354452.5,1135489.25,0.0425395487734458,-0.0313278723645244
2021,138,353,0,0,NA,NA,0,0,NA,NA,1354452.5,1135489.25,0,0
2021,138,355,432.6532,184.6138,0.000131730966141485,5.1713343854236e-05,0,0,0.000319430310257142,0.000162585245039903,1354452.5,1135489.25,432.6532,184.6138
2021,138,357,0,0,NA,NA,0,0,0,0,1354452.5,1135489.25,0,0
2021,138,1103,53.2322,0,1.14688035509513e-05,8.01725867659107e-06,0,0.0147196209337343,3.93016350316379e-05,0,1354452.5,1135489.25,53.2322,-0.0498288607765862
2021,138,361,0,0,2.92916140063716e-06,6.1004003441845e-06,0.00333749770895751,0.0112002848146343,0,0,1354452.5,1135489.25,0.0228651968064799,-0.0379152041481912
2021,138,362,0,0,4.25459056463061e-06,5.34429677196583e-06,0.00484769677045388,0.00981208488013578,0,0,1354452.5,1135489.25,0.033211570577883,-0.0332158697307088
2021,138,363,0,0,NA,NA,0,0,NA,NA,1354452.5,1135489.25,0,0
2021,138,364,0,0,5.25745699299207e-06,4.88559834990246e-06,0.00599036661661486,0.00896991835314207,0,0,1354452.5,1135489.25,0.0410400016947577,-0.0303649676040041
2021,138,366,0,7.9282,1.38383480589892e-05,8.27858934246892e-06,0.0157674667338531,0,0,6.98218843729646e-06,1354452.5,1135489.25,0.108022914605023,7.9282
2021,138,369,0,160.8292,5.15851980695537e-06,1.88221434408506e-05,0.00587763720824004,0,0,0.000141638679728014,1354452.5,1135489.25,0.0402676925179003,160.8292
2021,138,1200,818.8698,1345.5288,0.000393408717817891,0.000229378910323889,0,0,0.000604576215486685,0.00118497712335831,1354452.5,1135489.25,818.8698,1345.5288
2021,138,1201,0,1.1326,NA,NA,0,0,0,9.97455491042352e-07,1354452.5,1135489.25,0,1.1326
2021,138,374,0,0,NA,NA,0,0,0,0,1354452.5,1135489.25,0,0
2021,138,377,55230.1064,7603.1438,0.00257738252771055,0.00224991427951832,0,0,0.0407767006528253,0.00669591871136731,1354452.5,1135489.25,55230.1064,7603.1438
2021,138,381,0,0,6.01162874077909e-06,7.29988809677237e-06,0.00684967279204519,0.0134025344544398,0,0,1354452.5,1135489.25,0.0469271083032519,-0.0453702596276204
2021,138,419,2.2652,782.6266,1.62350754064436e-05,3.17041123210637e-05,0,0,1.67241000134629e-06,0.000689241744310265,1354452.5,1135489.25,2.2652,782.6266
2021,138,423,194.8072,19.2542,4.87600947860241e-05,0.000104201370306164,0,0,0.000143827260115781,1.695674334772e-05,1354452.5,1135489.25,194.8072,19.2542
2021,138,429,0,0,8.18583567421333e-06,8.2256531196606e-06,0.00932697249207465,0.0151022314157481,0,0,1354452.5,1135489.25,0.0638990885499441,-0.0511240737800839
2021,138,433,0,94.0058,7.21404538869994e-06,2.08879396762677e-05,0.00821971092199435,0,0,8.27888057565152e-05,1354452.5,1135489.25,0.0563132395325237,94.0058
2021,138,436,1246.9926,423.5924,0.000250316448596161,0.000168099204193678,0,0,0.000920661705741134,0.00037304835364984,1354452.5,1135489.25,1246.9926,423.5924
2021,138,439,0,197.0724,8.43457148048505e-06,1.64105569778764e-05,0.00961038302158217,0,0,0.000173557255441369,1354452.5,1135489.25,0.0658407340878049,197.0724
2021,138,443,320.5258,122.3208,2.02442054214385e-05,2.23470266759131e-05,0,0,0.0002366460151905,0.000107725193032574,1354452.5,1135489.25,320.5258,122.3208
2021,138,446,0,71.3538,1.03095133808196e-05,2.66937133436681e-05,0.0117466989976953,0,0,6.28396959356682e-05,1354452.5,1135489.25,0.0804766348416998,71.3538
2021,138,449,2.2652,1020.4726,1.17660550408047e-05,1.93200099487673e-05,0,0,1.67241000134629e-06,0.000898707397429159,1354452.5,1135489.25,2.2652,1020.4726
2021,138,453,471.1616,1808.7622,8.90816441910058e-05,0.000160167735274967,0,0,0.000347861280280029,0.00159293641919464,1354452.5,1135489.25,471.1616,1808.7622
2021,138,456,2406.775,706.7424,8.31289996963145e-05,7.09014091856637e-05,0,0,0.00177693562643044,0.000622412226410427,1354452.5,1135489.25,2406.775,706.7424
2021,138,463,0,0,7.25548213826467e-06,5.32504749331655e-06,0.00826692411301512,0.00977674336299195,0,0,1354452.5,1135489.25,0.0566366971042411,-0.0330962316268935
2021,138,466,916.2734,1704.563,6.08081720564216e-05,0.000190204853031493,0,0,0.000676489845544575,0.00150117051401874,1354452.5,1135489.25,916.2734,1704.563
2021,138,469,129.1164,1399.8936,6.6297531249012e-05,4.45005743879545e-05,0,0,9.53273700767387e-05,0.00123285498692835,1354452.5,1135489.25,129.1164,1399.8936
2021,138,474,0,0,6.79235430372438e-06,5.30645663993374e-06,0.00773923448608078,0.00974261070921735,0,0,1354452.5,1135489.25,0.0530214954697326,-0.0329806857673549
2021,138,487,0,0,5.33033947684118e-06,5.54621649475213e-06,0.00607340919761318,0.0101828078290082,0,0,1354452.5,1135489.25,0.0416089264172372,-0.034470841057023
2021,138,512,0,0,6.59197725631023e-06,5.10922780753734e-06,0.00751092411147087,0.00938050019648627,0,0,1354452.5,1135489.25,0.0514573410931151,-0.0317548692598616
2021,138,513,2.2652,0,1.2045778489074e-05,7.68129271911217e-06,0,0.0141027902014083,1.67241000134629e-06,0,1354452.5,1135489.25,2.2652,-0.0477407653818637
2021,138,514,0,0,6.05317209292946e-06,4.73720883599703e-06,0.00689700744645996,0.00869747642712482,0,0,1354452.5,1135489.25,0.0472513980206817,-0.029442697196204
2021,138,516,0,0,8.49729163158093e-06,5.14103238948411e-06,0.00968184660175308,0.00943889314713152,0,0,1354452.5,1135489.25,0.0663303310756075,-0.031952541076353
2021,138,518,3.3978,0,5.69788942800879e-06,3.9667797134612e-06,0,0.00728297490016912,2.50861500201944e-06,0,1354452.5,1135489.25,3.3978,-0.0246543266279503
2021,138,522,26.0498,6.7956,6.27902361695323e-06,4.37140531273314e-06,0,0,1.92327150154824e-05,5.98473294625411e-06,1354452.5,1135489.25,26.0498,6.7956
2021,138,524,3.3978,280.8848,1.04422756484251e-05,2.35559530824506e-05,0,0,2.50861500201944e-06,0.000247368961778503,1354452.5,1135489.25,3.3978,280.8848
2021,138,528,20213.5122,92.8732,0.000502095002340338,3.89790493670598e-05,0,0,0.0149237506470136,8.17913502654728e-05,1354452.5,1135489.25,20213.5122,92.8732
2021,138,532,10555.832,732.7922,0.000922728129324658,0.000212249363212535,0,0,0.00779343060627372,0.000645353702704402,1354452.5,1135489.25,10555.832,732.7922
2021,138,534,14168.826,1090.6938,0.000293064670648029,0.000123021134304371,0,0,0.0104609245584211,0.000960549637873785,1354452.5,1135489.25,14168.826,1090.6938
2021,138,536,2196.1114,9315.63500000001,0.00033153157630661,0.000226281199356972,0,0,0.00162140149630523,0.00820407141382335,1354452.5,1135489.25,2196.1114,9315.63500000001
2021,138,537,0,0,5.79472267518427e-06,4.36344938247795e-06,0.00660252919086834,0.00801125714717766,0,0,1354452.5,1135489.25,0.0452339274914107,-0.0271197076901134
2021,138,542,15336.5366,2974.2076,0.000717358008402067,0.000572590612612221,0,0,0.0113230519141151,0.00261931811947722,1354452.5,1135489.25,15336.5366,2974.2076
2021,138,544,0,0,6.7519647049351e-06,5.62858342481093e-06,0.00769321442266072,0.0103340328345679,0,0,1354452.5,1135489.25,0.0527062120152086,-0.0349827679457585
2021,138,546,0,7.9282,1.85720374437274e-05,1.39924076009378e-05,0.0211610505333132,0,0,6.98218843729646e-06,1354452.5,1135489.25,0.144974357219022,7.9282
2021,138,548,1319.479,5670.9282,0.000172575717835982,0.000145443905178552,0,0,0.000974178825784216,0.00499425964364906,1354452.5,1135489.25,1319.479,5670.9282
2021,138,556,0,1.1326,4.05532989312687e-06,4.54471295625974e-06,0.00462065839882833,0,0,9.97455491042352e-07,1354452.5,1135489.25,0.0316561306937122,1.1326
2021,138,558,3.3978,0,5.9291438622779e-06,4.88060582604366e-06,0,0.00896075212043479,2.50861500201944e-06,0,1354452.5,1135489.25,3.3978,-0.0303339380730486
2021,138,564,13.5912,412.2664,1.91657456090807e-05,2.15226475045819e-05,0,0,1.00344600080778e-05,0.000363073798739416,1354452.5,1135489.25,13.5912,412.2664
2021,138,565,0,0,3.80258124278439e-06,3.76460136328887e-06,0.00433267561943056,0.00691177711354489,0,0,1354452.5,1135489.25,0.02968316067185,-0.023397747880879
2021,138,566,1633.2092,1428.2086,8.51054136244163e-05,0.000103578067821332,0,0,0.00120580761097068,0.00125779137420441,1354452.5,1135489.25,1633.2092,1428.2086
2021,138,576,9051.73920000001,1403.2914,0.000396964739106994,0.000273608593798365,0,0,0.00668295036537979,0.00123584735340147,1354452.5,1135489.25,9051.73920000001,1403.2914
2021,138,578,2214.233,4864.517,0.000153141277987285,5.82655820595646e-05,0,0,0.001634780776316,0.0042840713340269,1354452.5,1135489.25,2214.233,4864.517
2021,138,582,139.3098,173.2878,2.84620873051095e-05,2.30143769862615e-05,0,0,0.000102853215082797,0.00015261069012948,1354452.5,1135489.25,139.3098,173.2878
2021,138,372,0,3.3978,NA,NA,0,0,0,2.99236647312706e-06,1354452.5,1135489.25,0,3.3978
2021,138,611,0,0,5.74483392587536e-06,5.25746051090796e-06,0.00654568575899564,0.00965265421965246,0,0,1354452.5,1135489.25,0.0448444931396097,-0.0326761650589305
2021,138,612,0,0,8.61338176848575e-06,9.8007060071724e-06,0.00981412014798653,0.0179940155516961,0,0,1354452.5,1135489.25,0.0672365371409484,-0.0609133414354662
2021,138,614,23.7846,631.9908,6.92646552949325e-06,1.36888235015727e-05,0,0,1.75603050141361e-05,0.000556580164001632,1354452.5,1135489.25,23.7846,631.9908
2021,138,616,1.1326,0,5.04926948134525e-06,4.89247499650083e-06,0,0.00898254381968949,8.36205000673146e-07,0,1354452.5,1135489.25,1.1326,-0.0304077073333533
2021,138,618,0,0,5.17301143126084e-06,6.81914867039281e-06,0.00589414902042904,0.0125199008249587,0,0,1354452.5,1135489.25,0.0403808149432191,-0.0423823682655983
2021,138,622,0,12.4586,4.7122677209588e-06,8.53061429154048e-06,0.00536917587377514,0,0,1.09720104014659e-05,1354452.5,1135489.25,0.0367842239151138,12.4586
2021,138,624,66.8234,0,7.50498346144769e-06,5.86620786989761e-06,0,0.0107703093596697,4.93360950397156e-05,0,1354452.5,1135489.25,66.8234,-0.0364596512382872
2021,138,626,0,0,5.89605947694051e-06,5.78208714293968e-06,0.00671799273057665,0.0106158643974401,0,0,1354452.5,1135489.25,0.0460249682020358,-0.0359368241522346
2021,138,628,0,0,6.29395097259795e-06,5.56279701952586e-06,0.00717135182334686,0.0102132495360052,0,0,1354452.5,1135489.25,0.0491309313469321,-0.034573892323532
2021,138,632,0,0,5.70748733108928e-06,4.95003816152135e-06,0.00650313290598153,0.00908822931681858,0,0,1354452.5,1135489.25,0.0445529635435793,-0.0307654738781752
2021,138,634,0,2.2652,4.67017650634216e-06,6.3049055266929e-06,0.00532121698276978,0,0,1.9949109820847e-06,1354452.5,1135489.25,0.0364556575528014,2.2652
2021,138,636,0,0,5.41779807527457e-06,5.97780515329934e-06,0.00617305985934748,0.0109752010533485,0,0,1354452.5,1135489.25,0.0422916331008509,-0.0371532505996133
2021,138,638,0,13.5912,5.85475645250991e-06,6.82383892589415e-06,0.00667093190648545,0,0,1.19694658925082e-05,1354452.5,1135489.25,0.0457025544961529,13.5912
2021,138,642,0,0,4.90613819244176e-06,5.10654014157852e-06,0.00559007263087024,0.00937556566391021,0,0,1354452.5,1135489.25,0.038297587598132,-0.0317381648801879
2021,138,643,0,0,6.40938452013843e-06,5.64176886769376e-06,0.00730287724914599,0.0103582411991608,0,0,1354452.5,1135489.25,0.050032012039177,-0.0350647181015648
2021,138,644,0,15.8564,4.61858230093762e-06,8.66542147222632e-06,0.00526243034769542,0,0,1.39643768745929e-05,1354452.5,1135489.25,0.0360529103158645,15.8564
2021,138,646,0,110.9948,6.34600766930574e-06,1.42386320749578e-05,0.00723066542278196,0,0,9.77506381221505e-05,1354452.5,1135489.25,0.0495372888167049,110.9948
2021,138,648,0,3.3978,6.5836900909799e-06,6.58776704102815e-06,0.00750148168358085,0,0,2.99236647312706e-06,1354452.5,1135489.25,0.0513926510196337,3.3978
2021,138,652,15.8564,972.9034,8.4819354439844e-06,2.31900351820606e-05,0,0,1.1706870009424e-05,0.00085681426680538,1354452.5,1135489.25,15.8564,972.9034
2021,138,654,0,0,7.85317890447649e-06,6.3271894363451e-06,0.0089479420956532,0.0116166677209582,0,0,1354452.5,1135489.25,0.0613023513037868,-0.0393247435624445
2021,138,656,0,0,6.73580221166437e-06,6.3174998417334e-06,0.00767479881597876,0.011598877705014,0,0,1354452.5,1135489.25,0.0525800466938171,-0.03926452080048
2021,138,662,0,348.8408,8.59391804948208e-06,2.94800893056115e-05,0.00979194311207159,0,0,0.000307216291241044,1354452.5,1135489.25,0.0670846022678792,348.8408
2021,138,664,21.5194,289.9456,1.19894827561691e-05,1.40509282797774e-05,0,0,1.58878950127898e-05,0.000255348605706842,1354452.5,1135489.25,21.5194,289.9456
2021,138,666,0,0,5.93269338558959e-06,4.75407361857007e-06,0.00675973354627902,0.00872844002910137,0,0,1354452.5,1135489.25,0.0463109345304428,-0.0295475151815975
2021,138,668,103.0666,150.6358,3.83455680037637e-05,2.08917197613515e-05,0,0,7.60946550612563e-05,0.000132661580308633,1354452.5,1135489.25,103.0666,150.6358
2021,138,672,0,0,6.11267732706842e-06,6.63623280151152e-06,0.00696480793794759,0.0121840687954199,0,0,1354452.5,1135489.25,0.0477158991879125,-0.0412455096793927
2021,138,674,0,0,5.3077563658597e-06,4.83529563420801e-06,0.0060476779145417,0.00887756298120906,0,0,1354452.5,1135489.25,0.0414326413968959,-0.0300523261989885
2021,138,676,166.4922,0,5.83889900473994e-06,5.01833999665934e-06,0,0.00921363092388473,0.000122922135098953,0,1354452.5,1135489.25,166.4922,-0.0311899833983449
2021,138,678,0,0,6.70904426090761e-06,6.44778073712364e-06,0.0076443107044914,0.0118380723565039,0,0,1354452.5,1135489.25,0.0523711726419952,-0.040074242534569
2021,138,682,0,0,7.48853419827691e-06,7.15538762611465e-06,0.00853246452201733,0.0131372327798115,0,0,1354452.5,1135489.25,0.0584559144465072,-0.0444721603988181
2021,138,684,441.714,321.6584,3.59299218701514e-05,1.66341125183834e-05,0,0,0.000326119950262527,0.000283277359456028,1354452.5,1135489.25,441.714,321.6584
2021,138,686,0,510.8026,2.52407195775814e-05,4.93650976445345e-05,0.0287593724757853,0,0,0.000449852426460101,1354452.5,1135489.25,0.19703046085239,510.8026
2021,138,688,0,67.956,7.48093889799459e-06,7.20568582607243e-06,0.00852381040781059,0,0,5.98473294625411e-05,1354452.5,1135489.25,0.0583966251100705,67.956
2021,138,692,0,0,6.08677369414163e-06,7.11699546689137e-06,0.00693529323946493,0.0130667450915142,0,0,1354452.5,1135489.25,0.0475136939885864,-0.0442335454764339
2021,138,694,53.2322,787.157,2.26916150286951e-05,3.23362339867459e-05,0,0,3.93016350316379e-05,0.000693231566274435,1354452.5,1135489.25,53.2322,787.157
2021,138,696,0,0,NA,NA,0,0,NA,NA,1354452.5,1135489.25,0,0
2021,138,698,0,54.3648,5.99031668538402e-06,6.33944751321845e-06,0.00682538975457284,0,0,4.78778635700329e-05,1354452.5,1135489.25,0.0467607452135113,54.3648
2021,138,714,0,36.2432,5.0979747281384e-06,7.42710781213907e-06,0.00580865191374711,0,0,3.19185757133553e-05,1354452.5,1135489.25,0.0397950742652794,36.2432
2021,138,716,0,0,6.73775458540966e-06,5.71786962010335e-06,0.00767702335809533,0.0104979615541385,0,0,1354452.5,1135489.25,0.0525952870318593,-0.0355376994471565
2021,138,718,0,2.2652,4.3048805008227e-06,5.807597448911e-06,0.00490499731619649,0,0,1.9949109820847e-06,1354452.5,1135489.25,0.033604136616807,2.2652
2021,138,722,5.663,181.216,9.08027128409001e-06,1.59493804769156e-05,0,0,4.18102500336573e-06,0.000159592878566776,1354452.5,1135489.25,5.663,181.216
2021,138,724,0,0,7.16522478711785e-06,6.72594903364205e-06,0.0081640845417291,0.0123487870590853,0,0,1354452.5,1135489.25,0.0559321432012863,-0.0418031139454599
2021,138,726,0,0,4.95460000324253e-06,4.87575949014489e-06,0.00564529020354627,0.00895185428761872,0,0,1354452.5,1135489.25,0.0386758831885754,-0.0303038171294046
2021,138,728,0,47.5692,5.02016942917447e-06,1.09691899240104e-05,0.00572000025836875,0,0,4.18931306237788e-05,1354452.5,1135489.25,0.0391877217742182,47.5692
2021,138,732,0,0,7.57148294145659e-06,6.07123629197067e-06,0.00862697663741762,0.0111467398548424,0,0,1354452.5,1135489.25,0.0591034169491829,-0.0377339437503339
2021,138,733,0,0,NA,NA,0,0,0,0,1354452.5,1135489.25,0,0
2021,138,734,0,0,4.85125217168728e-06,4.92966188314124e-06,0.00552753528878932,0.0090508186374462,0,0,1354452.5,1135489.25,0.0378691442674904,-0.0306388312463849
2021,138,738,0,2.2652,6.36338172857104e-06,7.32470618055341e-06,0.00725046149239445,0,0,1.9949109820847e-06,1354452.5,1135489.25,0.0496729116896343,2.2652
2021,138,742,0,13.5912,6.67692222112259e-06,8.95343914084874e-06,0.0076077107294384,0,0,1.19694658925082e-05,1354452.5,1135489.25,0.0521204262128806,13.5912
2021,138,744,3.3978,72.4864,1.17236281088889e-05,4.60967856514569e-05,0,0,2.50861500201944e-06,6.38371514267105e-05,1354452.5,1135489.25,3.3978,72.4864
2021,138,746,29.4476,4.5304,7.81819517493425e-06,5.76178219178478e-06,0,0,2.17413300175018e-05,3.98982196416941e-06,1354452.5,1135489.25,29.4476,4.5304
2021,138,748,0,0,6.79286669867763e-06,6.4177595147335e-06,0.0077398183108513,0.0117829536393244,0,0,1354452.5,1135489.25,0.0530254952532359,-0.0398876546532039
2021,138,754,43.0388,186.879,7.19115220589284e-06,1.23399504190727e-05,0,0,3.17757900255796e-05,0.000164580156021988,1354452.5,1135489.25,43.0388,186.879
2021,138,687,0,0,NA,NA,0,0,0,0,1354452.5,1135489.25,0,0
2021,138,813,0,0,4.60802508895876e-06,4.02377210074712e-06,0.00525040141996724,0.00738761245407601,0,0,1354452.5,1135489.25,0.0359705001319901,-0.0250085456753769
2021,138,1007,0,0,NA,NA,0,0,0,0,1354452.5,1135489.25,0,0
2021,138,815,0,0,4.61826242809927e-06,4.32108860351413e-06,0.00526206588335934,0.00793348310570563,0,0,1354452.5,1135489.25,0.0360504133706977,-0.026856427004966
2021,138,816,126.8512,0,2.99781567452575e-05,2.01384364953953e-05,0,0.0369740036299217,9.36549600753924e-05,0,1354452.5,1135489.25,126.8512,-0.125164397067185
2021,138,1104,0,0,NA,NA,0,0,0,0,1354452.5,1135489.25,0,0
2021,138,819,0,0,4.1109898632277e-06,3.9282085453693e-06,0.00468407758175616,0.00721215855306262,0,0,1354452.5,1135489.25,0.0320906155159967,-0.0244145991297652
2021,138,823,3.3978,0,2.14306363133054e-05,2.75388253137739e-05,0,0.0505610565819284,2.50861500201944e-06,0,1354452.5,1135489.25,3.3978,-0.171159288712665
2021,138,826,0,0,4.87377674947195e-06,4.17164360702696e-06,0.00555319987891235,0.00765910332235683,0,0,1354452.5,1135489.25,0.0380449723744418,-0.0259275965625282
2021,138,829,0,0,NA,NA,0,0,0,0,1354452.5,1135489.25,0,0
2021,138,836,0,0,5.02477090284912e-06,3.9455602799033e-06,0.00572524319508218,0.00724401619483099,0,0,1354452.5,1135489.25,0.0392236411336457,-0.0245224436186616
2021,138,839,0,0,7.55617132542859e-06,5.15071195692001e-06,0.00860953052352209,0.00945666475326354,0,0,1354452.5,1135489.25,0.058983893622872,-0.0320127015174211
2021,138,846,0,0,3.93528007624215e-06,3.63767173803907e-06,0.00448387317807321,0.00667873536644581,0,0,1354452.5,1135489.25,0.0307190151462201,-0.0226088549587305
2021,138,1101,0,0,NA,NA,0,0,0,0,1354452.5,1135489.25,0,0
2021,138,1100,0,0,NA,NA,0,0,0,0,1354452.5,1135489.25,0,0
2021,138,853,1.1326,49.8344,2.26513845300375e-05,4.99636943319591e-06,0,0,8.36205000673146e-07,4.38880416058635e-05,1354452.5,1135489.25,1.1326,49.8344
2021,138,856,0,0,NA,NA,0,0,0,0,1354452.5,1135489.25,0,0
2021,138,889,0,0,NA,NA,0,0,0,0,1354452.5,1135489.25,0,0
2021,138,859,0,0,NA,NA,0,0,0,0,1354452.5,1135489.25,0,0
2021,138,862,0,0,3.19675074819467e-06,3.7115273822465e-06,0.00364239003555322,0.0068143337212456,0,0,1354452.5,1135489.25,0.0249540141362075,-0.0230678825093224
2021,138,1102,0,0,NA,NA,0,0,0,0,1354452.5,1135489.25,0,0
2021,138,1008,0,0,NA,NA,0,0,0,0,1354452.5,1135489.25,0,0
2021,138,866,0,0,4.30841682299818e-06,3.67549415565124e-06,0.00490902661521573,0.00674817701383511,0,0,1354452.5,1135489.25,0.0336317413443908,-0.0228439288234336
2021,138,867,36.2432,35.1106,1.46113629011013e-05,1.52349406249487e-05,0,0,2.67585600215407e-05,3.09211202223129e-05,1354452.5,1135489.25,36.2432,35.1106
2021,138,868,0,0,4.14485250835297e-06,3.86461038350357e-06,0.00472266080919465,0.00709539285140462,0,0,1354452.5,1135489.25,0.0323549492072057,-0.0240193238765783
2021,138,869,0,0,5.355126518925e-06,4.03300660016981e-06,0.00610165164821647,0.0074045669189995,0,0,1354452.5,1135489.25,0.0418024154463407,-0.0250659399300264
2021,138,1009,0,0,NA,NA,0,0,0,0,1354452.5,1135489.25,0,0
2021,138,887,0,0,6.00300668551559e-06,5.26516088433265e-06,0.0068398487892838,0.00966679204187223,0,0,1354452.5,1135489.25,0.0468598040603265,-0.0327240244147009
2021,138,911,24.9172,104.1992,5.17324292568848e-06,9.96496543568186e-06,0,0,1.83965100148092e-05,9.17659051758964e-05,1354452.5,1135489.25,24.9172,104.1992
2021,138,912,1.1326,539.1176,5.68259455068237e-06,2.10723984138811e-05,0,0,8.36205000673146e-07,0.00047478881373616,1354452.5,1135489.25,1.1326,539.1176
2021,138,913,0,41.9062,6.87479199235964e-06,1.69497072338236e-05,0.0078331643039775,0,0,3.6905853168567e-05,1354452.5,1135489.25,0.053665008652211,41.9062
2021,138,914,0,1.1326,8.10994022242696e-06,1.40822793074609e-05,0.00924049692387885,0,0,9.97455491042352e-07,1354452.5,1135489.25,0.0633066444321722,1.1326
2021,138,915,36.2432,71.3538,6.09151164256548e-06,2.00916745983311e-05,0,0,2.67585600215407e-05,6.28396959356682e-05,1354452.5,1135489.25,36.2432,71.3538
2021,138,916,62.293,810.9416,1.92395717795549e-05,6.66217594888876e-05,0,0,4.5991275037023e-05,0.000714178131586324,1354452.5,1135489.25,62.293,810.9416
2021,138,917,4.5304,2.2652,6.09150603879161e-06,5.41736444560589e-06,0,0,3.34482000269259e-06,1.9949109820847e-06,1354452.5,1135489.25,4.5304,2.2652
2021,138,918,0,106.4644,1.22332183628442e-05,6.27644674887325e-05,0.0139385758156885,0,0,9.37608161579811e-05,1354452.5,1135489.25,0.0954931829233552,106.4644
2021,138,1005,0,0,NA,NA,0,0,NA,NA,1354452.5,1135489.25,0,0
2021,138,921,0,2.2652,6.07309577125301e-06,6.729622704995e-06,0.0069197085617841,0,0,1.9949109820847e-06,1354452.5,1135489.25,0.0474069233617838,2.2652
2021,138,922,3187.1364,2317.2996,0.000664615261273458,0.000354539627171832,0,0,0.00235308087189423,0.00204079393467265,1354452.5,1135489.25,3187.1364,2317.2996
2021,138,923,1.1326,5.663,6.62928765394316e-06,6.45328988802224e-06,0,0,8.36205000673146e-07,4.98727745521176e-06,1354452.5,1135489.25,1.1326,5.663
2021,138,924,15866.5934,6177.2004,0.000500077161014077,0.000142768986959842,0,0,0.0117143958544301,0.00544012224814499,1354452.5,1135489.25,15866.5934,6177.2004
2021,138,925,0,0,5.18974857708998e-06,4.91653659228506e-06,0.00591321938843508,0.00902672071147903,0,0,1354452.5,1135489.25,0.0405114660344422,-0.0305572549474144
2021,138,926,1.1326,1570.9162,1.1261689995235e-05,7.2244145149058e-05,0,0,8.36205000673146e-07,0.00138347076607574,1354452.5,1135489.25,1.1326,1570.9162
2021,138,927,0,200.4702,5.43397473595516e-06,7.13357393336174e-06,0.00619149160843044,0,0,0.000176549621914496,1354452.5,1135489.25,0.0424179090138316,200.4702
2021,138,928,0,0,4.99455213359914e-06,6.36851204308031e-06,0.00569081181376008,0.0116925356867645,0,0,1354452.5,1135489.25,0.0389877517401831,-0.0395815718002493
2021,138,935,117.7904,3101.0588,0.000196683739078674,0.000319729022976675,0,0,8.69653200700072e-05,0.00273103313447396,1354452.5,1135489.25,117.7904,3101.0588
2021,138,936,89.4754,1380.6394,1.38071356868658e-05,0.000201896024995689,0,0,6.60601950531786e-05,0.00121589824358063,1354452.5,1135489.25,89.4754,1380.6394
2021,138,939,0,32.8454,2.47345547953094e-05,5.15680053427181e-05,0.0281826463859151,0,0,2.89262092402282e-05,1354452.5,1135489.25,0.193079310410272,32.8454
2021,138,941,0,161.9618,1.44773467408845e-05,5.71224906369167e-05,0.0164955442772717,0,0,0.000142636135219056,1354452.5,1135489.25,0.11301097385551,161.9618
2021,138,942,0,315.9954,1.0563046432334e-05,3.79949948608229e-05,0.01203557552679,0,0,0.000278290082000816,1354452.5,1135489.25,0.0824557279427368,315.9954
2021,138,943,0,1.1326,5.30962299943043e-06,1.49300153563391e-05,0.00604980476397527,0,0,9.97455491042352e-07,1354452.5,1135489.25,0.0414472124423668,1.1326
2021,138,944,481.355,2723.903,0.00018049509772357,0.000398286721996081,0,0,0.000355387125286087,0.00239888045595686,1354452.5,1135489.25,481.355,2723.903
2021,138,946,1.1326,272.9566,1.42205909089701e-05,0.000128857775828583,0,0,8.36205000673146e-07,0.000240386773341207,1354452.5,1135489.25,1.1326,272.9566
2021,138,948,4.5304,232.183,5.44044056853436e-06,1.55772069425637e-05,0,0,3.34482000269259e-06,0.000204478375663682,1354452.5,1135489.25,4.5304,232.183
2021,138,954,0,0,6.35986525057741e-06,4.63158736850686e-06,0.00724645480391194,0.0085035562822679,0,0,1354452.5,1135489.25,0.0496454618668378,-0.0287862387219435
2021,138,960,0,313.7302,2.34477276583371e-05,0.000152461466427148,0.0267164306217257,0,0,0.000276295171018731,1354452.5,1135489.25,0.183034266208751,313.7302
2021,138,961,3.3978,238.9786,3.08481190470913e-05,0.000183020980565047,0,0,2.50861500201944e-06,0.000210463108609936,1354452.5,1135489.25,3.3978,238.9786
2021,138,962,0,16.989,6.74361529625117e-06,1.91268421334408e-05,0.00768370107445543,0,0,1.49618323656353e-05,1354452.5,1135489.25,0.0526410360666472,16.989
2021,138,963,0,0,7.16838503485387e-06,1.00098527401893e-05,0.0081676853400929,0.0183780072318606,0,0,1354452.5,1135489.25,0.0559568122708793,-0.0622132300709428
2021,138,964,1412.3522,4933.6056,0.000435202060113114,0.00102457860359044,0,0,0.00104274763583941,0.00434491611898048,1354452.5,1135489.25,1412.3522,4933.6056
2021,138,967,0,0,5.62268506689216e-06,5.66952107392511e-06,0.00640650888164107,0.0104091940213509,0,0,1354452.5,1135489.25,0.043890992352753,-0.035237203595214
2021,138,968,60.0278,3004.7878,4.95522130724842e-05,0.000159815689221333,0,0,4.43188650356768e-05,0.00264624941773536,1354452.5,1135489.25,60.0278,3004.7878
2021,138,983,6.85100000072271,-3.38519999943674,NA,NA,0,0,NA,NA,1354452.5,1135489.25,0,0
