"year","host","hostname","equity","debt"
2001,815,"Cook Islands",0.163965354727475,0.1109118844862
2001,1003,"Monaco",2.04590045635367,1.03569149556061
2001,1100,"Niue",0,0.001400262318
2002,815,"Cook Islands",0.048431577021892,0.119187862242387
2002,1003,"Monaco",2.80954448293046,1.00008136977734
2002,1100,"Niue",0.00349564861927282,0.0151461
2003,815,"Cook Islands",0.0755617797971246,0.222201930468936
2003,1003,"Monaco",2.02700466898634,1.78876536472366
2003,1100,"Niue",0.00164252787229663,0.002526
2004,815,"Cook Islands",0.251570820955874,0.346735818232999
2004,1003,"Monaco",2.61874166661602,2.03249914987252
2004,1100,"Niue",0.00173208174501038,0.0038215736191382
2005,815,"Cook Islands",0.370977507478234,0.29823092743983
2005,1003,"Monaco",1.93798031335289,1.99609921123062
2005,1100,"Niue",0.000528906157100349,0.00271830160101833
2006,815,"Cook Islands",0.70309120917757,0.525023404363779
2006,1003,"Monaco",2.38390952832955,2.72819745293521
2006,1100,"Niue",0.000599048305926064,0
2007,815,"Cook Islands",1.44237426173664,1.60547752596388
2007,1003,"Monaco",4.22786714271843,7.5318821904619
2007,1100,"Niue",0.000655090691141013,0
2008,815,"Cook Islands",0.586574984259291,1.0118014884248
2008,1003,"Monaco",2.16077155320624,5.94281811458211
2008,1100,"Niue",0.000303961592501658,0.0002845
2009,815,"Cook Islands",0.952288443626636,1.7184454216533
2009,1003,"Monaco",2.90280542386441,8.89443206261316
2009,1100,"Niue",0.0003274325334,0.00031675
2010,815,"Cook Islands",0.466555561143877,1.50825249104063
2010,1003,"Monaco",2.15127287782248,6.85965068969513
2010,1100,"Niue",0.0003684357708,0.000129326458374793
2011,815,"Cook Islands",0.95073845463555,1.31836001043645
2011,1003,"Monaco",2.58786280696144,4.18149688765509
2011,1100,"Niue",0.0002919957069,6.5e-05
2012,815,"Cook Islands",1.21383113968434,2.03109717765309
2012,1003,"Monaco",3.83244116623277,10.6892071982112
2012,1100,"Niue",0.000222021991504478,0
2013,815,"Cook Islands",1.68482193152177,2.20811985327361
2013,1003,"Monaco",4.64034252197815,9.20861633192318
2013,1100,"Niue",0.000129994469651741,0
2014,815,"Cook Islands",1.86033260155271,1.26576017891839
2014,1003,"Monaco",4.26818867676323,4.19817307961348
2014,1100,"Niue",0,0
2015,815,"Cook Islands",1.58950569654834,1.19742707587151
2015,1003,"Monaco",3.43175018936013,3.89367584873391
2015,1100,"Niue",0,0
2016,815,"Cook Islands",1.68634530398492,1.12517916020655
2016,1003,"Monaco",3.35890140397682,3.45873998570997
2016,1100,"Niue",0,0
2017,815,"Cook Islands",2.38983550137435,1.07558136158062
2017,1003,"Monaco",4.08867521692272,2.97286157292454
2017,1100,"Niue",0,0
2018,815,"Cook Islands",1.69460165888448,0.979742585532244
2018,1003,"Monaco",2.8190004319961,2.63055481830905
2018,1100,"Niue",0,0.000509935916666667
2019,815,"Cook Islands",1.61136201834574,0.840011753580176
2019,1003,"Monaco",2.89305793642438,2.15552065550051
2019,1100,"Niue",0,0
2020,815,"Cook Islands",1.67623856365726,2.41298497823467
2020,1003,"Monaco",2.82183060296996,3.92009558335656
2020,1100,"Niue",0,0
2021,815,"Cook Islands",1.48128485291966,1.55938434343545
2021,1003,"Monaco",1.88120430866292,3.60831735737804
2021,1100,"Niue",0.0128012391235023,0
