date,year,month,sec_row,fid1_row,fid2_row,fx_row,mona_row,securities_raw,fid_foreign_raw,fid_swiss_raw,fid_mona_raw,fx_usd,foreign_securities_foreigners,swiss_securities_foreigners,foreign_securities_misattributed,fiduciary_deposits_old,fiduciary_deposits_new,fiduciary_deposits,switzerland_offshore_wealth
1999-01-01,1999,1,32,157,158,25,,1053.504662,350265,81550,,1.3824,837.5283675604977,35.73941556623347,41.450232893548396,312.3661747685185,,312.3661747685185,1227.084190788798
1999-02-01,1999,2,33,158,159,26,,1054.375676,354248,81847,,1.4256,812.8201863850786,34.6850561091488,40.22739686343252,305.90277777777777,,305.90277777777777,1193.6354171354378
1999-03-01,1999,3,34,159,160,27,,1088.646733,365454,83397,,1.4647,816.8363972232106,34.856437800450436,40.42616371245885,306.4456885369018,,306.4456885369018,1198.5646872730217
1999-04-01,1999,4,35,160,161,28,,1133.423171,375439,76916,,1.4962,832.5287221091392,35.526068277483844,41.20279474533665,302.3359176580671,,302.3359176580671,1211.5935027900268
1999-05-01,1999,5,36,161,162,29,,1121.724822,371810,78745,,1.5071,817.9769193883141,34.905106713886596,40.482609453516545,298.9549465861588,,298.9549465861588,1192.3195821418758
1999-06-01,1999,6,37,162,163,30,,1131.960545,373370,82331,,1.5356999999999998,810.0684061920514,34.56763081386957,40.09120812727655,296.7382952399558,,296.7382952399558,1181.4655403731533
1999-07-01,1999,7,38,163,164,31,,1099.071888,364391,83298,,1.5499,779.3260807321863,33.255779433500464,38.56973542335811,288.8502484031228,,288.8502484031228,1140.0018439921678
1999-08-01,1999,8,39,164,165,32,,1117.570601,372111,81955,,1.5089,813.975436296193,34.73435349208574,40.28457149741587,300.92517728146333,,300.92517728146333,1189.9195385671578
1999-09-01,1999,9,40,165,166,33,,1108.085149,371580,81793,,1.5246,798.7557692262003,34.08489249797213,39.531332838227534,297.3717696444969,,297.3717696444969,1169.7437642068967
1999-10-01,1999,10,41,166,167,34,,1125.2185,378971,84117,,1.4876,831.280289960928,35.47279457705848,41.141008416300565,311.29873621941385,,311.29873621941385,1219.1928291737008
1999-11-01,1999,11,42,167,168,35,,1181.806885,388132,86226,,1.5504,837.7212752222811,35.74764741527575,41.459780113460674,305.95846233230134,,305.95846233230134,1220.887165083319
1999-12-01,1999,12,43,168,169,36,,1223.239764,393442,86733,,1.5819,849.8247072593557,36.264130920915846,42.05879275133617,303.5432075352424,,303.5432075352424,1231.69083846685
2000-01-01,2000,1,44,169,170,37,,1241.630788,400196,89220,,1.5854,860.6972358706022,36.72808872024977,42.59688657661235,308.7019048820487,,308.7019048820487,1248.724116049513
2000-02-01,2000,2,45,170,171,38,,1281.450558,403604,91215,,1.6316000000000002,863.147360844958,36.83264163814409,42.71814605239722,303.27224810002446,,303.27224810002446,1245.9703966355237
2000-03-01,2000,3,46,171,172,39,,1300.165813,408141,93535,,1.6616,859.9417768525198,36.695851407656825,42.5594980493052,301.9234472797304,,301.9234472797304,1241.1205735892122
2000-04-01,2000,4,47,172,173,40,,1301.831685,417631,95618,,1.6605,861.6139993604966,36.76720929527784,42.642258245962616,309.093044263776,,309.093044263776,1250.116511165513
2000-05-01,2000,5,48,173,174,41,,1272.329879,414269,98367,,1.7164,814.6630322667983,34.76369491989517,40.31860140520427,298.6693078536472,,298.6693078536472,1188.414636445545
2000-06-01,2000,6,49,174,175,42,,1252.093962,402733,96277,,1.6419,838.0829539297911,35.76308114400641,41.477680004663874,303.92228515743955,,303.92228515743955,1219.2460002359007
2000-07-01,2000,7,50,175,176,43,,1272.405716,414785,100561,,1.6488,848.1143700099319,36.19114658261384,41.97414621271012,312.55822416302766,,312.55822416302766,1238.8378869682836
2000-08-01,2000,8,51,176,177,44,,1325.392336,428262,103675,,1.7154,849.1332327908668,36.23462398796892,42.024570892269736,310.0950215693133,,310.0950215693133,1237.4874492404188
2000-09-01,2000,9,52,177,178,45,,1290.127129,429997,104252,,1.7552,807.7978382234089,34.47074003936475,39.97883513222805,304.3806973564266,,304.3806973564266,1186.6281107514283
2000-10-01,2000,10,53,178,179,46,,1317.513137,446898,108852,,1.7685,818.7412642576388,34.93772320782134,40.520437751723065,314.2493638676845,,314.2493638676845,1208.4487890848677
2000-11-01,2000,11,54,179,180,47,,1259.625196,438505,106525,,1.7767,779.1552940887944,33.24849154325369,38.56128299784288,306.76535149434346,,306.76535149434346,1157.7304201242346
2000-12-01,2000,12,55,180,181,48,,1234.981556,432304,105929,,1.6874,804.3391649761962,34.32314986179262,39.80766145363704,318.9717909209434,,318.9717909209434,1197.4417672125694
2001-01-01,2001,1,56,181,182,49,,1336.739976,437139,104981,,1.6291,901.7704118529925,38.48078315057144,44.62964484020012,332.7726965809343,,332.7726965809343,1317.6535364246984
2001-02-01,2001,2,57,182,183,50,,1321.027459,446154,104741,,1.6661,871.3799637982066,37.183947253015326,43.12558694986345,330.64942080307304,,330.64942080307304,1282.3389188041583
2001-03-01,2001,3,58,183,184,51,,1322.952702,458530,106898,,1.6878,861.430261488476,36.759368743939234,42.63316484939051,335.00888730892285,,335.00888730892285,1275.8316823907287
2001-04-01,2001,4,59,184,185,52,,1350.605113,460171,104727,,1.712,867.004633071368,36.99724102413658,42.90904684849111,329.963785046729,,329.963785046729,1276.8747059907246
2001-05-01,2001,5,60,185,186,53,,1381.977433,472494,106005,,1.7519,866.9387749207816,36.994430693282844,42.90578745360315,330.21234088703693,,330.21234088703693,1277.0513339547047
2001-06-01,2001,6,61,186,187,54,,1374.949066,472232,106623,,1.7827,847.6276886279063,36.17037867929944,41.9500597967614,324.7069052560723,,324.7069052560723,1250.4550323600395
2001-07-01,2001,7,62,187,188,55,,1330.795423,458370,106241,,1.7602,830.8948572840895,35.45634720746017,41.121932914098444,320.76525394841497,,320.76525394841497,1228.238391354063
2001-08-01,2001,8,63,188,189,56,,1292.133114,451491,104107,,1.6799,845.3189705215882,36.07185994366864,41.835798707944576,330.7327817131972,,330.7327817131972,1253.9594108863987
2001-09-01,2001,9,64,189,190,57,,1205.642018,441430,100743,,1.6385999999999998,808.6157828552002,34.50564376828668,40.01931614373161,330.87574758940565,,330.87574758940565,1214.0164903566242
2001-10-01,2001,10,65,190,191,58,,1240.918308,442435,102900,,1.6329,835.1805890488833,35.63923002609653,41.334038660781886,333.9671749647866,,333.9671749647866,1246.1210327005483
2001-11-01,2001,11,66,191,192,59,,1279.189471,445289,101615,,1.6509,851.5514595131666,36.337815728224086,42.14425168722679,331.27627354776183,,331.27627354776183,1261.3098004763792
2001-12-01,2001,12,67,192,193,60,,1293.377794,445489,99398,,1.6498,861.5706382919038,36.765358970787524,42.64011225728773,330.2745787368166,,330.2745787368166,1271.2506882567955
2002-01-01,2002,1,68,193,194,61,,1311.682402,449570,100078,,1.6681,864.1783834321685,36.876637932633564,42.76917253461998,329.5054253342126,,329.5054253342126,1273.3296192336347
2002-02-01,2002,2,69,194,195,62,,1311.508035,444141,99523,,1.6979,848.8982463447722,36.22459653269134,42.01294114539223,320.19789151304553,,320.19789151304553,1247.3336755359014
2002-03-01,2002,3,70,195,196,63,,1315.226292,434860,96758,,1.6753,862.7891651717115,36.817356539136064,42.70041854052706,317.3270459022265,,317.3270459022265,1259.6339861536012
2002-04-01,2002,4,71,196,197,64,,1282.747717,421031,93831,,1.6549,851.8561899392338,36.35081933234631,42.159333143114694,311.11366245694603,,311.11366245694603,1241.4800048716409
2002-05-01,2002,5,72,197,198,65,,1263.802855,410512,92185,,1.5876,874.8528903368524,37.33214565393301,43.297466040082625,316.6395817586294,,316.6395817586294,1272.1220837894975
2002-06-01,2002,6,73,198,199,66,,1210.882525,399020,89884,,1.5408,863.6793399533852,36.85534250794747,42.744474304421736,317.30529595015577,,317.30529595015577,1260.5844527159102
2002-07-01,2002,7,74,199,200,67,,1187.293849,399794,89003,,1.474,885.2328534585414,37.77508446047012,43.81118223822605,331.612618724559,,331.612618724559,1298.4317388817965
2002-08-01,2002,8,75,200,201,68,,1218.594128,402397,87422,,1.4977,894.1925359345029,38.15741636438232,44.25460712944805,327.04747279161376,,327.04747279161376,1303.652032219947
2002-09-01,2002,9,76,201,202,69,,1162.382562,397399,87514,,1.4938,855.1718961909096,36.49230875313974,42.32343122225066,324.61708394698087,,324.61708394698087,1258.6047201132808
2002-10-01,2002,10,77,202,203,70,,1188.838459,397356,85971,,1.4929,875.1629371404935,37.345376121090304,43.31281060955226,323.75041864826846,,323.75041864826846,1279.5715425194044
2002-11-01,2002,11,78,203,204,71,,1215.174979,398237,85161,,1.4651,911.5244857920891,38.89701371120133,45.11238506978075,329.94198348235614,,329.94198348235614,1325.4758680554273
2002-12-01,2002,12,79,204,205,72,,1157.961542,379431,78681,,1.441,883.1346895600678,37.685550595829774,43.70734171698629,317.912560721721,,317.912560721721,1282.4401425946048
2003-01-01,2003,1,80,205,206,73,,1163.9244,379919,80038,,1.3759,929.682575018148,39.67186447670927,46.011049588469554,334.2953703030744,,334.2953703030744,1349.6608593864012
2003-02-01,2003,2,81,206,207,74,,1153.35636,375634,80305,,1.3616,930.9165710672104,39.72452215292982,46.07212145851538,334.85531727379555,,334.85531727379555,1351.5685319524512
2003-03-01,2003,3,82,207,208,75,,1154.781818,370809,76299,,1.3592,933.7129033612692,39.84384859701164,46.21051512889828,328.9493819894056,,328.9493819894056,1348.7166490765846
2003-04-01,2003,4,83,208,209,76,,1178.135019,372699,74535,,1.3773,940.0767391012846,40.11540927354148,46.525468608370566,324.7179263776955,,324.7179263776955,1351.435543360892
2003-05-01,2003,5,84,209,210,77,,1194.197125,367449,69870,,1.3097,1002.0767431790379,42.76110343348639,49.59391943100875,333.9077651370543,,333.9077651370543,1428.3395311805875
2003-06-01,2003,6,85,210,211,78,,1231.955606,368567,74237,,1.3189,1026.549696601637,43.80542513813619,50.80511377170243,335.737356888316,,335.737356888316,1456.8975923997916
2003-07-01,2003,7,86,211,212,79,,1250.702631,368656,74396,,1.3601,1010.6016708100791,43.12488326838952,50.01582780975006,325.74957723696787,,325.74957723696787,1429.4919591251864
2003-08-01,2003,8,87,212,213,80,,1274.122165,373703,73580,,1.3816,1013.5041595249847,43.24873967060364,50.15947528231766,323.742762015055,,323.742762015055,1430.6551364929608
2003-09-01,2003,9,88,213,214,81,,1262.593144,355966,70938,,1.3788,1006.3729178090249,42.9444318751169,49.8065420069855,309.61995938497245,,309.61995938497245,1408.7438510760996
2003-10-01,2003,10,89,214,215,82,,1313.777233,359711,70349,,1.3224,1091.8316514546236,46.59116828885812,54.03599207649842,325.2117362371446,,325.2117362371446,1517.6705480571247
2003-11-01,2003,11,90,215,216,83,,1304.452502,346312,68622,,1.3318,1076.4306336012457,45.93396860640666,53.27377816047354,311.55879261150324,,311.55879261150324,1487.1971729796292
2003-12-01,2003,12,91,216,217,84,,1306.757556,337009,65254,,1.2664,1134.0205045064602,48.39147143067789,56.12396646906011,317.6429248262792,,317.6429248262792,1556.1788672324774
2004-01-01,2004,1,92,217,218,85,,1344.819827,348034,66773,,1.2417,1190.2665021574096,50.791627845486694,58.907644959560216,334.06378352259003,,334.06378352259003,1634.0295584850467
2004-02-01,2004,2,93,218,219,86,,1379.471255,346343,67093,,1.2436,1219.0702443636442,52.02075506367243,60.33317497012182,332.45094885815377,,332.45094885815377,1663.875123255592
2004-03-01,2004,3,94,219,220,87,,1382.637643,345380,66754,,1.2767,1190.1900282482443,50.78836451384863,58.90386017868836,322.811937025143,,322.811937025143,1622.6941899659241
2004-04-01,2004,4,95,220,221,88,,1385.786029,346925,68726,,1.2965,1174.682358720856,50.12661373958233,58.13636794983559,320.5946779791747,,320.5946779791747,1603.5400183894487
2004-05-01,2004,5,96,221,222,89,,1355.382203,334749,67275,,1.2828,1161.1801861616455,49.55044250188899,57.46813005029038,313.39569691300284,,313.39569691300284,1581.5944556268278
2004-06-01,2004,6,97,222,223,90,,1363.058252,335302,66257,,1.251,1197.4403701937345,51.09775461193202,59.262687860040565,320.99040767386094,,320.99040767386094,1628.791220339568
2004-07-01,2004,7,98,223,224,91,,1370.532165,346575,68715,,1.2438,1210.9758131650024,51.67534558073972,59.93257235017501,333.8880849011095,,333.8880849011095,1656.4718159970266
2004-08-01,2004,8,99,224,225,92,,1377.365168,349862,68730,,1.2629,1198.607309440149,51.14755080783836,59.32044101254261,331.45300498851856,,331.45300498851856,1640.5283062490487
2004-09-01,2004,9,100,225,226,93,,1387.315713,348837,68270,,1.2631,1207.0752888139195,51.50890051916455,59.739530957164924,330.22484363866675,,330.22484363866675,1648.5485639289159
2004-10-01,2004,10,101,226,227,94,,1371.994125,342882,68879,,1.235,1220.9055928038163,52.09907393996698,60.42400845497145,333.4097165991903,,333.4097165991903,1666.838391797945
2004-11-01,2004,11,102,227,228,95,,1362.504431,337395,67579,,1.1732,1276.3290616257668,54.46413100677349,63.166979056826584,345.1875213092397,,345.1875213092397,1739.1476929986065
2004-12-01,2004,12,103,228,229,96,,1392.17915,345994,67347,,1.1453,1335.8960127883147,57.00600075598895,66.11501531933311,360.9019470880992,,360.9019470880992,1819.918975951736
2005-01-01,2005,1,104,229,230,97,,1436.176047,356875,69914,,1.1777,1340.2005541957028,57.18968622879127,66.32805197665357,362.39195041181966,,362.39195041181966,1826.1102428129673
2005-02-01,2005,2,105,230,231,98,,1438.174942,352211,69398,,1.1907,1327.4132642243846,56.644020806637236,65.695194430667,354.08499202149994,,354.08499202149994,1803.837471483189
2005-03-01,2005,3,106,231,232,99,,1521.963712,360583,71020,,1.1727,1426.310770365778,60.86422301990265,70.58974465837112,368.04212501065916,,368.04212501065916,1925.806863054711
2005-04-01,2005,4,107,232,233,100,,1521.919708,363812,73283,,1.1949,1399.7709265315402,59.73170196796796,69.27625755692306,365.80048539626745,,365.80048539626745,1894.5793714526988
2005-05-01,2005,5,108,233,234,101,,1576.596695,379706,75765,,1.2173,1423.3764592447048,60.739008676581825,70.44452225867511,374.164955228785,,374.164955228785,1928.7249454087466
2005-06-01,2005,6,109,234,235,102,,1622.851004,377521,77069,,1.2643,1410.6695750187055,60.196774367279815,69.81564408461018,359.558649054813,,359.558649054813,1900.2406425254085
2005-07-01,2005,7,110,235,236,103,,1646.408457,383279,80572,,1.2937,1398.6234294603141,59.68273541796436,69.21946661981663,358.546030764474,,358.546030764474,1886.071662262569
2005-08-01,2005,8,111,236,237,104,,1651.526556,381207,80465,,1.2623,1437.8704822896839,61.357504637906565,71.16184796852392,365.7387308880615,,365.7387308880615,1936.1285657841759
2005-09-01,2005,9,112,237,238,105,,1725.828434,384845,81740,,1.2638,1500.7766291094097,64.04186615918755,74.27514482760019,369.1921190061719,,369.1921190061719,2008.2857591023692
2005-10-01,2005,10,113,238,239,106,,1689.10865,400869,83853,,1.288,1441.2473176947094,61.50160259149649,71.32897139908805,376.3369565217391,,376.3369565217391,1950.4148482070332
2005-11-01,2005,11,114,239,240,107,,1742.237955,405888,85652,,1.3098,1461.8380897363702,62.38026197466459,72.34803216125758,375.27866849900744,,375.27866849900744,1971.8450523712997
2005-12-01,2005,12,115,240,241,108,,1768.280132,426476,85927,,1.3047,1489.4886356476495,63.56017944281536,73.7164891736387,392.73626120947347,,392.73626120947347,2019.501565473577
2006-01-01,2006,1,116,241,242,109,,1783.918832,412422,86081,,1.2779,1534.1753802963815,65.4670738229485,75.92808706654311,390.0954691290398,,390.0954691290398,2065.666010314913
2006-02-01,2006,2,117,242,243,110,,1831.428895,417903,88144,,1.3041,1543.3909739389373,65.86032609193155,76.38417729289434,388.04309485468906,,388.04309485468906,2073.678572178452
2006-03-01,2006,3,118,243,244,111,,1843.267701,423183,89461,,1.3047,1552.6534757762408,66.25558005008776,76.8425890592342,392.920978002606,,392.920978002606,2088.6726228881685
2006-04-01,2006,4,119,244,245,112,,1829.167096,421119,89190,,1.2834,1566.347558970741,66.83994059122664,77.52032483471486,397.6227208976157,,397.6227208976157,2108.330545294298
2006-05-01,2006,5,120,245,246,113,,1777.647333,428002,91713,,1.2188,1602.9129926287007,68.40027846093703,79.32998979614263,426.41532655070563,,426.41532655070563,2177.058587436486
2006-06-01,2006,6,121,246,247,114,,1774.658091,436427,91916,,1.2324,1582.5585729398044,67.53170481967652,78.32262638112749,428.7106458941903,,428.7106458941903,2157.123550034799
2006-07-01,2006,7,122,247,248,115,,1804.199808,454217,96203,,1.2363,1603.827116997617,68.43928641811831,79.37523085238959,445.2155625657203,,445.2155625657203,2196.857196833845
2006-08-01,2006,8,123,248,249,116,,1835.481315,461296,97650,,1.2305,1639.325290069305,69.95408162791699,81.13207587174433,454.24299065420564,,454.24299065420564,2244.6544382231723
2006-09-01,2006,9,124,249,250,117,,1871.961883,469417,101001,,1.2433,1654.6946274196036,70.60992942461895,81.89272188358628,458.7935333386954,,458.7935333386954,2265.990812066504
2006-10-01,2006,10,125,250,251,118,,1903.106831,474892,105116,,1.26,1659.928616609589,70.83327674272225,82.15175797035087,460.32380952380953,,460.32380952380953,2273.2374608464715
2006-11-01,2006,11,126,251,252,119,,1900.763905,470792,106323,,1.2358,1690.3505313236867,72.13145540078318,83.65737318149884,466.9970869072666,,466.9970869072666,2313.136446813235
2006-12-01,2006,12,127,252,253,120,,1932.959961,495445,109939,,1.2078,1758.8330671935394,75.0537752925991,87.04665188642717,501.2286802450737,,501.2286802450737,2422.1621746176393
2007-01-01,2007,1,128,253,254,121,,1987.92304,514861,109073,,1.2439,1756.3492859043463,74.94778617616038,86.92372672128492,501.5949835195755,,501.5949835195755,2419.8157823213674
2007-02-01,2007,2,129,254,255,122,,2011.634602,515011,110361,,1.2402,1782.6010556134459,76.06801438970182,88.22295670615033,504.25092726979517,,504.25092726979517,2451.1429539790934
2007-03-01,2007,3,130,255,256,123,,2049.551123,519023,112624,,1.218,1849.3037759251579,78.91438513122337,91.52415031181523,518.5935960591133,,518.5935960591133,2538.33590742731
2007-04-01,2007,4,131,256,257,124,,2109.903391,526524,114130,,1.2116,1913.8156187262073,81.66726568800485,94.71691489396812,528.7669197755034,,528.7669197755034,2618.966719083684
2007-05-01,2007,5,132,257,258,125,,2171.059675,538405,121475,,1.221,1954.1274528800902,83.38747177160194,96.71199348326003,540.4422604422604,,540.4422604422604,2674.6691785772123
2007-06-01,2007,6,133,258,259,126,,2182.559843,545464,126293,,1.2332,1945.0440141989793,82.99985888304963,96.26244375648123,544.7267272137528,,544.7267272137528,2669.033044052263
2007-07-01,2007,7,134,259,260,127,,2182.201066,554958,129211,,1.2076,1985.9506320034077,84.74544586224643,98.28695886612431,566.552666445843,,566.552666445843,2735.535703177621
2007-08-01,2007,8,135,260,261,128,,2182.111176,570016,132576,,1.2027,1993.959586183417,85.08720782849959,98.68333113105678,584.1789307391701,,584.1789307391701,2761.9090558821435
2007-09-01,2007,9,136,261,262,129,,2223.218306,570868,130595,,1.1861,2059.954334546312,87.90336764861475,101.94948639856241,591.4029171233456,,591.4029171233456,2841.2101057168347
2007-10-01,2007,10,137,262,263,130,,2268.822585,581834,129876,,1.1742,2123.514592555667,90.61564171893663,105.0951559654759,606.1233180037472,,606.1233180037472,2925.348708243827
2007-11-01,2007,11,138,263,264,131,,2206.381226,575285,127069,,1.1234,2158.4546232628795,92.1066196078161,106.82437788346314,625.2038454691116,,625.2038454691116,2982.58946622327
2007-12-01,2007,12,139,264,265,132,,2172.899187,582276,126390,,1.1391,2096.401755288932,89.4586696141255,103.75331076638791,622.1279957861469,,622.1279957861469,2911.7417314555923
2008-01-01,2008,1,140,265,266,133,,2023.674586,574675,127311,,1.1008,2020.3613227338412,86.21383549962461,99.98998314571841,637.7053052325581,,637.7053052325581,2844.2704466117425
2008-02-01,2008,2,141,266,267,134,,1977.551303,567058,129614,,1.0908,1992.4132393494026,85.02122136851692,98.60680066488189,638.6798679867987,,638.6798679867987,2814.7211293696005
2008-03-01,2008,3,142,267,268,135,,1939.055272,533892,125543,,1.012,2105.748331434775,89.85751123183773,104.21588346602186,651.6156126482214,,651.6156126482214,2951.437338780856
2008-04-01,2008,4,143,268,269,136,,2042.910995,555582,131657,,1.0125,2217.4365566257898,94.62352519454498,109.74346094870366,678.7545679012346,,678.7545679012346,3100.558110670273
2008-05-01,2008,5,144,269,270,137,,2071.016619,559791,129883,,1.0435,2181.161983816519,93.07559907964301,107.94819102198127,660.9238140872066,,660.9238140872066,3043.1095880053495
2008-06-01,2008,6,145,270,271,138,,1976.387673,549887,129590,,1.0373000000000001,2093.9415162173796,89.35368510258398,103.63155073241236,655.0438638773738,,655.0438638773738,2941.97061592975
2008-07-01,2008,7,146,271,272,139,,1987.84884,570895,132015,,1.0261,2129.0725378676852,90.85281304935879,105.37022500972068,685.0306987623038,,685.0306987623038,3010.3262746890687
2008-08-01,2008,8,147,272,273,140,,2013.596368,590405,133967,,1.0839,2041.6438836805648,87.12201523352921,101.04328132877858,668.3015038287664,,668.3015038287664,2898.110684071639
2008-09-01,2008,9,148,273,274,141,,1893.90344,563210,126088,,1.1097,1875.6380564632368,80.03813428676489,92.82746385159044,621.1570694782374,,621.1570694782374,2669.6607240798294
2008-10-01,2008,10,149,274,275,142,,1715.914703,530959,117697,,1.1421,1651.1569356110858,70.45896732878195,81.71763748639054,567.9502670519219,,567.9502670519219,2371.2838074781803
2008-11-01,2008,11,150,275,276,143,,1725.886728,543313,113858,,1.1894,1594.7078937625836,68.05014651377404,78.92391010727694,552.5231209012948,,552.5231209012948,2294.2050712849295
2008-12-01,2008,12,151,276,277,144,,1575.548239,458386,98300,,1.1463,1510.5329434626717,64.45819232385428,74.7579959378298,485.63726773096045,,485.63726773096045,2135.386399455316
2009-01-01,2009,1,152,277,278,145,,1603.073208,458715,94233,,1.1287,1560.8875618875827,66.60694895499849,77.25010335988385,489.8981128732169,,489.8981128732169,2194.642727075682
2009-02-01,2009,2,153,278,279,146,,1560.5334,439569,90998,,1.1651,1471.9960856174666,62.81372888775798,72.85076294783327,455.38322890738993,,455.38322890738993,2063.043806360448
2009-03-01,2009,3,154,279,280,147,,1556.447237,419616,87743,,1.1553,1480.5954778469081,63.180686312018416,73.27635666436798,439.1577945122479,,439.1577945122479,2056.2103153355424
2009-04-01,2009,4,155,280,281,148,,1594.816399,414758,85203,,1.1482,1526.4758551523082,65.13851596217035,75.5470287970529,435.43023863438424,,435.43023863438424,2102.591638545916
2009-05-01,2009,5,156,281,282,149,,1606.154467,386524,79404,,1.1086,1592.2425470864314,67.94494404805879,78.80189729213195,420.28504419989173,,420.28504419989173,2159.2744326265138
2009-06-01,2009,6,157,282,283,150,,1645.348773,375772,79566,,1.081,1672.7424055496358,71.38007294168592,82.78592698048335,421.2192414431082,,421.2192414431082,2248.1276469149134
2009-07-01,2009,7,158,283,284,151,,1694.394652,362761,74906,,1.0796,1724.838689612295,73.60315077127053,85.36423141878608,405.3973693960727,,405.3973693960727,2289.203441198424
2009-08-01,2009,8,159,284,285,152,,1712.969691,350946,72882,,1.0689,1761.2028952245007,75.15490174048973,87.16393737502156,396.5085602020769,,396.5085602020769,2320.030294542089
2009-09-01,2009,9,160,285,286,153,,1751.865226,332476,68864,,1.0406,1850.1786265217877,78.95171717899912,91.56744766433714,385.6813376897944,,385.6813376897944,2406.3791290549184
2009-10-01,2009,10,161,286,287,154,,1745.073137,318847,66518,,1.0216,1877.2820952170246,80.10828950359624,92.90882920215046,377.2171104150352,,377.2171104150352,2427.5163243378065
2009-11-01,2009,11,162,287,288,155,,1706.309233,302505,66703,,1.0123,1852.444874630753,79.04842361436252,91.67960686460971,364.72192037933416,,364.72192037933416,2387.8948254890593
2009-12-01,2009,12,163,288,289,156,,1718.773171,297700,64639,,1.0283,1836.9423183499032,78.38689103502551,90.91236769615236,352.367013517456,,352.367013517456,2358.608590598537
2010-01-01,2010,1,164,289,290,157,,1720.695904,292965,62352,,1.0337,1829.3904083689663,78.06463227988192,90.53861506922615,343.7331914481957,,343.7331914481957,2341.72684716627
2010-02-01,2010,2,165,290,291,158,,1736.659809,285822,62312,,1.0715,1781.2274010582055,76.0093971381606,88.15497297755634,324.90340643957074,,324.90340643957074,2270.2951776134933
2010-03-01,2010,3,166,291,292,159,,1750.503277,274571,59572,,1.0668,1803.3362391459245,76.95283616984986,89.24916455749171,313.21991001124866,,313.21991001124866,2282.7581498845148
2010-04-01,2010,4,167,292,293,160,,1785.100236,278130,57546,,1.0684,1836.22339833036,78.3562129322501,90.8767875255025,314.1856982403594,,314.1856982403594,2319.642097028472
2010-05-01,2010,5,168,293,294,161,,1774.902761,285901,55762,,1.1284,1728.65480065732,73.7659937074236,85.55309510112878,302.7853598014888,,302.7853598014888,2190.759249267361
2010-06-01,2010,6,169,294,295,162,,1657.72905,267107,49421,,1.1282,1614.820454282833,68.90839942361627,79.91930363654711,280.56018436447437,,280.56018436447437,2044.2083417074705
2010-07-01,2010,7,170,295,296,163,,1667.344832,268561,48952,,1.0549,1737.044420285363,74.12399961378186,85.96830693267971,300.9887193098872,,300.9887193098872,2198.125446141712
2010-08-01,2010,8,171,296,297,164,,1600.754309,258648,48459,,1.0398,1691.8881769593393,72.19707055902106,83.73347301545574,295.3519907674553,,295.3519907674553,2143.1707113012712
2010-09-01,2010,9,172,297,298,165,,1625.091054,253973,49444,,1.0023,1781.8730455208868,76.0369483909343,88.1869266574329,302.72074229272675,,302.72074229272675,2248.8176628619804
2010-10-01,2010,10,173,298,299,166,,1681.353277,255836,52363,,0.9685,1907.9023314320198,81.41493103266049,94.42425957027507,318.2230252968508,,318.2230252968508,2401.964547331806
2010-11-01,2010,11,174,299,300,167,,1679.216928,253333,47854,,0.9831,1877.179905731283,80.10392882443733,92.90377172810263,306.3645610822907,,306.3645610822907,2356.552167366114
2010-12-01,2010,12,175,300,301,168,,1617.041117,236848,50542,,0.9683,1835.3036157844247,78.31696352660249,90.83126643962993,296.7985128575854,,296.7985128575854,2301.2503586082425
2011-01-01,2011,1,176,301,302,169,,1650.060735,239345,49392,,0.9569,1895.0914158909086,80.8682574487659,93.79023276792884,301.7420838123106,,301.7420838123106,2371.491989919914
2011-02-01,2011,2,177,302,303,170,,1649.250594,238127,49667,,0.9499,1908.1194154741806,81.424194547899,94.43500330679024,302.97294452047583,,302.97294452047583,2386.9515578493456
2011-03-01,2011,3,178,303,304,171,,1659.490129,235719,50869,,0.9197,1983.0116976375068,84.62003423358631,98.1415076567757,311.6103077090355,,311.6103077090355,2477.383547236904
2011-04-01,2011,4,179,304,305,172,,1633.897752,230453,50439,,0.8987,1998.0526254547897,85.26186797986207,98.88590030675526,312.5536886613998,,312.5536886613998,2494.754082402807
2011-05-01,2011,5,180,305,306,173,,1583.75505,222681,48871,,0.8735,1992.6081048885933,85.02953676505085,98.61644478237716,310.8780767029193,,310.8780767029193,2487.1321631389405
2011-06-01,2011,6,181,306,307,174,,1560.682083,218810,48706,,0.8403,2041.159159383593,87.10133084389476,101.01929177119838,318.35772938236346,,318.35772938236346,2547.63751138105
2011-07-01,2011,7,182,307,308,175,,1462.690352,205871,48318,,0.8244,1949.8948972123062,83.20685810909549,96.5025194821876,308.33212032993697,,308.33212032993697,2437.9363951335263
2011-08-01,2011,8,183,308,309,176,,1433.081467,209741,47000,,0.7812,2016.0691965312685,86.03067981444673,99.77756093102573,328.6495135688684,,328.6495135688684,2530.526950845609
2011-09-01,2011,9,184,309,310,177,,1478.594046,219952,47576,,0.8723,1862.858508097362,79.49279921814252,92.19498944647528,306.69265161068444,,306.69265161068444,2341.2389483726643
2011-10-01,2011,10,185,310,311,178,,1497.436127,215750,45865,,0.8975,1833.6254936612017,78.2453538877464,90.74821426429403,291.4930362116992,,291.4930362116992,2294.1120980249416
2011-11-01,2011,11,186,311,312,179,,1519.053074,220929,45764,,0.9082,1838.180858730918,78.43974262917698,90.9736644703627,293.650077075534,,293.650077075534,2301.2443429059917
2011-12-01,2011,12,187,312,313,180,,1529.591619,217742,43992,,0.9316,1804.441490730141,77.00000000000001,89.3038647173265,280.95105195362817,,280.95105195362817,2251.6964074010957
2012-01-01,2012,1,188,313,314,181,,1556.514684,213934,42732,,0.9378,1824.0627848745514,77.83728935345432,90.2749449140816,273.6894860311367,,273.6894860311367,2265.8645051732237
2012-02-01,2012,2,189,314,315,182,,1579.942796,206156,43662,,0.9119,1904.1051882757715,81.25289750343103,94.23633463035324,273.95328435135434,,273.95328435135434,2353.54770476091
2012-03-01,2012,3,190,315,316,183,,1580.492478,203205,42888,,0.9133,1901.8478270558956,81.15657029369693,94.12461525234427,269.45472462498634,,269.45472462498634,2346.583737226923
2012-04-01,2012,4,191,316,317,184,,1602.188071,199951,43432,,0.9136,1927.3216151082124,82.24360009771387,95.38534203885895,266.39995621716287,,266.39995621716287,2371.350513461948
2012-05-01,2012,5,192,317,318,185,,1592.730517,207061,41883,,0.9377,1866.7027805652444,79.65684387215187,92.38524686971232,265.4836301588995,,265.4836301588995,2304.2285014660083
2012-06-01,2012,6,193,318,319,186,,1573.723821,197504,40463,,0.9584,1804.5898183219176,77.00632950673406,89.31120561879541,248.2961185308848,,248.2961185308848,2219.203471978332
2012-07-01,2012,7,194,319,320,187,,1615.728064,192816,37987,,0.9766,1818.227983738057,77.58830389739042,89.9861739597321,236.33319680524266,,236.33319680524266,2222.135658400422
2012-08-01,2012,8,195,320,321,188,,1613.4738,190164,37639,,0.9685,1830.8766318385572,78.12805312657957,90.61216996161247,235.21218378936499,,235.21218378936499,2234.829038716114
2012-09-01,2012,9,196,321,322,189,,1629.285291,183021,36601,,0.9405,1903.8605107931041,81.2424565075538,94.22422526303723,233.51621477937266,,233.51621477937266,2312.8434073430676
2012-10-01,2012,10,197,322,323,190,,1627.467692,177155,35440,,0.9328,1917.4348984292365,81.82170934193596,94.89603716899556,227.91059176672385,,227.91059176672385,2322.063236706892
2012-11-01,2012,11,198,323,324,191,,1633.810829,174155,36097,,0.9392,1911.7912758921616,81.5808819515289,94.61672786129246,223.86286201022148,,223.86286201022148,2311.851747715204
2012-12-01,2012,12,199,324,325,192,,1755.624789,168114,35147,,0.9216,1967.9491884846334,83.97727955812051,97.39604692191561,220.55230034722223,,220.55230034722223,2369.874815311892
2013-01-01,2013,1,200,325,326,193,,1790.970506,163355,33665,,0.9241,2002.1384509922989,85.43622030328429,99.08811246654808,213.20203441186015,,213.20203441186015,2399.8648181739914
2013-02-01,2013,2,201,326,327,194,,1813.730404,162600,33989,,0.9202,2036.175216131599,86.8886536069907,100.77263074271869,213.6372527711367,,213.6372527711367,2437.4737532524455
2013-03-01,2013,3,202,327,328,195,,1838.732211,167532,32840,,0.946,2007.9458212482311,85.68403521554605,99.37552583537357,211.8097251585624,,211.8097251585624,2404.815107457713
2013-04-01,2013,4,203,328,329,196,,1818.299998,166581,31555,,0.9377,2003.2090101770025,85.48190372258362,99.14109566001476,211.29998933560842,,211.29998933560842,2399.131998895209
2013-05-01,2013,5,204,329,330,197,,1867.889925,165017,30788,,0.955,2020.5637196573061,86.22247227903078,100,205.03141361256547,,205.03141361256547,2411.817605548902
2013-06-01,2013,6,205,330,331,198,,1779.999367,161306,31118,,0.9343,1968.1497605490651,83.98583846625945,97.40597346184506,205.95526062292626,,205.95526062292626,2355.496833100096
2013-07-01,2013,7,206,331,332,199,,1788.020326,158379,31178,,0.9452,1954.219674090577,83.39140707969808,96.71655761601117,200.54697418535758,,200.54697418535758,2334.8746129716437
2013-08-01,2013,8,207,332,333,200,,1760.285957,160951,30610,,0.9264,1962.9503759777474,83.76396781318027,97.14864999707457,206.78000863557855,,206.78000863557855,2350.643002423581
2013-09-01,2013,9,208,333,334,201,,1754.127779,153367,30952,,0.9244,1960.3153117411873,83.6515230776444,97.01823766654896,199.3931198615318,,199.3931198615318,2340.378192346913
2013-10-01,2013,10,209,334,335,202,,1784.261465,150530,30975,,0.9027,2041.9245763627393,87.13399308741833,101.05717312934115,201.06901517669215,,201.06901517669215,2431.184757756191
2013-11-01,2013,11,210,335,336,203,,1797.356702,146992,29812,,0.9128,2034.1514597714056,86.80229489681061,100.67247273530201,193.69412795793164,,193.69412795793164,2415.3203553614503
2013-12-01,2013,12,211,336,337,204,,1764.353019,144911,31505,,0.8942,2038.334532136394,86.98079698388784,100.87949775135534,197.28919704764036,,197.28919704764036,2423.4840239192777
2014-01-01,2014,1,212,337,338,205,,1760.754456,146741,30350,,0.9035,2013.2387547050726,85.90989783191266,99.63747914104506,196.00553403431104,,,
2014-02-01,2014,2,213,338,339,206,,1760.166,143219,29080,,0.8942,2033.4973225062893,86.77438123506391,100.64009873695925,192.6850816372176,,,
2014-03-01,2014,3,214,339,340,207,,1734.887416,144065,27745,,0.8811,2034.0926865460249,86.79978689731183,100.66956398143253,194.99489274770173,,,
2014-04-01,2014,4,215,340,341,208,,1752.47969,142664,28848,,0.8826,2051.2269463999114,87.53094832068136,101.51755801830421,194.32585542714705,,,
2014-05-01,2014,5,216,341,342,209,,1795.530078,143760,28740,,0.888,2088.8360858275632,89.13582370777821,103.37887716710247,194.25675675675674,,,
2014-06-01,2014,6,217,342,343,210,25,1803.660559,142406,28523,170927,0.896,2079.559934649867,88.73998729836735,102.91978987935936,190.76897321428572,190.76674107142856,190.76674107142856,2461.9864528990224
2014-07-01,2014,7,218,343,344,211,26,1814.933008,139553,,168572,0.8969,2090.45689975296,89.20498786349991,103.45909309445129,,187.94960419221763,187.94960419221763,2471.0705849031287
2014-08-01,2014,8,219,344,345,212,27,1857.019723,140743,,169384,0.9098,2108.6049733480613,89.97941123715964,104.35726192815574,,186.17718179819738,186.17718179819738,2489.1188283115744
2014-09-01,2014,9,220,345,346,213,28,1873.957981,138987,,166612,0.9354,2069.6033837559216,88.31511654319337,102.42702883465277,,178.11845199914475,178.11845199914475,2438.4639811329125
2014-10-01,2014,10,221,346,347,214,29,1882.879343,133832,,161536,0.9526,2041.9098133772209,87.13336311416025,101.05644249237214,,169.57379802645391,169.57379802645391,2399.6734170102072
2014-11-01,2014,11,222,347,348,215,30,1871.810376,130204,,155655,0.9646,2004.653125605098,85.5435277145693,99.2125665774645,,161.36740617872692,161.36740617872692,2350.776626075859
2014-12-01,2014,12,223,348,349,216,31,1880.799472,134886,,162081,0.9759000000000002,1990.9567180623262,84.95906798771681,98.53471576734034,,166.08361512450043,166.08361512450043,2340.534116941884
2015-01-01,2015,1,224,349,350,217,32,1727.127435,121133,,143329,0.9422,1893.677092780919,80.80790476898734,93.72023630623698,,152.121630227128,152.121630227128,2220.3268640832716
2015-02-01,2015,2,225,350,351,218,33,1835.280485,122112,,143943,0.9353,2027.1045806224722,86.50158706158547,100.3237146595048,,153.90035282796964,153.90035282796964,2367.830235171532
2015-03-01,2015,3,226,351,352,219,34,1837.896837,121013,,143441,0.9798,1937.7972619222342,82.69062196504706,95.903793731924,,146.39824453970198,146.39824453970198,2262.7899221589073
2015-04-01,2015,4,227,352,353,220,35,1866.796253,119476,,141870,0.9621,2004.4782515605928,85.53606540476535,99.20391186181241,,147.45868412846897,147.45868412846897,2336.676912955639
2015-05-01,2015,5,228,353,354,221,36,1874.113953,118381,,139458,0.9316,2078.21826241355,88.68273481180731,102.85338899215819,,149.6972949763847,149.6972949763847,2419.4516811939
2015-06-01,2015,6,229,354,355,222,37,1850.002636,113937,,134810,0.9319,2050.820633044194,87.5136099206551,101.49744910752032,,144.66144436098296,144.66144436098296,2384.4931364333524
2015-07-01,2015,7,230,355,356,223,38,1876.763696,135039,,138360,0.953,2034.4233694379645,86.81389795760953,100.68592985441751,,145.18363064008398,145.18363064008398,2367.106827890076
2015-08-01,2015,8,231,356,357,224,39,1773.890079,133427,,136735,0.9681,1892.9150638850404,80.77538710339158,93.6825226281943,,141.24057432083464,141.24057432083464,2208.6135479374607
2015-09-01,2015,9,232,357,358,225,40,1723.62341,133372,,136971,0.9716,1832.6499550030792,78.20372523031344,90.69993374492056,,140.97468093865788,140.97468093865788,2142.528294916971
2015-10-01,2015,10,233,358,359,226,41,1803.506647,133757,,137278,0.9681,1924.5188528522685,82.12399927118867,95.24663014233835,,141.8014667906208,141.8014667906208,2243.6909490564167
2015-11-01,2015,11,234,359,360,227,42,1852.5043680000001,136652.68844222304,,140349.95878987695,1.0087,1897.2382093964331,80.95986645951776,93.89648002381288,,139.13944561304348,139.13944561304348,2211.2340014928072
2015-12-01,2015,12,235,360,361,228,43,1783.565735,138468.28065873598,,142403.959110923,0.9958,1850.2978366577643,78.9568041715768,91.57334750975241,,143.00457833995077,143.00457833995077,2163.8325666790442
2016-01-01,2016,1,236,361,362,229,44,1786.481969,140054.90922362,,143780.50729302998,1.0054,1835.6268392416487,78.3307562742943,90.84726313669418,,143.0082626745872,143.0082626745872,2147.8131213272245
2016-02-01,2016,2,237,362,363,230,45,1729.366087,136962.94331989123,,140863.06527157655,0.9930000000000001,1799.1291176666416,76.77330784733623,89.0409493233789,,141.85605767530365,141.85605767530365,2106.79943251266
2016-03-01,2016,3,238,363,364,231,46,1734.188426,133121.851321463,,136873.922000503,0.9833,1821.9434241922754,77.74685096940387,90.17005533986736,,139.19853757805654,139.19853757805654,2129.058868079603
2016-04-01,2016,4,239,364,365,232,47,1754.665519,137501.149265283,,141358.507242223,0.964,1880.3640982390864,80.23980622714637,93.06136104225419,,146.63745564545954,146.63745564545954,2200.302721153946
2016-05-01,2016,5,240,365,366,233,48,1728.001408,140289.500693344,,144008.893651049,0.9772,1826.7759122877646,77.95306523861915,90.4092206801373,,147.36890467770058,147.36890467770058,2142.5071028842212
2016-06-01,2016,6,241,366,367,234,49,1691.808607,133403.840734514,,137839.874636993,0.97,1801.7898600579365,76.88684833351003,89.17263249503092,,142.10296354329174,142.10296354329174,2109.9523044297694
2016-07-01,2016,7,242,367,368,235,50,1719.715283,133773.743632664,,137874.83564684298,0.9821,1808.9454994399757,77.19219723800353,89.52677323864741,,140.3877768525028,140.3877768525028,2116.0522467691294
2016-08-01,2016,8,243,368,369,236,51,1751.122947,135019.030321947,,139041.724340491,0.9703,1864.3834987986165,79.55787435889928,92.2704629733143,,143.29766499071522,143.29766499071522,2179.5095011215453
2016-09-01,2016,9,244,369,370,237,52,1742.74382,133363.60812025602,,137598.82517528,0.9743,1847.8447972394674,78.85212688712107,91.4519437948172,,141.2283949248486,141.2283949248486,2159.3772628462543
2016-10-01,2016,10,245,370,371,238,53,1740.731073,135044.937041961,,139081.901933539,0.9867,1822.5153560955753,77.771256724193,90.19836090121818,,140.95662504665958,140.95662504665958,2131.441598767646
2016-11-01,2016,11,246,371,372,239,54,1781.454591,137716.28186868798,,141817.401654473,0.9958,1848.1077042172165,78.86334578082901,91.46495536060904,,142.41554695167002,142.41554695167002,2160.8515523103247
2016-12-01,2016,12,247,372,373,240,55,1792.70283,142915.880897173,,147380.037606906,1.0193,1816.8995717365585,77.53161725798381,89.92042933665613,,144.5894610094241,144.5894610094241,2128.9410793406223
2017-01-01,2017,1,248,373,374,241,56,1777.723028,136572.09064932298,,140959.396235619,1.0086,1820.8315798185197,77.69940580854993,90.1150288953688,,139.7574818913534,139.7574818913534,2128.403496413792
2017-02-01,2017,2,249,374,375,242,57,1821.083291,140586.909991577,,145055.460179046,1.0017,1878.0916357481537,80.14283460867011,92.94889428513959,,144.80928439557354,144.80928439557354,2195.992649037537
2017-03-01,2017,3,250,375,376,243,58,1835.399541,143465.432462522,,147835.480499921,1.0021,1892.1004949523356,80.74062742393372,93.6422086838836,,147.52567657910487,147.52567657910487,2214.009007639258
2017-04-01,2017,4,251,376,377,244,59,1855.383996,147221.499438733,,151952.566472258,1.0008,1915.1868546485127,81.7257797304717,94.78477892166322,,151.83110159098524,151.83110159098524,2243.5285148916328
2017-05-01,2017,5,252,377,378,245,60,1840.343437,144832.27024516498,,149643.899689374,0.9867,1926.8077800448445,82.2216734793765,95.35991175629131,,151.6609908679173,151.6609908679173,2256.0503561484297
2017-06-01,2017,6,253,378,379,246,61,1825.224411,146544.368148487,,151319.368412172,0.9682,1947.4926751268863,83.1043493264458,96.38363077493973,,156.2893703905929,156.2893703905929,2283.2700256188646
2017-07-01,2017,7,254,379,380,247,62,1881.024831,154173.169503246,,159178.846670861,0.9607,2022.6995628617906,86.31361401324061,100.10570531301268,,165.6904826385563,165.6904826385563,2374.8093648266
2017-08-01,2017,8,255,380,381,248,63,1884.623128,157276.135803588,,162318.141053698,0.9648000000000002,2017.9567983087313,86.11122847042215,99.8709804930568,,168.24019595117946,168.24019595117946,2372.17920322339
2017-09-01,2017,9,256,381,382,249,64,1918.937046,158095.718821188,,163136.215130665,0.9622,2060.25044835269,87.91600356017422,101.96414140812716,,169.5450167643577,169.5450167643577,2419.675610085349
2017-10-01,2017,10,257,382,383,250,65,1995.506877,165631.05947327398,,170465.976810383,0.9817,2099.9022578054432,89.60804475050762,103.92655462316196,,173.64365570987368,173.64365570987368,2467.0805128889865
2017-11-01,2017,11,258,383,384,251,66,1984.705994,162762.965291926,,167721.84313447,0.9919,2067.0592897511165,88.20655373338414,102.30111872451596,,169.09148415613467,169.09148415613467,2426.6584463651516
2017-12-01,2017,12,259,384,385,252,67,1983.966014,169204.509676439,,173876.368401181,0.9869,2076.7571864985025,88.62038707371958,102.78107868089045,,176.18438382934542,176.18438382934542,2444.3430360824577
2018-01-01,2018,1,260,385,386,253,68,1975.208049,157903.74606017,,162707.89639346598,0.9616,2121.988542898544,90.5505213899029,105.01963002970477,,169.20538310468592,169.20538310468592,2486.7640774228375
2018-02-01,2018,2,261,386,387,254,69,1966.040701,161695.947518016,,166566.939720915,0.9341,2174.321573733854,92.78370179227124,107.60965133545137,,178.31810268805802,178.31810268805802,2553.0330295496346
2018-03-01,2018,3,262,387,388,255,70,1949.145249,165575.650970628,,170516.875651618,0.9471,2126.047727469064,90.72373687709697,105.22052369769601,,180.0410470400359,180.0410470400359,2502.033035083893
2018-04-01,2018,4,263,388,389,256,71,2019.81275,175679.900304261,,180870.30674384095,0.96756,2156.541629895291,92.02498742962632,106.72970166271455,,186.93446064723733,186.93446064723733,2542.230779634869
2018-05-01,2018,5,264,389,390,257,72,1981.204134,177285.97863122402,,182161.26978116305,0.99689,2053.083575456861,87.61017529374729,101.60944470511775,,182.72955870874725,182.72955870874725,2425.0327541644738
2018-06-01,2018,6,265,390,391,258,73,1980.915076,178529.36289697,,183930.14822797303,0.98954,2068.031481194117,88.24803955683457,102.34923358640042,,185.87439439332724,185.87439439332724,2444.503148730679
2018-07-01,2018,7,266,391,392,259,74,2003.441066,177128.613194826,,182978.76511827705,0.99462,2080.8655795452264,88.79570240880965,102.98440773241973,,183.96851573292017,183.96851573292017,2456.6142054193756
2018-08-01,2018,8,267,392,393,260,75,1938.960001,177239.555547255,,183070.460961472,0.98857,2026.2175185092885,86.4637339180693,100.27981294511916,,185.18715008696603,185.18715008696603,2398.1482154594432
2018-09-01,2018,9,268,393,394,261,76,1970.539633,180869.240017524,,186340.37192942,0.9679,2103.1939653369013,89.74851008630506,104.08946497829871,,192.5202726825292,192.5202726825292,2489.552213084034
2018-10-01,2018,10,269,394,395,262,77,1937.007401,189943.832651006,,195676.980017233,0.99346,2014.2136608543847,85.95149949862376,99.68572835683705,,196.9651319803847,196.9651319803847,2396.8160206902303
2018-11-01,2018,11,270,395,396,263,78,1913.109623,191981.174698902,,197441.40390437495,1.00105,1974.2799224037901,84.24742769774117,97.70936215456912,,197.2343078810998,197.2343078810998,2353.4710201372004
2018-12-01,2018,12,271,396,397,264,79,1826.077127,198178.03748649705,,203717.551861409,0.99231,1901.0624835147573,81.12305773428268,94.08574770595126,,205.29628025658212,205.29628025658212,2281.5675692115733
2019-01-01,2019,1,272,397,398,265,80,1916.614924,202285.019817342,,208224.792041289,0.9892,2001.5912808747698,85.41287119539345,99.06103239417986,,210.49817230215228,210.49817230215228,2396.563356766496
2019-02-01,2019,2,273,398,399,266,81,1944.436804,206598.241407006,,212646.2032725,1.00153,2005.6470665996728,85.58594164540354,99.2617578494301,,212.32135160454501,212.32135160454501,2402.816117699051
2019-03-01,2019,3,274,399,400,267,82,1945.712955,208484.59931018905,,215137.42115623705,1.00062,2008.7885954922822,85.71999848569102,99.41723569266992,,215.00411860270336,215.00411860270336,2408.9299482733463
2019-04-01,2019,4,275,400,401,268,83,2021.440781,216916.175530117,,223486.398718137,1.00654,2074.6967528643663,88.53246325316707,102.67910547340924,,222.03429443254814,222.03429443254814,2487.9426160234907
2019-05-01,2019,5,276,401,402,269,84,1937.934175,214059.906724381,,220712.093438591,1.01077,1980.6663382069332,84.51995192164551,98.02543314708534,,218.36035244278224,218.36035244278224,2381.5720757184463
2019-06-01,2019,6,277,402,403,270,85,1957.917911,211815.85344817,,218492.915208684,0.9889,2045.3458085158484,87.2799855605147,101.22649380553787,,220.94540925137426,220.94540925137426,2454.797697133275
2019-07-01,2019,7,278,403,404,271,86,1995.14774,219099.110305736,,226365.215056006,0.98737,2087.4677549349108,89.07743363014173,103.31115691263386,,229.26077869087172,229.26077869087172,2509.117124168558
2019-08-01,2019,8,279,404,405,272,87,1963.300053,222908.749785708,,230224.240833778,0.97886,2072.004713739359,88.41758725763579,102.54587339075738,,235.19629041311117,235.19629041311117,2498.164464800863
2019-09-01,2019,9,280,405,406,273,88,2000.888843,231495.82358410905,,238822.292601217,0.9905,2086.8590900747176,89.05146038885037,103.28103339540587,,241.11286481697826,241.11286481697826,2520.3044486759522
2019-10-01,2019,10,281,406,407,274,89,2021.544813,237736.3906617,,245379.94472048,0.9936100000000002,2101.8032635566055,89.68916538733151,104.02063756311917,,246.95800638125618,246.95800638125618,2542.4710728883124
2019-11-01,2019,11,282,407,408,275,90,2071.876783,246072.007065078,,253999.593931486,0.99306,2155.3265436925653,91.97313668351428,106.66956566250312,,255.77467014227335,255.77467014227335,2609.743916180856
2019-12-01,2019,12,283,408,409,276,91,2039.081635,243678.153105946,,251261.19422683297,0.98355,2141.720596162241,91.39253711006342,105.99619182143304,,255.46356995255246,255.46356995255246,2594.57289504629
2020-01-01,2020,1,284,409,410,277,92,2038.140884,241974.683939911,,249415.63750950104,0.97017,2170.2561841210927,92.61022152051359,107.40845057285176,,257.084467165034,257.084467165034,2627.3593233794923
2020-02-01,2020,2,285,410,411,278,93,1973.17113,241299.57782119705,,249074.241837291,0.97608,2088.353339568427,89.11522372593096,103.35498550486784,,255.17810203804095,255.17810203804095,2536.001650837267
2020-03-01,2020,3,286,411,412,279,94,1749.603364,204553.54394234504,,211430.67502819895,0.95701,1888.6338614387907,80.59269756202673,93.47064104264471,,220.92838635771722,220.92838635771722,2283.625586401179
2020-04-01,2020,4,287,412,413,280,95,1842.724173,203483.673666919,,209178.508884619,0.97097,1960.5556037640474,83.6617769350597,97.03012999246388,,215.43251478894197,215.43251478894197,2356.680025480513
2020-05-01,2020,5,288,413,414,281,96,1892.246855,193349.665056467,,198848.414123277,0.97072,2013.7634642753035,85.93228849246627,99.6634476153439,,204.84631420314508,204.84631420314508,2404.2055145862587
2020-06-01,2020,6,289,414,415,282,97,1922.342561,178620.24622024302,,184183.54770979105,0.95106,2088.081798638596,89.10363640004402,103.341546634953,,193.66133336465737,193.66133336465737,2474.1883150382505
2020-07-01,2020,7,290,415,416,283,98,1938.273856,165483.532925975,,171432.30073254698,0.93462,2142.42047548029,91.42240269881573,106.03082964607773,,183.4246011561351,183.4246011561351,2523.2983089813183
2020-08-01,2020,8,291,416,417,284,99,1959.600061,160865.886195533,,166443.181755324,0.91007,2224.422548052112,94.92163479942286,110.08920562175494,,182.8905268334568,182.8905268334568,2612.3239153067466
2020-09-01,2020,9,292,417,418,285,100,1931.01834,159245.72642872,,164815.06837940498,0.91437,2181.670064661782,93.0972801512024,107.97333652174058,,180.24986425561312,180.24986425561312,2562.990545590338
2020-10-01,2020,10,293,418,419,286,101,1886.917284,154619.750405751,,160058.230942462,0.91277,2135.5814880813714,91.13056612089287,105.69236036978693,,175.35439480094877,175.35439480094877,2507.758809373
2020-11-01,2020,11,294,419,420,287,102,2016.92537,149022.464700248,,154639.480673857,0.91087,2287.4840414581395,97.61262534536698,113.21019076033414,,169.77118652920507,169.77118652920507,2668.0780440930457
2020-12-01,2020,12,295,420,421,288,103,2038.830966,147746.357497432,,154142.89774808098,0.88887,2369.5594820129595,101.11498824002861,117.2721978010594,,173.41444502354787,173.41444502354787,2761.3611130775957
2021-01-01,2021,1,296,421,422,289,104,2072.269469,140861.099592301,,147561.108473991,0.88663,2414.5068910759965,103.03300581811777,119.49669627273641,,166.4291852001297,166.4291852001297,2803.4657783669804
2021-02-01,2021,2,297,422,423,290,105,2147.909552,138719.468613162,,144890.349043706,0.89725,2473.0173602076134,105.529792855148,122.39244603615099,,161.48269606431427,161.48269606431427,2862.4222951632264
2021-03-01,2021,3,298,423,424,291,106,2248.80932,138813.13762348602,,145352.507353317,0.92945,2499.48907845171,106.65940681895165,123.7025615245448,,156.38550471065358,156.38550471065358,2886.23655150586
2021-04-01,2021,4,299,424,425,292,107,2256.54868,132359.161730293,,138862.643822972,0.92125,2530.4155555804746,107.9791164083999,125.23314810431422,,150.73285625288682,150.73285625288682,2914.3606763460757
2021-05-01,2021,5,300,425,426,293,108,2275.239299,129621.527655519,,136136.555970423,0.90282,2603.4578556976935,111.09601276548273,128.848094735624,,150.7903634948528,150.7903634948528,2994.192326693653
2021-06-01,2021,6,301,426,427,294,109,2342.518294,134095.694514692,,140603.79219155898,0.9079,2665.4443389021435,113.74112995618273,131.9158763948415,,154.8670472426027,154.8670472426027,3065.968392495771
2021-07-01,2021,7,302,427,428,295,110,2298.992514,134343.122620601,,140764.794874961,0.9180100000000002,2587.1093632192737,110.39838198759091,128.038989221189,,153.33688617222137,153.33688617222137,2978.8836206002748
2021-08-01,2021,8,303,428,429,296,111,2339.588986,133338.363755092,,139553.505266727,0.91421,2643.7369648780445,112.81482239318201,130.84155372870055,,152.64928765461656,152.64928765461656,3040.042628654544
2021-09-01,2021,9,304,429,430,297,112,2337.848269,136085.29633165,,142201.262269567,0.92233,2618.512364660719,111.73842605297807,129.59315953197589,,154.1761216371223,154.1761216371223,3014.020071882795
2021-10-01,2021,10,305,430,431,298,113,2350.836004,133242.50122361,,138899.59198338698,0.92356,2629.5525909622447,112.20953992925759,130.1395529069593,,150.39585082007338,150.39585082007338,3022.297534618535
2021-11-01,2021,11,306,431,432,299,114,2317.695976,133248.87031097402,,139823.955732648,0.9218400000000002,2597.3206031343702,110.83412095585432,128.54435511565475,,151.67920217461594,151.67920217461594,2988.3782813804955
2021-12-01,2021,12,307,432,433,300,115,2337.133739,141175.81639809097,,150164.268044678,0.9209,2621.7769122283353,111.8777324056627,129.7547257095657,,163.06251280777283,163.06251280777283,3026.4718831513364
2022-01-01,2022,1,308,433,434,301,116,2288.674393,137787.636611831,,143613.795238134,0.91868,2573.619813884959,109.82274941425547,127.37137605942232,,156.32624552415854,156.32624552415854,2967.1401848827954
2022-02-01,2022,2,309,434,435,302,117,2195.127424,135215.960410124,,141049.94989796702,0.92266,2457.7781846343296,104.87949938474678,121.63824187891369,,152.8731601001095,152.8731601001095,2837.1690859980995
2022-03-01,2022,3,310,435,436,303,118,2203.665109,136176.998446416,,143135.508067932,0.92967,2448.7329292710015,104.49351587319804,121.19058188802451,,153.96378076944725,153.96378076944725,2828.3808078016714
2022-04-01,2022,4,311,436,437,304,119,2193.668676,149265.314932036,,156314.90968198903,0.94391,2400.8503445882875,102.45024706148551,118.82081823163088,,165.6036165333443,165.6036165333443,2787.7250264147483
2022-05-01,2022,5,312,437,438,305,120,2165.251457,155137.534323842,,163131.016021174,0.98024,2281.9207720170402,97.37522682113371,112.93485821887671,,166.41946464250998,166.41946464250998,2658.6503216995607
2022-06-01,2022,6,313,438,439,306,121,2032.178597,165509.887181066,,174203.937469475,0.96962,2165.1348515419095,92.39168153979217,107.15498999007679,,179.66207119229696,179.66207119229696,2544.3435942640754
2022-07-01,2022,7,314,439,440,307,122,2074.285037,172952.289891988,,182148.687739856,0.96954,2210.1784796726474,94.31380502447406,109.38425045301221,,187.8712458896549,187.8712458896549,2601.7477810397886
2022-08-01,2022,8,315,440,441,308,123,2074.022339,,,200741.681835484,0.95717,2238.458226804448,95.5205720714164,110.7838473504858,,209.72416794872802,209.72416794872802,2654.486814175078
2022-09-01,2022,9,316,441,442,309,124,1935.303617,,,224728.41056326695,0.97293,2054.906926576815,87.68798221459103,101.69968442892429,,230.98106807608661,230.98106807608661,2475.2756612964167
2022-10-01,2022,10,317,442,443,310,125,2031.219,,,235997.860024822,0.99564,2107.5556782945546,89.93463521115099,104.3053311207628,,237.03131656504559,237.03131656504559,2538.826961191514
2022-11-01,2022,11,318,443,444,311,126,2039.952248,,,242452.4218066,0.96588,2181.832821831297,93.1042254038565,107.98139155944772,,251.01712615086763,251.01712615086763,2633.935564945469
2022-12-01,2022,12,319,444,445,312,127,1968.63504,,,253541.91713183295,0.93205,2181.9793833995177,93.11047954997925,107.98864505839926,,272.02608994349333,272.02608994349333,2655.1045979513897
