"year","tot_haven","tot_europe","tot_middle_east","tot_latin_am","tot_asia","tot_africa","tot_north_am","tot_caribbean","tot_all","tot_rich","tot_rich_eu16","tot_developing","tot_excl_middle_east"
1987,42816013.7355684,36151830.9992407,19146258.9984351,7241842.7230047,5389061.81536099,3219706.57276995,4199674.4913928,21619.7183098592,118186009.054082,40838629.1209613,27155011.7500693,34531366.1975527,15385107.1991176
1988,43383240.6071856,37456054.7351005,19338310.5053192,7935727.39361702,5387991.35695215,3072380.31914894,4320372.34042553,26069.1489361702,120920146.406685,42334254.862934,28005903.1342106,35202650.9365655,15864340.4312463
1989,58089656.0664583,47804593.1292942,21472052.3763337,10336781.7652764,5949350.79250439,3860209.50533463,5439413.51438733,14863.886194633,152966921.035784,53899926.4591297,37927689.7956961,40977338.5101956,19505286.1338619
1990,73910206.9693564,61880300.6933667,25286254.7279043,13686719.4133539,6458142.80090912,4324802.77884987,6533719.79930529,19550.7526051717,192099697.935651,69223734.1226024,49619691.6679517,48965756.8436919,23679502.1157876
1991,69056967.4734644,59619812.0103989,25233924.7510144,12471980.818886,6564669.86412627,4232087.79048322,6111857.61711546,20649.2069347104,183311949.532423,66428476.7062028,48421851.106793,47826505.352756,22592580.6017417
1992,64622991.7996539,58242357.3597679,23578363.3241758,10123552.1978022,6209537.77472527,3792214.97252747,6870327.60989011,28513.0494505495,173467858.087993,65909588.8152401,48480283.183372,42935277.4730993,19356914.1489235
1993,57224774.0274941,50127004.7613703,21804837.4450828,7943161.20310916,5613476.85028726,3618638.05339642,4975608.65157148,20429.874957756,151327930.867269,55666425.5116237,41331882.0847903,38436731.3281514,16631893.8830686
1994,66504615.2998145,51614134.5092923,22614647.3503622,9043083.49218452,6600165.45939764,3904305.75676706,4258063.28631338,40789.1727030118,164579804.326835,56430730.7731124,43321714.3796697,41644458.2539077,19029810.9035456
1995,70541063.9159779,52688585.365666,22872524.9891352,8981275.96697088,7105215.9930465,3570270.31725337,4512877.00999565,74163.4072142547,170345976.96526,57729439.7767916,44284101.2283344,42075473.2724902,19202948.2833551
1996,74525895.3091021,51197377.3184326,22967424.2424242,9220445.63279857,8113942.36482472,3443869.57813428,5013794.56327986,62214.7950089126,174544963.804005,56523062.8502211,42094194.0148081,43496005.6446821,20528581.4022579
1997,77261832.1559293,50345899.9597193,23138206.5553494,10021483.5429121,9278732.90730434,3692616.64261664,4894539.9573971,37988.0437023294,178671299.76493,55760766.3102999,41278627.91959,45648701.2987013,22510494.7433519
1998,79888593.3378806,52017193.5511601,22636672.7206684,10523080.2760625,9873193.60697421,3938412.64075554,5082261.53287323,42226.6618234653,184001634.328198,57923333.7618394,42100999.5809458,46189707.2284781,23553034.5078097
1999,88011472.7309797,55883569.8618023,24167696.2990748,12880737.0592648,12166644.7861965,4244407.97699425,5878532.13303326,39042.8857214304,203272103.733067,62548337.9288191,45028973.7127651,52712293.0732683,28544596.7741936
2000,102945223.510491,54942958.7488023,24436160.0977696,14349611.3657195,12722366.0250535,4036888.48151543,6294637.33577757,47010.693553315,219774856.258682,61842238.3088389,42729578.3638343,54987394.4393523,30551234.3415826
2001,102704050.259143,55031730.2738755,21937150.1818399,11787081.6192691,12857365.4099704,4131776.66487808,5773121.68365826,45486.794252668,214267762.886887,61350381.0805697,42049136.8189588,50213331.5471741,28276181.3653343
2002,105772684.609335,52410479.9772653,21643645.8032881,12756507.7877127,12358932.0713857,4432598.78857802,5640933.80444188,59247.1877704067,215075030.029777,58520288.1718455,39343233.8020733,50782057.2485966,29138411.4453085
2003,106621980.578289,54040101.222498,22193233.8911796,11861089.8213275,14335970.5715903,4653731.91042121,5713756.97307786,64062.5757943245,219483927.544177,60291380.2251766,40991600.1297768,52570566.7407121,30377332.8495325
2004,124004669.078242,57586314.8140292,22993503.0045953,12046091.3750442,13452704.1355802,4756228.34924001,5641778.01343231,50852.7748320961,240532141.544996,63943261.6161866,41628522.3090109,52584210.8505666,29590707.8459714
2005,142533878.47595,37287098.0780916,26379135.6615689,19036560.1460854,14323913.8705014,4831266.07319486,6113900.93585939,53692.4598645667,250559445.701116,44185282.6599711,24943347.0288366,63840284.565195,37461148.9036261
2006,180474938.083001,45179221.5061709,29570135.2126526,18367700.5654347,17576536.9171515,5149409.16168155,8648321.72416619,84453.8228304515,305050716.993089,53853857.2482176,28912691.9609932,70721921.6618703,41151786.4492177
2007,227311116.860996,55528476.2327854,30908474.4557974,22563649.044869,18311595.7352288,5886094.18036428,8750087.96090626,110431.808085295,369369926.279033,64684047.0901822,36075734.3402932,77374762.3278543,46466287.8720569
2008,184313835.540296,48101212.7479552,22884274.7015136,16194302.9049544,18293527.3103319,5151375.38779731,7305153.70875247,124097.959951114,302367780.261552,55593965.4037793,31388921.688446,62459979.3174767,39575704.6159631
2009,126592570.0403,27576312.4696749,16728500.727802,8821934.01261523,12359622.513343,3316640.4657933,4321712.76079573,90146.5308102863,199807439.521135,32189166.424066,17076079.5730228,41025703.0567686,24297202.3289665
2010,111944294.058314,24202255.2149851,13741106.8539804,7482106.21541081,11625083.0140485,2561442.10302256,4751528.30991912,211053.639846743,176518869.409527,28991329.2890592,14450415.0702427,35583246.0621541,21842139.2081737
2011,96037984.6631168,22652569.8799022,16486729.7268573,5340995.85503242,10385316.1866298,2408728.8766075,3736520.35285365,72802.6357742587,157121648.176774,26510899.1391221,14613661.3880327,34572764.374535,18086034.6476778
2012,78551812.4295008,15178507.5278202,14103507.5278202,3911740.12655466,9072371.80885882,1576819.76871045,2299493.78136592,9824.35086188086,124704077.321493,17828999.5636046,9649113.02640192,28323265.3283875,14219757.8005673
2013,72794936.3711898,15585707.2349972,13023095.9057768,3380088.61469434,8993301.17779024,1470923.16320808,2221936.06281548,520132.361189007,117990120.891661,17911758.8334268,10192059.4503646,27283425.6870443,14260329.7812675
2014,63472412.4595822,11241536.7505813,14140196.1379031,2852131.23041148,6906215.75169346,1027527.04478819,1196546.35527247,7161.05550500455,100843726.785737,12446083.3080578,5462604.38782732,24925231.0180973,10785034.8801941
2015,62956968.7243681,9821765.0781776,15979539.6483923,1979182.02060276,6305183.66673823,1222773.50077613,1156497.35167826,5375.76932768874,99427285.7600611,10882029.3793781,4886789.03116621,25588287.6563149,9608748.0079226
2016,63753256.8640608,10119510.6052421,17905938.9629124,1252904.5815187,5110593.62792815,1113937.26001968,1560681.40414764,5701.14686023622,100822524.45269,11450904.5133002,5200404.3140748,25618363.0753287,7712424.11241633
2017,73019641.6650104,15461598.9224064,24644712.6777094,1438937.52545166,5492642.31162822,1084570.75003076,1719743.7830042,7188.59387880652,122869036.22912,16381275.9535876,7652543.75834205,33468118.6105219,8823405.93281247
2018,85494851.4506435,19309746.3726132,22759689.062999,2058454.64839086,6961667.58577056,1488892.30311675,2183087.89525888,9382.2780609137,140265771.596853,20158183.3027949,10451965.3011665,34612736.8434152,11853047.7804162
2019,110772163.313301,24054816.8253932,23360195.4549362,2367171.67827421,8253193.10356829,1873507.1636881,1854769.31592564,17264.3557139169,172553081.2108,24088995.1560516,12022148.3226377,37691922.741448,14331727.2865118
2020,77787934.8229478,15243346.0394564,14599619.3541103,1372186.59136405,5184735.96425896,817222.2976532,1344815.10827281,9597.3093962778,116359457.48746,15658434.4061859,8159098.99096686,22913088.2583262,8313468.90421585
2021,71636047.237195,11985748.5613871,12232670.9181878,842204.945980059,3580396.5422921,557666.750771338,1669859.53761367,3704.21616084146,102508298.709588,12578556.2069727,5919869.50378766,18293695.2654202,6061024.34723239
2022,114868672.155164,34616426.3057174,26049174.0492989,2407453.83530217,7147203.17234783,1382866.58676739,2381002.00576087,8565.83689130435,188861363.94725,32646786.916375,18666418.9188446,41345904.8757109,15296730.8264119
