"year","world_gdp","published_wealth","securities","deposits","d0","baseline","baseline_published_gap","d_m10","wealth_m10","gdp_m10","change_m10","d_m5","wealth_m5","gdp_m5","change_m5","d_p5","wealth_p5","gdp_p5","change_p5","d_p10","wealth_p10","gdp_p10","change_p10","gdp_baseline","gdp_published"
2001,34810,3311.54957326784,2792.17564309703,519.373930170811,0.156837129772541,3311.54957326784,0,0.0568371297725412,2960.43846851568,8.5045632534205,-10.6026226388538,0.106837129772541,3126.16627512287,8.98065577455579,-5.59808313429628,0.206837129772541,3520.30553610799,10.1129144961448,6.30387551873945,0.256837129772541,3757.1517024827,10.7933114119009,13.4560005627559,9.51321336761804,9.51321336761804
2002,35600,3326.74622097924,2743.21890077521,583.52732020403,0.175404819437134,3326.74622097924,0,0.0754048194371338,2966.94051455602,8.33410256897758,-10.8155441540505,0.125404819437134,3136.55844640002,8.81055743370791,-5.71693065674355,0.225404819437134,3541.48717886654,9.94799769344535,6.45498464935801,0.275404819437134,3785.86412711753,10.634449795274,13.8008094288344,9.34479275555965,9.34479275555965
2003,39890,3569.3502972639,2899.60061435278,669.749682911121,0.187639101554286,3569.3502972639,0,0.0876391015542858,3178.128983051,7.96723234658061,-10.960574940285,0.137639101554286,3362.39806278196,8.4291753892754,-5.79803654016758,0.237639101554286,3803.44876063873,9.53484271907427,6.55857351838727,0.287639101554286,4070.40956442073,10.2040851452011,14.0378283280551,8.94798269557257,8.94798269557257
2004,44810,4266.81139445195,3530.20394206371,736.607452388234,0.172636515723669,4266.81139445195,0,0.0726365157236691,3806.71010010547,8.49522450369443,-10.7832583119266,0.122636515723669,4023.65040867355,8.9793581983342,-5.69889229447942,0.222636515723669,4541.25259736129,10.1344623908978,6.43199751613577,0.272636515723669,4853.42475719136,10.8311197437879,13.7482843394994,9.52200712888182,9.52200712888182
2005,48520,4566.73193112266,3780.1072873111,786.624643811559,0.172251109913119,4566.73193112266,0,0.0722511099131187,4074.49400123465,8.39755564970044,-10.7787787264973,0.122251109913119,4306.59307007149,8.87591316997421,-5.69638999999772,0.222251109913119,4860.31845945654,10.0171443929442,6.42881020304826,0.272251109913119,5194.24672273952,10.7053724706091,13.7410034370594,9.41206086381423,9.41206086381423
2006,51690,5052.61003990094,4147.67641453496,904.933625365983,0.179102210188326,5052.61003990094,0,0.0791022101883257,4503.94871224869,8.71338501112148,-10.8589684008743,0.129102210188326,4762.5294989345,9.21363803237474,-5.74120184767173,0.229102210188326,5380.31950454575,10.4088208638919,6.48594413692831,0.279102210188326,5753.48748900796,11.1307554440084,13.8715919806224,9.77483079880236,9.77483079880236
2007,58340,6795.07229625563,5658.835217391,1136.23707886464,0.16721486237766,6795.07229625563,0,0.0672148623776601,6066.60096645119,10.3986989483222,-10.7205824757134,0.11721486237766,6410.20671534218,10.9876700640079,-5.66389236396392,0.21721486237766,7229.10406114678,12.3913336666897,6.38744881537632,0.26721486237766,7722.36625288575,13.236829367305,13.6465649841738,11.6473642376682,11.6473642376682
2008,64000,5644.13159027707,4384.10291163991,1260.02867863716,0.223245801144637,5644.13159027707,0,0.123245801144637,5000.37857516226,7.81309152369103,-11.4057052855354,0.173245801144637,5302.78880676951,8.28560751057735,-6.04774672680523,0.273245801144637,6032.44249368613,9.42569139638458,6.87990521124611,0.323245801144637,6478.13182253619,10.1220809727128,14.7764136770982,8.81895560980792,8.81895560980792
2009,60690,6305.32126495812,5145.12502192379,1160.19624303433,0.184002716797656,6305.32126495812,0,0.0840027167976558,5616.96537345213,9.25517444958334,-10.9170629469989,0.134002716797656,5941.27155098893,9.78953954685934,-5.77369016853108,0.234002716797656,6716.89721980994,11.0675518533695,6.52743829468545,0.284002716797656,7185.95606803407,11.8404285187577,13.9665334416834,10.3893907809493,10.3893907809493
2010,66400,5844.85739865238,4702.04206727479,1142.81533137759,0.19552492959727,5844.85739865238,-9.09494701772928e-13,0.0955249295972703,5198.64197603715,7.8292800843933,-11.0561366777609,0.14552492959727,5502.84289166988,8.28741399347874,-5.85154578897593,0.24552492959727,6232.20335797827,9.38584843069017,6.62712420349565,0.29552492959727,6674.53294633514,10.0520074492999,14.1949664652906,8.8024960823078,8.8024960823078
2011,73900,6563.06604011075,5401.57330010942,1161.49274000133,0.17697410522807,6563.06604011075,0,0.0769741052280699,5852.02791243911,7.91884697217742,-10.8339322402985,0.12697410522807,6187.1856636286,8.37237572886144,-5.72720698199474,0.22697410522807,6987.57096837367,9.45544109387506,6.4680886291334,0.27697410522807,7470.78816840064,10.10932093153,13.8307632856696,8.88100952653688,8.88100952653688
2012,75230,8219.97566654974,6765.25282796559,1454.72283858415,0.17697410522807,8219.97566654974,0,0.0769741052280699,7329.42907266671,9.74269450042099,-10.8339322402985,0.12697410522807,7749.20064625683,10.3006787800835,-5.72720698199474,0.22697410522807,8751.65097795537,11.6331928458798,6.4680886291334,0.27697410522807,9356.86104312987,12.4376725284193,13.8307632856696,10.9264597455134,10.9264597455134
2013,77380,8475.81626739642,6975.81626739642,1500,0.17697410522807,8475.81626739642,0,0.0769741052280699,7557.55207617449,9.76680288986107,-10.8339322402985,0.12697410522807,7990.38872634904,10.3261679068868,-5.72720698199474,0.22697410522807,9024.03957561412,11.661979291308,6.4680886291334,0.27697410522807,9648.08635186829,12.4684496664103,13.8307632856696,10.9534973732184,10.9534973732184
2014,79420,9523.38906449036,7714.05131592729,1809.33774856307,0.189988851270343,9523.38906449036,0,0.0899888512703429,8476.87561487112,10.6734772284955,-10.9888763604266,0.139988851270343,8969.71083144898,11.2940201856572,-5.81387811935418,0.239988851270343,10149.9186279322,12.7800536740521,6.57885086075038,0.289988851270343,10864.690406241,13.680043321885,14.0842858846539,11.9911723300055,11.9911723300055
2015,75120,9523.38906449036,7107.90695732155,1809.33774856307,0.202903229443626,8917.24470588461,-606.144358605743,0.102903229443626,7923.23324596662,10.5474350984646,-11.1470694446911,0.152903229443626,8390.90314634663,11.1699988636137,-5.90251335359949,0.252903229443626,9514.03785620461,12.6651196168858,6.69257343500016,0.302903229443626,10196.4422409367,13.5735386593939,14.3452106255186,11.8706665413799,12.6775679772236
2016,76440,7905.56397938634,6301.49951739565,1604.0644619907,0.202903229443626,7905.56397938634,0,0.102903229443626,7024.32527260966,9.18933185846372,-11.1470694446911,0.152903229443626,7438.93700982571,9.73173339851611,-5.90251335359949,0.252903229443626,8434.6496541577,11.0343402069044,6.69257343500016,0.302903229443626,9039.63378336444,11.8257898788127,14.3452106255186,10.3421820766436,10.3421820766436
2017,81200,9429.18957169105,7515.97655655877,1913.21301513228,0.202903229443626,9429.18957169105,0,0.102903229443626,8378.11126206308,10.317871012393,-11.1470694446911,0.152903229443626,8872.63039808578,10.9268847267066,-5.9025133535995,0.252903229443626,10060.2450081019,12.3894642956919,6.69257343500016,0.302903229443626,10781.8266760296,13.2781116699872,14.3452106255186,11.6123024281909,11.6123024281909
2018,86030,8765.78477137622,6987.17873265623,1778.60603872,0.202903229443626,8765.78477137622,1.81898940354586e-12,0.102903229443626,7788.65665553876,9.05341933690429,-11.1470694446911,0.152903229443626,8248.38315469795,9.58779862222242,-5.9025133535995,0.252903229443626,9352.44135435464,10.8711395494068,6.69257343500018,0.302903229443626,10023.2550598098,11.650883482285,14.3452106255186,10.189218611387,10.189218611387
2019,87330,10740.6654885917,8561.34977458276,2179.31571400897,0.202903229443626,10740.6654885917,1.81898940354586e-12,0.102903229443626,9543.39604775644,10.9279698245236,-11.1470694446911,0.152903229443626,10106.6962738621,11.5729947026934,-5.90251335359951,0.252903229443626,11459.4924138235,13.1220570409063,6.69257343500016,0.302903229443626,12281.4365755126,14.0632504013656,14.3452106255186,12.2989413587447,12.2989413587447
2020,85050,12856.7222933113,10248.0518199386,2608.67047337274,0.202903229443626,12856.7222933113,1.81898940354586e-12,0.102903229443626,11423.5745309648,13.4315985078952,-11.1470694446911,0.152903229443626,12097.8525431134,14.2244004034256,-5.9025133535995,0.252903229443626,13717.1678741252,16.128357288801,6.69257343500016,0.302903229443626,14701.0461858249,17.2851807005583,14.3452106255186,15.1166634841991,15.1166634841991
2021,96590,14033.6061160163,11186.1421143367,2847.46400167952,0.202903229443626,14033.6061160163,1.81898940354586e-12,0.102903229443626,12469.2702966695,12.9094836905161,-11.1470694446911,0.152903229443626,13205.2706410268,13.6714676892296,-5.90251335359949,0.252903229443626,14972.8155109093,15.5014137187176,6.69257343500016,0.302903229443626,16046.7564717145,16.6132689426591,14.3452106255186,14.5290466052555,14.5290466052555
