year,securities_offshore,deposit_share,deposits_offshore,offshore_wealth,world_gdp,offshore_share_world_gdp
2001,2792.176110809948,0.25,930.7253702699827,3722.901481079931,34892.37411151648,10.669670883332527
2002,2743.2137934973616,0.25,914.4045978324539,3657.6183913298155,35688.385811379354,10.248763871420524
2003,2899.5992327942377,0.25,966.5330775980792,3866.132310392317,39976.70371113629,9.67096321479685
2004,3530.203356563974,0.25,1176.7344521879913,4706.937808751965,44906.93751840284,10.481538196237642
2005,3780.1513613611296,0.25,1260.0504537870431,5040.2018151481725,48625.59625376973,10.365326501795703
2006,4147.695405116821,0.25,1382.5651350389405,5530.260540155762,51794.61410687678,10.677288817606055
2007,5658.845976570432,0.25,1886.281992190144,7545.127968760576,58450.43933609059,12.908590687190591
2008,4384.106094388419,0.25,1461.368698129473,5845.474792517892,64114.248652354065,9.117278788079918
2009,5145.131113949115,0.236,1589.333694884805,6734.464808833921,60804.57994993273,11.075588079679466
2010,4702.041534812011,0.222,1341.7136513216792,6043.755186133691,66525.74092440601,9.084837090354666
2011,5401.575799425371,0.208,1418.595664495552,6820.171463920922,74022.48120898,9.213648816588895
2012,6765.254310605582,0.194,1628.3614593765294,8393.61576998211,75354.33088696402,11.138863116670805
2013,6975.834299420647,0.18,1531.2806998728247,8507.114999293472,77508.19486916006,10.975761999946139
2014,7714.057838167377,0.18666666666666668,1770.439503841693,9484.49734200907,79553.10527867603,11.92222140013856
2015,7107.907631176724,0.19333333333333333,1703.5481099514463,8811.455741128171,75252.48273148392,11.709189413150963
2016,6301.499709750617,0.2,1575.3749274376542,7876.874637188271,76576.50785896003,10.28628081564654
2017,7515.976611787875,0.2,1878.9941529469688,9394.970764734844,81329.20884256801,11.551779364927846
2018,6987.179994446229,0.2,1746.7949986115573,8733.974993057785,86164.17551553997,10.136434244046804
2019,8561.349103002562,0.2,2140.3372757506404,10701.686378753202,87468.502733852,12.234902901351989
2020,10248.052314974804,0.2,2562.013078743701,12810.065393718505,85187.73587487204,15.037452588873311
2021,11186.109051297906,0.2,2796.527262824476,13982.636314122383,96727.96819091997,14.455629096357839
