year,series,offshore_share_world_gdp
2001,R replication,10.669670883332527
2001,FGZ (2023),9.513213367618036
2002,R replication,10.248763871420524
2002,FGZ (2023),9.344792755559652
2003,R replication,9.67096321479685
2003,FGZ (2023),8.947982695572572
2004,R replication,10.481538196237642
2004,FGZ (2023),9.522007128881825
2005,R replication,10.365326501795703
2005,FGZ (2023),9.412060863814228
2006,R replication,10.677288817606055
2006,FGZ (2023),9.774830798802364
2007,R replication,12.908590687190591
2007,FGZ (2023),11.647364237668206
2008,R replication,9.117278788079918
2008,FGZ (2023),8.818955609807917
2009,R replication,11.075588079679466
2009,FGZ (2023),10.38939078094928
2010,R replication,9.084837090354666
2010,FGZ (2023),8.802496082307798
2011,R replication,9.213648816588895
2011,FGZ (2023),8.881009526536875
2012,R replication,11.138863116670805
2012,FGZ (2023),10.926459745513407
2013,R replication,10.975761999946139
2013,FGZ (2023),10.953497373218426
2014,R replication,11.92222140013856
2014,FGZ (2023),11.991172330005485
2015,R replication,11.709189413150963
2015,FGZ (2023),12.677567977223584
2016,R replication,10.28628081564654
2016,FGZ (2023),10.342182076643569
2017,R replication,11.551779364927846
2017,FGZ (2023),11.612302428190949
2018,R replication,10.136434244046804
2018,FGZ (2023),10.189218611386982
2019,R replication,12.234902901351989
2019,FGZ (2023),12.298941358744681
2020,R replication,15.037452588873311
2020,FGZ (2023),15.1166634841991
2021,R replication,14.455629096357839
2021,FGZ (2023),14.52904660525547
