year,haven_group,replication_pct,fgz_pct,difference_pp
2001,American tax havens,11.363939499569966,9.810688940778288,1.553250558791678
2001,Asian tax havens,21.713819082048204,19.368153028864405,2.3456660531837983
2001,Other European tax havens,32.77546921080695,32.43276431525658,0.3427048955503764
2001,Switzerland,34.146772207574884,38.38839371510072,-4.241621507525835
2002,American tax havens,12.490379190928689,12.822555572586744,-0.33217638165805496
2002,Asian tax havens,18.499347975641093,16.095220656420743,2.4041273192203505
2002,Other European tax havens,33.94810927819003,32.53284075802811,1.4152685201619235
2002,Switzerland,35.06216355524018,38.5493830129644,-3.4872194577242155
2003,American tax havens,12.614570535962526,11.505808120108656,1.108762415853871
2003,Asian tax havens,15.025065228122045,13.861400623380998,1.1636646047410473
2003,Other European tax havens,32.10879645978405,31.034412346338,1.074384113446051
2003,Switzerland,40.25156777613138,43.59837891017234,-3.346811134040962
2004,American tax havens,13.273407786701563,12.259008016161717,1.0143997705398462
2004,Asian tax havens,15.017632807876405,13.626942142955587,1.3906906649208182
2004,Other European tax havens,33.04435303293453,31.461145653035476,1.5832073798990542
2004,Switzerland,38.664606372487505,42.65290418784721,-3.988297815359708
2005,American tax havens,12.464486795871874,10.903351268125958,1.5611355277459165
2005,Asian tax havens,15.340379164198973,14.660505198823282,0.6798739653756911
2005,Other European tax havens,32.12726295976671,30.214113513935693,1.9131494458310172
2005,Switzerland,40.06787108016244,44.22203001911507,-4.1541589389526266
2006,American tax havens,12.071478347301841,10.650635186040388,1.4208431612614536
2006,Asian tax havens,14.993660929622346,13.78651520735225,1.207145722270095
2006,Other European tax havens,29.136523248194056,27.62401887378621,1.5125043744078468
2006,Switzerland,43.798337474881755,47.93883073282114,-4.140493257939383
2007,American tax havens,13.796945243583439,11.83962394237907,1.9573213012043684
2007,Asian tax havens,16.473481874807383,15.765433369304427,0.7080485055029566
2007,Other European tax havens,31.1385543659365,29.54415899525582,1.5943953706806795
2007,Switzerland,38.59101851567269,42.85078369306068,-4.25976517738799
2008,American tax havens,15.169647201567859,16.09712730525078,-0.927480103682921
2008,Asian tax havens,18.434075605739082,18.710503790676675,-0.27642818493759336
2008,Other European tax havens,29.86568771536652,27.35862308684417,2.5070646285223503
2008,Switzerland,36.53058947732654,37.83374581722839,-1.3031563399018538
2009,American tax havens,16.34789680657626,15.787684735954361,0.5602120706218976
2009,Asian tax havens,21.097314096282833,20.113498247224392,0.9838158490584412
2009,Other European tax havens,27.53183393217164,26.692180756960436,0.839653175211204
2009,Switzerland,35.02295516496926,37.406636259860804,-2.383681094891543
2010,American tax havens,16.88527587196276,16.43694144571478,0.4483344262479818
2010,Asian tax havens,21.071759340008146,20.557825148916624,0.513934191091522
2010,Other European tax havens,23.966466191791298,23.633009214940415,0.3334569768508828
2010,Switzerland,38.076498596237776,39.372224190428184,-1.295725594190408
2011,American tax havens,16.76888128199405,15.92578756327934,0.8430937187147123
2011,Asian tax havens,24.151706953808638,24.44978954913977,-0.298082595331131
2011,Other European tax havens,26.064165456788587,25.31581782952331,0.7483476272652752
2011,Switzerland,33.015246307408724,34.308605058057566,-1.2933587506488422
2012,American tax havens,16.3508135627575,15.702694756271091,0.6481188064864103
2012,Asian tax havens,26.31953233483635,26.696812552994597,-0.37728021815824775
2012,Other European tax havens,29.095399875673273,28.76981348378933,0.3255863918839417
2012,Switzerland,28.23425422673288,28.830679206944982,-0.5964249802121024
2013,American tax havens,16.41877056190346,16.77467514522229,-0.35590458331882857
2013,Asian tax havens,29.154917147701216,28.725154220794547,0.42976292690666895
2013,Other European tax havens,25.938581442504454,25.907242856140726,0.03133858636372722
2013,Switzerland,28.487730847890873,28.59292777784243,-0.10519692995155694
2014,American tax havens,18.108259920291648,18.225754305050025,-0.11749438475837692
2014,Asian tax havens,32.13002677906791,32.41501604170836,-0.2849892626404511
2014,Other European tax havens,25.0842419224251,24.76824742783309,0.3159944945920117
2014,Switzerland,24.677471378215348,24.59098222540853,0.08648915280681635
2015,American tax havens,18.129739140092184,17.471822333951295,0.6579168061408893
2015,Asian tax havens,33.45581002751047,35.05647054915389,-1.6006605216434195
2015,Other European tax havens,23.857412469494584,24.193236628524552,-0.3358241590299684
2015,Switzerland,24.557038362902777,23.27847048837026,1.2785678745325164
2016,American tax havens,16.76676669536505,16.058324527177916,0.7084421681871333
2016,Asian tax havens,33.992270502341285,34.55395413800401,-0.5616836356627246
2016,Other European tax havens,22.21322429685302,22.458066665122047,-0.24484236826902617
2016,Switzerland,27.027738505440645,26.929654669696035,0.09808383574461033
2017,American tax havens,15.802111081103545,14.503237269650224,1.298873811453321
2017,Asian tax havens,35.51801064364631,35.64883061069726,-0.13081996705094667
2017,Other European tax havens,22.66230890443747,23.924781275161852,-1.2624723707243817
2017,Switzerland,26.01756937081267,25.92315084449067,0.09441852632199854
2018,American tax havens,13.995423916474229,13.606095899069237,0.389328017404992
2018,Asian tax havens,37.14944939206615,37.58177988570416,-0.43233049363800546
2018,Other European tax havens,22.732226511128435,22.78402030076819,-0.05179378963975623
2018,Switzerland,26.122900180331186,26.028103914458413,0.09479626587277323
2019,American tax havens,14.084130410311774,13.881686646815492,0.2024437634962819
2019,Asian tax havens,39.40864274089648,39.18361653065715,0.225026210239335
2019,Other European tax havens,22.26270310534253,22.778159242969256,-0.5154561376267246
2019,Switzerland,24.244523743449207,24.15653757955811,0.08798616389109881
2020,American tax havens,15.132591171869295,14.65510723329434,0.47748393857495586
2020,Asian tax havens,40.78009709846779,40.35853555439729,0.4215615440704994
2020,Other European tax havens,22.531128929599724,23.508401555490718,-0.9772726258909934
2020,Switzerland,21.55618280006319,21.477955656817638,0.07822714324555236
2021,American tax havens,15.282643890664163,15.250814484967604,0.03182940569655912
2021,Asian tax havens,40.878420056761314,40.575861748326666,0.3025583084346479
2021,Other European tax havens,22.194434864378575,22.60743501272902,-0.4130001483504451
2021,Switzerland,21.644501188195942,21.565888753976704,0.07861243421923803
