year,haven_group,share_pct
2001,American tax havens,11.363939499569966
2001,Asian tax havens,21.713819082048204
2001,Other European tax havens,32.77546921080695
2001,Switzerland,34.146772207574884
2002,American tax havens,12.490379190928689
2002,Asian tax havens,18.499347975641093
2002,Other European tax havens,33.94810927819003
2002,Switzerland,35.06216355524018
2003,American tax havens,12.614570535962526
2003,Asian tax havens,15.025065228122045
2003,Other European tax havens,32.10879645978405
2003,Switzerland,40.25156777613138
2004,American tax havens,13.273407786701563
2004,Asian tax havens,15.017632807876405
2004,Other European tax havens,33.04435303293453
2004,Switzerland,38.664606372487505
2005,American tax havens,12.464486795871874
2005,Asian tax havens,15.340379164198973
2005,Other European tax havens,32.12726295976671
2005,Switzerland,40.06787108016244
2006,American tax havens,12.071478347301841
2006,Asian tax havens,14.993660929622346
2006,Other European tax havens,29.136523248194056
2006,Switzerland,43.798337474881755
2007,American tax havens,13.796945243583439
2007,Asian tax havens,16.473481874807383
2007,Other European tax havens,31.1385543659365
2007,Switzerland,38.59101851567269
2008,American tax havens,15.169647201567859
2008,Asian tax havens,18.434075605739082
2008,Other European tax havens,29.86568771536652
2008,Switzerland,36.53058947732654
2009,American tax havens,16.34789680657626
2009,Asian tax havens,21.097314096282833
2009,Other European tax havens,27.53183393217164
2009,Switzerland,35.02295516496926
2010,American tax havens,16.88527587196276
2010,Asian tax havens,21.071759340008146
2010,Other European tax havens,23.966466191791298
2010,Switzerland,38.076498596237776
2011,American tax havens,16.76888128199405
2011,Asian tax havens,24.151706953808638
2011,Other European tax havens,26.064165456788587
2011,Switzerland,33.015246307408724
2012,American tax havens,16.3508135627575
2012,Asian tax havens,26.31953233483635
2012,Other European tax havens,29.095399875673273
2012,Switzerland,28.23425422673288
2013,American tax havens,16.41877056190346
2013,Asian tax havens,29.154917147701216
2013,Other European tax havens,25.938581442504454
2013,Switzerland,28.487730847890873
2014,American tax havens,18.108259920291648
2014,Asian tax havens,32.13002677906791
2014,Other European tax havens,25.0842419224251
2014,Switzerland,24.677471378215348
2015,American tax havens,18.129739140092184
2015,Asian tax havens,33.45581002751047
2015,Other European tax havens,23.857412469494584
2015,Switzerland,24.557038362902777
2016,American tax havens,16.76676669536505
2016,Asian tax havens,33.992270502341285
2016,Other European tax havens,22.21322429685302
2016,Switzerland,27.027738505440645
2017,American tax havens,15.802111081103545
2017,Asian tax havens,35.51801064364631
2017,Other European tax havens,22.66230890443747
2017,Switzerland,26.01756937081267
2018,American tax havens,13.995423916474229
2018,Asian tax havens,37.14944939206615
2018,Other European tax havens,22.732226511128435
2018,Switzerland,26.122900180331186
2019,American tax havens,14.084130410311774
2019,Asian tax havens,39.40864274089648
2019,Other European tax havens,22.26270310534253
2019,Switzerland,24.244523743449207
2020,American tax havens,15.132591171869295
2020,Asian tax havens,40.78009709846779
2020,Other European tax havens,22.531128929599724
2020,Switzerland,21.55618280006319
2021,American tax havens,15.282643890664163
2021,Asian tax havens,40.878420056761314
2021,Other European tax havens,22.194434864378575
2021,Switzerland,21.644501188195942
