...1,...2,...3,...4,...5,...6,...7,...8,...9,...10,...11,...12,...13,...14,...15,...16,...17,...18,...19,...20,...21,...22,...23
Share household deposit,,,,,,,,,,,,,,,,,,,,,,
,,,,,,,,,,,,,,,,,,,,,,
year,AN,AT,BE,BH,BM,BS,CH,CL,CW,CY,GB,GG,HK,IM,JE,KY,LU,MO,MY,PA,SG,US
2001,0.7,0.3,0.3,0.7,0.7,0.7,1,0,0.7,1,0.1,1,0.7,1,1,0.3,1,0.7,0.7,1,0.7,0.1
2002,0.7,0.3,0.3,0.7,0.7,0.7,1,0,0.7,1,0.1,1,0.7,1,1,0.3,1,0.7,0.7,1,0.7,0.1
2003,0.7,0.3,0.3,0.7,0.7,0.7,1,0,0.7,1,0.1,1,0.7,1,1,0.3,1,0.7,0.7,1,0.7,0.1
2004,0.7,0.3,0.3,0.7,0.7,0.7,1,0,0.7,1,0.1,1,0.7,1,1,0.3,1,0.7,0.7,1,0.7,0.1
2005,0.7,0.3,0.3,0.7,0.7,0.7,1,0,0.7,1,0.1,1,0.7,1,1,0.3,1,0.7,0.7,1,0.7,0.1
2006,0.7,0.3,0.3,0.7,0.7,0.7,1,0,0.7,1,0.1,1,0.7,1,1,0.3,1,0.7,0.7,1,0.7,0.1
2007,0.7,0.3,0.3,0.7,0.7,0.7,1,0,0.7,1,0.1,1,0.7,1,1,0.3,1,0.7,0.7,1,0.7,0.1
2008,0.7,0.2,0.2,0.7,0.7,0.7,1,0,0.7,1,0.1,1,0.7,1,1,0.3,1,0.7,0.7,1,0.7,0.1
2009,0.7,0.15,0.15,0.7,0.7,0.7,1,0,0.7,1,0.1,0.95,0.7,0.95,0.95,0.3,1,0.7,0.7,1,0.7,0.1
2010,0.7,0.1,0.1,0.7,0.7,0.7,1,0,0.7,1,0.1,0.9,0.7,0.89999999999999991,0.89999999999999991,0.3,1,0.7,0.7,1,0.7,0.1
2011,0.7,0.05,0.05,0.7,0.7,0.7,1,0,0.7,1,0.1,0.85,0.7,0.84999999999999987,0.84999999999999987,0.3,1,0.7,0.7,1,0.7,0.1
2012,0.7,0.05,0.05,0.7,0.7,0.7,1,0,0.7,1,0.1,0.8,0.7,0.79999999999999982,0.79999999999999982,0.3,1,0.7,0.7,1,0.7,0.1
2013,0.7,0.05,0.05,0.7,0.7,0.7,1,0,0.7,1,0.1,0.75,0.7,0.74999999999999978,0.74999999999999978,0.3,1,0.7,0.7,1,0.7,0.1
2014,0.7,0.05,0.05,0.7,0.7,0.7,1,0,0.7,1,0.1,0.7,0.7,0.69999999999999973,0.69999999999999973,0.3,1,0.7,0.7,1,0.7,0.1
2015,0.7,0.05,0.05,0.7,0.7,0.7,1,0,0.7,1,0.1,0.65,0.7,0.64999999999999969,0.64999999999999969,0.3,1,0.7,0.7,1,0.7,0.1
2016,0.7,0.05,0.05,0.7,0.7,0.7,1,0,0.7,1,0.1,0.65,0.7,0.65,0.65,0.3,0.9,0.5,0.5,1,0.7,0.1
2017,0.7,0.05,0.05,0.7,0.7,0.7,1,0,0.7,1,0.1,0.65,0.7,0.65,0.65,0.3,0.8,0.5,0.5,1,0.7,0.1
2018,0.7,0.05,0.05,0.7,0.7,0.7,1,0,0.7,1,0.1,0.65,0.7,0.65,0.65,0.3,0.7,0.5,0.5,1,0.7,0.1
2019,0.7,0.05,0.05,0.7,0.7,0.7,1,0,0.7,1,0.1,0.65,0.7,0.65,0.65,0.3,0.6,0.5,0.5,1,0.7,0.1
2020,0.7,0.05,0.05,0.7,0.7,0.7,1,0,0.7,1,0.1,0.65,0.7,0.65,0.65,0.3,0.5,0.5,0.5,1,0.7,0.1
2021,0.7,0.05,0.05,0.7,0.7,0.7,1,0,0.7,1,0.1,0.65,0.7,0.65,0.65,0.3,0.4,0.5,0.5,1,0.7,0.1
2022,0.7,0.05,0.05,0.7,0.7,0.7,1,0,0.7,1,0.1,0.65,0.7,0.65,0.65,0.3,0.4,0.5,0.5,1,0.7,0.1
