...1,...2,...3,...4,...5,...6,...7,...8,...9,...10,...11,...12,...13,...14,...15,...16,...17,...18,...19,...20,...21,...22,...23,...24,...25,...26,...27,...28,...29,...30,...31,...32,...33,...34,...35,...36,...37,...38,...39,...40,...41,...42,...43,...44,...45,...46,...47,...48,...49,...50,...51,...52,...53,...54,...55,...56,...57,...58,...59,...60,...61,...62,...63,...64,...65
,,,,,,,,,,,,,,,,,,,,,,,,,,,,,,,,,,,,,,,,,,,,Share household deposit,,,,,,,,,,,,,,,,,,,,
Table A2: Where is the world's offshore wealth located?,,,,,,,,,,,,,,,BIS liabilities to non-banks,,,,,,,,,,,,,,,,,,,,,,,,,,,,,,,,,,,,,,,,,,,,,,,,,
,Share of offshore wealth,,,,,,,billion of current US$,,,,,,,Non-CH havens,American havens,Asian havens,European havens,,AN,AT,BE,BH,BM,BS,CH,CL,CW,CY,GB,GG,HK,IM,JE,KY,LU,MO,MY,PA,SG,US,,AN,AT,BE,BH,BM,BS,CH,CL,CW,CY,GB,GG,HK,IM,JE,KY,LU,MO,MY,PA,SG,US
,Total offshore wealth,Switzerland,Tax havens other than Switzerland,Of which: American tax havens,Of which: Asian tax havens,Of which: European tax havens,,Total offshore wealth,Switzerland,Tax havens other than Switzerland,Of which: American tax havens,Of which: Asian tax havens,Of which: European tax havens,,,,,,,,,,,,,,,,,,,,,,,,,,,,,,,,,,,,,,,,,,,,,,,,,,,
2001,1,0.38388393715100722,0.61611606284899278,9.810688940778288E-2,0.19368153028864407,0.32432764315256585,2001,3311.5495732678387,1271.2506882567957,2040.298885011043,324.88582775297846,641.38598897722125,1074.0270682808432,,685.88496062141849,109.2165,215.61399999999998,361.05446062141851,,5.3689999999999998,2.8487999999999998,33.412500000000001,16.968,0,62.73749999999999,290.16899999999998,0,0,12.624760621418478,46.409399999999998,46.277999999999999,51.351299999999995,22.052,70.475999999999999,90.879899999999992,126.953,0,0,0,79.188199999999995,18.336600000000001,,0.7,0.3,0.3,0.7,0.7,0.7,1,0,0.7,1,0.1,1,0.7,1,1,0.3,1,0.7,0.7,1,0.7,0.1
2002,1,0.385493830129644,0.614506169870356,0.12822555572586744,0.16095220656420742,0.32532840758028109,2002,3326.7462209792361,1282.4401425946048,2044.3060783846313,426.57388294399198,535.44714494574646,1082.2850504948929,,741.40536978774958,154.70490000000001,194.18979999999999,392.51066978774952,,6.0983999999999998,4.0721999999999996,43.392000000000003,14.0749,1.2431999999999999,48.066199999999995,305.08100000000002,0,0,13.724669787749491,55.7498,35.533999999999999,42.6601,25.227,81.424000000000007,133.66290000000001,133.387,0,0,1.2999999999999999E-2,82.046999999999997,21.029,,0.7,0.3,0.3,0.7,0.7,0.7,1,0,0.7,1,0.1,1,0.7,1,1,0.3,1,0.7,0.7,1,0.7,0.1
2003,1,0.43598378910172342,0.56401621089827658,0.11505808120108656,0.13861400623380998,0.31034412346338003,2003,3569.3502972638985,1556.1788672324774,2013.1714300314211,410.68259633771208,494.76194435558955,1107.7268893381195,,911.65432045221587,185.97550000000001,224.05040000000002,501.62842045221583,,6.8445999999999998,5.3745000000000003,53.5794,14.776999999999997,1.4468999999999999,60.142600000000002,323.75200000000001,0,0,17.540120452215795,75.639400000000009,43.686999999999998,50.875299999999996,28.919,114.642,138.04829999999998,162.24700000000001,1.4370999999999998,0,5.0019999999999998,88.526899999999998,42.925200000000004,,0.7,0.3,0.3,0.7,0.7,0.7,1,0,0.7,1,0.1,1,0.7,1,1,0.3,1,0.7,0.7,1,0.7,0.1
2004,1,0.42652904187847213,0.57347095812152782,0.12259008016161718,0.13626942142955586,0.31461145653035477,2004,4266.8113944519455,1819.918975951736,2446.8924185002097,523.06875088036554,581.43592007100312,1342.3877475488407,,1004.1381497227669,214.65320000000003,238.60549999999995,550.87944972276694,,7.8840999999999992,6.0780000000000003,65.043599999999998,18.223800000000001,1.8409999999999997,62.199899999999992,354.13600000000002,0,0,19.262249722766889,96.760600000000011,48.533000000000001,59.588200000000001,33.334000000000003,103.779,145.9701,178.089,1.6442999999999999,0,5.9009999999999998,87.224199999999996,62.782100000000007,,0.7,0.3,0.3,0.7,0.7,0.7,1,0,0.7,1,0.1,1,0.7,1,1,0.3,1,0.7,0.7,1,0.7,0.1
2005,1,0.44222030019115066,0.55777969980884934,0.10903351268125958,0.14660505198823282,0.30214113513935692,2005,4566.7319311226629,2019.5015654735771,2547.2303656490858,497.92682392397592,669.5059721785608,1379.7975695465489,,1068.8577876178269,208.93790000000001,280.93519999999995,578.98468761782692,,7.9988999999999999,12.0786,69.806099999999986,23.672599999999999,2.0244,78.902599999999993,355.416,0,0,20.244987617826986,102.78400000000001,50.341999999999999,67.250399999999999,40.408999999999999,129.167,143.0043,154.15299999999999,3.9612999999999996,0,6.3689999999999998,97.125,59.564600000000006,,0.7,0.3,0.3,0.7,0.7,0.7,1,0,0.7,1,0.1,1,0.7,1,1,0.3,1,0.7,0.7,1,0.7,0.1
2006,1,0.47938830732821142,0.52061169267178853,0.10650635186040387,0.13786515207352251,0.2762401887378621,2006,5052.610039900942,2422.1621746176393,2630.4478652833027,538.13506272309894,696.57885151915002,1395.7339510410532,,1329.2990090636083,271.947,352.01669999999996,705.33530906360829,,7.0783999999999994,15.7653,72.528000000000006,36.410499999999999,1.8381999999999998,99.677199999999999,443.017,0,0,24.66300906360836,125.996,57.573,82.332599999999985,47.213000000000001,161.06100000000001,174.11250000000001,200.536,5.0280999999999993,0,7.7709999999999999,119.65169999999999,90.063500000000005,,0.7,0.3,0.3,0.7,0.7,0.7,1,0,0.7,1,0.1,1,0.7,1,1,0.3,1,0.7,0.7,1,0.7,0.1
2007,1,0.42850783693060679,0.57149216306939321,0.1183962394237907,0.15765433369304427,0.2954415899525582,2007,6795.072296255632,2911.7417314555923,3883.3305648000396,804.51100648944907,1071.2725952622459,2007.5469630483444,,1684.8249591633873,349.04579999999999,464.78319999999991,870.9959591633874,,8.5861999999999981,19.477799999999998,97.330199999999991,45.591000000000001,1.4553,119.60409999999999,547.65099999999995,0,0,30.455559163387431,168.62440000000004,69.150000000000006,113.14379999999998,57.917000000000002,220.41499999999999,231.16919999999999,207.626,6.6044999999999998,8.1837,10.121,161.61459999999997,107.7556,,0.7,0.3,0.3,0.7,0.7,0.7,1,0,0.7,1,0.1,1,0.7,1,1,0.3,1,0.7,0.7,1,0.7,0.1
2008,1,0.37833745817228387,0.62166254182771619,0.1609712730525078,0.18710503790676675,0.27358623086844169,2008,5644.1315902770675,2135.3863994553162,3508.7451908217513,908.54304736277493,1056.0454551495704,1544.1566883094067,,1515.8292999999999,392.50390000000004,456.22710000000001,667.09829999999999,,8.0870999999999995,12.914200000000001,70.98660000000001,43.089899999999993,1.1395999999999999,125.86559999999999,509.69099999999997,0,0,23.326000000000001,141.2105,62.997999999999998,114.1567,49.24,135.47900000000001,280.0446,170.94399999999999,6.7976999999999999,6.7690000000000001,12.057,150.32149999999999,100.4023,,0.7,0.2,0.2,0.7,0.7,0.7,1,0,0.7,1,0.1,1,0.7,1,1,0.3,1,0.7,0.7,1,0.7,0.1
2009,1,0.37406636259860804,0.62593363740139196,0.1578768473595436,0.20113498247224393,0.26692180756960437,2009,6305.3212649581174,2358.6085905985369,3946.7126743595804,995.46424290067705,1268.2206821092179,1683.0277493496851,,1397.0092500000001,352.3623,448.90929999999997,595.73765000000003,,8.1851000000000003,9.9874499999999991,47.865900000000003,40.706399999999995,1.2487999999999999,100.9134,482.995,0,0,24.716999999999999,141.7921,52.540699999999994,122.15209999999999,44.079049999999995,101.28045,250.5324,173.47499999999999,7.325499999999999,8.4700000000000006,15.784000000000001,159.90799999999999,86.045900000000003,,0.7,0.15,0.15,0.7,0.7,0.7,1,0,0.7,1,0.1,0.95,0.7,0.95,0.95,0.3,1,0.7,0.7,1,0.7,0.1
2010,1,0.39372224190428184,0.60627775809571816,0.16436941445714778,0.20557825148916622,0.23633009214940415,2010,5844.857398652377,2301.2503586082425,3543.6070400441345,960.71578820201921,1201.5755642184722,1381.3156876236428,,1388.1313,376.33960000000002,470.69119999999992,541.10050000000001,,0,6.2575000000000003,28.930499999999999,44.942099999999996,1.3397999999999999,107.42829999999999,457.89400000000001,0,6.1047000000000002,32.609000000000002,159.15620000000001,56.081700000000005,132.78719999999998,37.322099999999999,77.386499999999984,271.04220000000004,143.357,6.9432999999999989,9.1069999999999993,16.715,162.03879999999998,88.582400000000007,,0.7,0.1,0.1,0.7,0.7,0.7,1,0,0.7,1,0.1,0.9,0.7,0.89999999999999991,0.89999999999999991,0.3,1,0.7,0.7,1,0.7,0.1
2011,1,0.34308605058057567,0.65691394941942427,0.15925787563279339,0.24449789549139769,0.25315817829523313,2011,6563.0660401107516,2251.6964074010957,4311.3696327096559,1045.219955185768,1604.6558347781399,1661.4938427457473,,1293.2855500000001,313.53559999999999,481.35009999999994,498.39985000000001,,0,3.5673000000000004,15.804050000000002,37.352699999999999,1.8403,94.63369999999999,462.85,0,4.2615999999999996,33.197000000000003,160.19780000000003,48.808699999999995,154.5299,31.674399999999995,67.622599999999991,195.25769999999997,137.52799999999999,8.0835999999999988,10.1143,18.486000000000001,170.53399999999999,99.791900000000012,,0.7,0.05,0.05,0.7,0.7,0.7,1,0,0.7,1,0.1,0.85,0.7,0.84999999999999987,0.84999999999999987,0.3,1,0.7,0.7,1,0.7,0.1
2012,1,0.28830679206944981,0.71169320793055024,0.15702694756271091,0.26696812552994598,0.2876981348378933,2012,8219.9756665497353,2369.8748153118918,5850.100851237843,1290.7576879580649,2194.471495600551,2364.8716676792278,,1298.3847021500001,286.47370000000001,487.04599999999999,524.86500215000001,,0,3.3664131500000005,14.77225,38.7485,1.4706999999999999,86.498999999999995,478.28699999999998,0,4.7795999999999994,35.570336000000005,167.63200000000001,43.237600000000008,187.13729999999998,30.746399999999994,69.583199999999977,164.54040000000001,159.95680300000001,11.164299999999999,13.510699999999998,20.565000000000001,143.73589999999999,101.3683,,0.7,0.05,0.05,0.7,0.7,0.7,1,0,0.7,1,0.1,0.8,0.7,0.79999999999999982,0.79999999999999982,0.3,1,0.7,0.7,1,0.7,0.1
2013,1,0.28592927777842431,0.71407072222157564,0.1677467514522229,0.28725154220794547,0.25907242856140728,2013,8475.816267396418,2423.4840239192777,6052.3322434771399,1421.7906447616544,2434.6912942808131,2195.8503044346721,,1345.7865184499999,316.14700000000005,541.37390159999984,488.26561685000001,,0,3.5344301499999999,12.139986700000001,41.776699999999998,1.68,85.717799999999983,517.49461099999996,0,4.2903000000000002,19.669614000000003,165.19320000000002,38.996250000000003,217.61809999999997,24.849752999999993,61.527749999999976,174.7353,162.35463300000001,14.971101600000001,14.317099999999998,20.853000000000002,161.00279999999998,120.55870000000002,,0.7,0.05,0.05,0.7,0.7,0.7,1,0,0.7,1,0.1,0.75,0.7,0.74999999999999978,0.74999999999999978,0.3,1,0.7,0.7,1,0.7,0.1
2014,1,0.24590982225408531,0.75409017774591469,0.18225754305050024,0.32415016041708361,0.2476824742783309,2014,9523.3890644903568,2341.8949121053233,7181.4941523850339,1735.7094924080143,3087.0080929688488,2358.7765670081703,,1309.6533400499998,316.53269999999998,562.96229919999996,430.15834084999995,,0,3.1057202500000005,12.747183400000001,40.550299999999993,1.6028537,57.8872,484.68842799999999,0,6.0339999999999998,17.097268,158.34800000000001,25.698301299999997,253.45659219999999,21.615857899999991,44.967999999999982,159.37529999999998,146.57801000000001,18.7194413,16.745511999999998,24.747,167.96639999999999,132.41039999999998,,0.7,0.05,0.05,0.7,0.7,0.7,1,0,0.7,1,0.1,0.7,0.7,0.69999999999999973,0.69999999999999973,0.3,1,0.7,0.7,1,0.7,0.1
2015,1,0.23278470488370259,0.76721529511629738,0.17471822333951295,0.3505647054915389,0.24193236628524548,2015,9523.3890644903568,2216.8993128700681,7306.4897516202891,1663.9096175187015,3338.5640826744038,2304.0160514271824,,1220.2527028,277.8886,557.57169089999991,384.79241189999999,,0,2.5159078500000001,10.10215455,41.059199999999997,1.7873134999999998,42.813496600000001,459.147783,0,6.1032999999999991,14.616391999999999,143.13570000000001,21.889944700000004,266.70329629999998,19.76627379999999,38.889499999999977,128.14679999999998,133.87653899999998,22.7311105,14.817264,25.67,161.55670999999998,124.0718,,0.7,0.05,0.05,0.7,0.7,0.7,1,0,0.7,1,0.1,0.65,0.7,0.64999999999999969,0.64999999999999969,0.3,1,0.7,0.7,1,0.7,0.1
2016,1,0.26929654669696035,0.73070345330303965,0.16058324527177917,0.34553954138004012,0.22458066665122045,2016,7905.5639793863438,2128.9410793406223,5776.6229000457215,1269.5011195135398,2731.6849517877222,1775.4368287444604,,1182.8866054499999,259.95740000000001,559.37069039999994,363.55851505000004,,0,3.5439351000000006,8.3067270999999998,38.71,1.5422511999999999,31.416636299999997,439.54459399999996,0,4.4204999999999997,13.60511,144.89349999999999,21.731118500000001,302.96413489999998,17.608102849999998,36.169249999999998,97.006500000000003,117.7007715,14.784167999999999,11.07898,24.347000000000001,154.45401999999999,138.60389999999998,,0.7,0.05,0.05,0.7,0.7,0.7,1,0,0.7,1,0.1,0.65,0.7,0.65,0.65,0.3,0.9,0.5,0.5,1,0.7,0.1
2017,1,0.25923150844490672,0.74076849155509328,0.14503237269650224,0.35648830610697263,0.23924781275161852,2017,9429.1895716910512,2444.343036082455,6984.8465356085962,1367.5377361874689,3361.3958183736736,2255.9129810474547,,1230.8760927499998,240.98876000000001,592.3482684999999,397.53906424999997,,0,3.6098005,5.1572728999999997,38.005799999999994,1.1317634999999999,24.749459699999999,453.83132799999998,0,0,14.396093,179.20280000000002,20.673304599999998,320.74449679999998,16.529768449999999,38.860900000000001,80.430599999999998,119.10912479999999,15.44356,14.1261285,21.144959999999998,178.14705999999998,139.41320000000002,,0.7,0.05,0.05,0.7,0.7,0.7,1,0,0.7,1,0.1,0.65,0.7,0.65,0.65,0.3,0.8,0.5,0.5,1,0.7,0.1
2018,1,0.26028103914458411,0.73971896085541589,0.13606095899069237,0.37581779885704159,0.2278402030076819,2018,8765.7847713762203,2281.5675692115733,6484.2172021646475,1192.6810822994555,3294.3379380331867,1997.1981818320046,,1214.779597,223.44172,617.17465469999991,374.16322230000003,,0,3.9148083500000004,4.1422120000000007,38.64,0.80836280000000005,23.743168399999998,453.336162,0,0,11.791933,183.48510000000002,15.433921099999999,352.62727849999993,15.570588150000001,35.197499999999998,55.478999999999999,104.62715970000001,14.640029500000001,14.2569555,20.21322,172.45885999999999,147.74950000000001,,0.7,0.05,0.05,0.7,0.7,0.7,1,0,0.7,1,0.1,0.65,0.7,0.65,0.65,0.3,0.7,0.5,0.5,1,0.7,0.1
2019,1,0.24156537579558107,0.75843462420441887,0.13881686646815491,0.39183616530657145,0.22778159242969256,2019,10740.665488591729,2594.5728950462894,8146.0925935454397,1490.9855269089578,4208.5811778904153,2446.5258887460659,,1195.9526734999999,218.896128,617.87462560000006,359.18191990000003,,0,4.5843649500000003,3.4038886000000002,37.908499999999997,0.94844399999999995,27.281702699999997,461.05079499999999,0,0,10.651332,177.00200000000001,14.330239950000001,331.90977190000001,15.278263000000001,37.74615,45.93,96.185681400000007,14.975318,13.996658999999999,20.941928000000001,190.85423,152.02420000000001,,0.7,0.05,0.05,0.7,0.7,0.7,1,0,0.7,1,0.1,0.65,0.7,0.65,0.65,0.3,0.6,0.5,0.5,1,0.7,0.1
2020,1,0.21477955656817638,0.78522044343182362,0.1465510723329434,0.40358535554397301,0.23508401555490718,2020,12856.722293311333,2761.3611130775957,10095.361180233738,1884.1664387716353,5188.7848378761782,3022.4099035859235,,1289.2841117,240.62792899999999,662.66255669999998,385.99362600000001,,0,5.1919287499999998,3.5636415500000003,32.902799999999999,0.86301810000000001,23.289930999999999,528.96183999999994,0,0,10.377941999999999,199.38240000000002,15.427391200000001,361.07756509999996,15.278263000000001,38.585950000000004,46.894199999999998,98.186109500000001,20.094643499999997,14.212419000000001,21.618728999999998,210.22217999999998,172.11500000000001,,0.7,0.05,0.05,0.7,0.7,0.7,1,0,0.7,1,0.1,0.65,0.7,0.65,0.65,0.3,0.5,0.5,0.5,1,0.7,0.1
2021,1,0.21565888753976703,0.78434111246023297,0.15250814484967604,0.40575861748326669,0.22607435012729019,2021,14033.606116016257,3026.4718831513369,11007.134232864921,2140.2392343047068,5694.2566159394728,3172.6383826207402,,1334.0236633,259.38902200000001,690.12268859999995,384.51195269999999,,0,4.5852696000000002,3.4418326500000003,35.1995,0.80887100000000001,24.052908599999999,555.02970600000003,0,0,10.403354,204.92840000000001,15.390573250000001,374.31039449999997,18.017329199999999,40.4495,38.966099999999997,87.295693999999997,21.997161999999999,14.432092500000001,23.022921999999998,219.32175999999998,197.4,,0.7,0.05,0.05,0.7,0.7,0.7,1,0,0.7,1,0.1,0.65,0.7,0.65,0.65,0.3,0.4,0.5,0.5,1,0.7,0.1
2022,1,0.21433308551604621,0.78566691448395376,0.15423035770608359,0.41178046473453334,0.2196560920433368,2022,12387.728164353906,2655.1,9732.628164353906,1910.5637459540292,5101.024460522719,2721.0399578771571,,1326.1074719000001,260.321551,695.03391450000004,370.75200640000003,,0,5.2910469500000001,3.4298594499999999,36.826999999999998,1.1743437999999999,14.763033599999998,506.781768,0,0,8.829091,195.96600000000001,13.985858899999998,386.96068109999999,19.2814713,38.333100000000002,32.565300000000001,85.635578800000005,20.029530999999999,15.957565000000001,25.524651000000002,219.32175999999998,202.23160000000001,,0.7,0.05,0.05,0.7,0.7,0.7,1,0,0.7,1,0.1,0.65,0.7,0.65,0.65,0.3,0.4,0.5,0.5,1,0.7,0.1
AJZ 2006-07,1,0.47423738828888667,0.52576261171111338,0.11256430021017515,0.14571988880824208,0.26747842575735042,2006-07,5623.6644745774756,2666.951953036616,2956.7125215408596,633.02385619763584,819.47976193029081,1504.2089206475205,,,,,,,,,,,,,,,,,,,,,,,,,,,,,,,,,,,,,,,,,,,,,,,,,,,
,,,,,,,,,,,,,,,,,,,,,,,,,,,,,,,,,,,,,,,,,,,,,,,,,,,,,,,,,,,,,,,,
,,,,,,,,,,,,,,,,,,,,,,,,,,,,,,,,,,,,,,,,,,,,,,,,,,,,,,,,,,,,,,,,
"Source: build_bis.do outsheets the ""bisdepbyhaven"" Excel sheet from which the share of each tax haven in non-Swiss offshore wealth is constructed",,,,,,,,,,,,,,,,,,,,,,,,,,,,,,,,,,,,,,,,,,,,,,,,,,,,,,,,,,,,,,,,
,,,,,,,,,,,,,,,,,,,,,,,,,,,,,,,,,,,,,,,,,,,,,,,,,,,,,,,,,,,,,,,,
"American havens: Cayman Islands, Panama, part of US (see weights in this sheet col. AP sq., same as in build_offshore21)",,,,,,,,,,,,,,,,,,,,,,,,,,,,,,,,,,,,,,,,,,,,,,,,,,,,,,,,,,,,,,,,
"Asian havens: Hong Kong, Singapore, Macao, Malaysia, Bahrain, as well as Bahamas, Bermuda, Nethd Antilles. See weights.",,,,,,,,,,,,,,,,,,,,,,,,,,,,,,,,,,,,,,,,,,,,,,,,,,,,,,,,,,,,,,,,
"European havens: Cyprus, Guernesey, Jersey, Isle of Man, Luxembourg, part of Austria, Belgium & UK (see weights)",,,,,,,,,,,,,,,,,,,,,,,,,,,,,,,,,,,,,,,,,,,,,,,,,,,,,,,,,,,,,,,,
