year,scenario,share,reserves_China,china_equity,china_debt,china_portfolio,baseline_equity,baseline_debt,baseline_portfolio,delta_equity_assets,delta_debt_assets,delta_portfolio_assets,delta_global_gap_L_minus_A
2001,Baseline,0.85,180340.25,5293.2950623160405,208267.98729057307,213561.2823528891,5293.2950623160405,208267.98729057307,213561.2823528891,0,0,0,-0
2001,Higher portfolio share,0.95,201556.75,5819.163765913985,228958.61858697512,234777.7823528891,5293.2950623160405,208267.98729057307,213561.2823528891,525.8687035979447,20690.631296402047,21216.5,-21216.5
2001,Lower portfolio share,0.75,159123.75,4767.426358718097,187577.355994171,192344.7823528891,5293.2950623160405,208267.98729057307,213561.2823528891,-525.8687035979437,-20690.631296402076,-21216.5,21216.5
2002,Baseline,0.85,243445.94999999984,3484.8812304059043,286914.1005259958,290398.98175640166,3484.8812304059043,286914.1005259958,290398.98175640166,0,0,0,-0
2002,Higher portfolio share,0.95,272086.64999999985,3828.578846878302,315211.10290952347,319039.6817564018,3484.8812304059043,286914.1005259958,290398.98175640166,343.69761647239784,28297.002383527695,28640.700000000128,-28640.700000000128
2002,Lower portfolio share,0.75,214805.24999999988,3141.183613933508,258617.09814246825,261758.28175640176,3484.8812304059043,286914.1005259958,290398.98175640166,-343.6976164723965,-28297.00238352752,-28640.699999999895,28640.699999999895
2003,Baseline,0.85,342763.35,3304.5381570188297,401569.0068461931,404873.54500321194,3304.5381570188297,401569.0068461931,404873.54500321194,0,0,0,-0
2003,Higher portfolio share,0.95,383088.44999999995,3633.667667405938,441564.977335806,445198.6450032119,3304.5381570188297,401569.0068461931,404873.54500321194,329.12951038710844,39995.9704896129,40325.09999999998,-40325.09999999998
2003,Lower portfolio share,0.75,302438.25,2975.4086466317217,361573.03635658027,364548.44500321196,3304.5381570188297,401569.0068461931,404873.54500321194,-329.129510387108,-39995.97048961284,-40325.09999999998,40325.09999999998
2004,Baseline,0.85,518442.2,3810.829106842524,607443.1253114674,611253.95441831,3810.829106842524,607443.1253114674,611253.95441831,0,0,0,-0
2004,Higher portfolio share,0.95,579435.4,4191.087852326896,668056.0665659831,672247.15441831,3810.829106842524,607443.1253114674,611253.95441831,380.2587454843715,60612.94125451567,60993.20000000007,-60993.20000000007
2004,Lower portfolio share,0.75,457449,3430.570361358153,546830.1840569519,550260.75441831,3810.829106842524,607443.1253114674,611253.95441831,-380.25874548437105,-60612.94125451555,-60993.19999999995,60993.19999999995
2005,Baseline,0.85,696041.2,4380.068528958298,809327.5645253438,813707.6330543021,4380.068528958298,809327.5645253438,813707.6330543021,0,0,0,-0
2005,Higher portfolio share,0.95,777928.3999999999,4820.855284636401,890773.9777696657,895594.833054302,4380.068528958298,809327.5645253438,813707.6330543021,440.78675567810296,81446.41324432183,81887.19999999995,-81887.19999999995
2005,Lower portfolio share,0.75,614154,3939.281773280196,727881.1512810219,731820.4330543021,4380.068528958298,809327.5645253438,813707.6330543021,-440.78675567810205,-81446.41324432194,-81887.19999999995,81887.19999999995
2006,Baseline,0.85,906392.4,20422.585116658203,1153698.8424958219,1174121.42761248,20422.585116658203,1153698.8424958219,1174121.42761248,0,0,0,-0
2006,Higher portfolio share,0.95,1013026.7999999999,22277.376332582204,1258478.4512798977,1280755.82761248,20422.585116658203,1153698.8424958219,1174121.42761248,1854.7912159240004,104779.60878407583,106634.3999999999,-106634.3999999999
2006,Lower portfolio share,0.75,799758,18567.7939007342,1048919.2337117458,1067487.02761248,20422.585116658203,1153698.8424958219,1174121.42761248,-1854.791215924004,-104779.60878407606,-106634.3999999999,106634.3999999999
2007,Baseline,0.85,1299011.65,104322.50129409369,1480111.5820440648,1584434.0833381584,104322.50129409369,1480111.5820440648,1584434.0833381584,0,0,0,-0
2007,Higher portfolio share,0.95,1451836.55,114384.81691559948,1622874.1664225592,1737258.9833381586,104322.50129409369,1480111.5820440648,1584434.0833381584,10062.315621505797,142762.58437849442,152824.90000000014,-152824.90000000014
2007,Lower portfolio share,0.75,1146186.75,94260.18567258792,1337348.9976655706,1431609.1833381585,104322.50129409369,1480111.5820440648,1584434.0833381584,-10062.315621505768,-142762.58437849418,-152824.8999999999,152824.8999999999
2008,Baseline,0.85,1654125.5,96177.42606325349,1810692.137640815,1906869.5637040685,96177.42606325349,1810692.137640815,1906869.5637040685,0,0,0,-0
2008,Higher portfolio share,0.95,1848728.5,105992.68348853377,1995479.880215535,2101472.563704069,96177.42606325349,1810692.137640815,1906869.5637040685,9815.257425280288,184787.74257471994,194603.00000000023,-194603.00000000023
2008,Lower portfolio share,0.75,1459522.5,86362.1686379732,1625904.3950660953,1712266.5637040685,96177.42606325349,1810692.137640815,1906869.5637040685,-9815.257425280288,-184787.7425747197,-194603,194603
2009,Baseline,0.87,2087262.24,175952.9937079507,2154828.402152836,2330781.3958607865,175952.9937079507,2154828.402152836,2330781.3958607865,0,0,0,-0
2009,Higher portfolio share,0.87,2087262.24,175952.9937079507,2154828.402152836,2330781.3958607865,175952.9937079507,2154828.402152836,2330781.3958607865,0,0,0,-0
2009,Lower portfolio share,0.87,2087262.24,175952.9937079507,2154828.402152836,2330781.3958607865,175952.9937079507,2154828.402152836,2330781.3958607865,0,0,0,-0
2010,Baseline,0.89,2534130.82,257457.88901434583,2533784.9096394842,2791242.79865383,257457.88901434583,2533784.9096394842,2791242.79865383,0,0,0,-0
2010,Higher portfolio share,0.89,2534130.82,257457.88901434583,2533784.9096394842,2791242.79865383,257457.88901434583,2533784.9096394842,2791242.79865383,0,0,0,-0
2010,Lower portfolio share,0.89,2534130.82,257457.88901434583,2533784.9096394842,2791242.79865383,257457.88901434583,2533784.9096394842,2791242.79865383,0,0,0,-0
2011,Baseline,0.91,2894844.68,367073.6489865318,2734034.971013468,3101108.62,367073.6489865318,2734034.971013468,3101108.62,0,0,0,-0
2011,Higher portfolio share,0.91,2894844.68,367073.6489865318,2734034.971013468,3101108.62,367073.6489865318,2734034.971013468,3101108.62,0,0,0,-0
2011,Lower portfolio share,0.91,2894844.68,367073.6489865318,2734034.971013468,3101108.62,367073.6489865318,2734034.971013468,3101108.62,0,0,0,-0
2012,Baseline,0.93,3079777.77,464714.5628032701,2857836.8504053866,3322551.413208657,464714.5628032701,2857836.8504053866,3322551.413208657,0,0,0,-0
2012,Higher portfolio share,0.93,3079777.77,464714.5628032701,2857836.8504053866,3322551.413208657,464714.5628032701,2857836.8504053866,3322551.413208657,0,0,0,-0
2012,Lower portfolio share,0.93,3079777.77,464714.5628032701,2857836.8504053866,3322551.413208657,464714.5628032701,2857836.8504053866,3322551.413208657,0,0,0,-0
2013,Baseline,0.95,3630249.4494999996,658741.9521799473,3233549.9698030734,3892291.921983021,658741.9521799473,3233549.9698030734,3892291.921983021,0,0,0,-0
2013,Higher portfolio share,0.95,3630249.4494999996,658741.9521799473,3233549.9698030734,3892291.921983021,658741.9521799473,3233549.9698030734,3892291.921983021,0,0,0,-0
2013,Lower portfolio share,0.95,3630249.4494999996,658741.9521799473,3233549.9698030734,3892291.921983021,658741.9521799473,3233549.9698030734,3892291.921983021,0,0,0,-0
2014,Baseline,0.95,3650867.0429999996,705716.5903675184,3213413.114481174,3919129.7048486923,705716.5903675184,3213413.114481174,3919129.7048486923,0,0,0,-0
2014,Higher portfolio share,0.95,3650867.0429999996,705716.5903675184,3213413.114481174,3919129.7048486923,705716.5903675184,3213413.114481174,3919129.7048486923,0,0,0,-0
2014,Lower portfolio share,0.95,3650867.0429999996,705716.5903675184,3213413.114481174,3919129.7048486923,705716.5903675184,3213413.114481174,3919129.7048486923,0,0,0,-0
2015,Baseline,0.95,3164534.55,440562.36107350304,2992485.2133995863,3433047.5744730895,440562.36107350304,2992485.2133995863,3433047.5744730895,0,0,0,-0
2015,Higher portfolio share,0.95,3164534.55,440562.36107350304,2992485.2133995863,3433047.5744730895,440562.36107350304,2992485.2133995863,3433047.5744730895,0,0,0,-0
2015,Lower portfolio share,0.95,3164534.55,440562.36107350304,2992485.2133995863,3433047.5744730895,440562.36107350304,2992485.2133995863,3433047.5744730895,0,0,0,-0
2016,Baseline,0.95,2860172.8185,418604.459806625,2813992.92023455,3232597.3800411746,418604.459806625,2813992.92023455,3232597.3800411746,0,0,0,-0
2016,Higher portfolio share,0.95,2860172.8185,418604.459806625,2813992.92023455,3232597.3800411746,418604.459806625,2813992.92023455,3232597.3800411746,0,0,0,-0
2016,Lower portfolio share,0.95,2860172.8185,418604.459806625,2813992.92023455,3232597.3800411746,418604.459806625,2813992.92023455,3232597.3800411746,0,0,0,-0
2017,Baseline,0.95,2983469.1289999997,496227.36657394626,2986448.2292397716,3482675.5958137177,496227.36657394626,2986448.2292397716,3482675.5958137177,0,0,0,-0
2017,Higher portfolio share,0.95,2983469.1289999997,496227.36657394626,2986448.2292397716,3482675.5958137177,496227.36657394626,2986448.2292397716,3482675.5958137177,0,0,0,-0
2017,Lower portfolio share,0.95,2983469.1289999997,496227.36657394626,2986448.2292397716,3482675.5958137177,496227.36657394626,2986448.2292397716,3482675.5958137177,0,0,0,-0
2018,Baseline,0.95,2918867.4,402638.7088427681,3022778.2216300624,3425416.9304728303,402638.7088427681,3022778.2216300624,3425416.9304728303,0,0,0,-0
2018,Higher portfolio share,0.95,2918867.4,402638.7088427681,3022778.2216300624,3425416.9304728303,402638.7088427681,3022778.2216300624,3425416.9304728303,0,0,0,-0
2018,Lower portfolio share,0.95,2918867.4,402638.7088427681,3022778.2216300624,3425416.9304728303,402638.7088427681,3022778.2216300624,3425416.9304728303,0,0,0,-0
2019,Baseline,0.95,2952559.093,490097.0060334633,3119991.003748056,3610088.0097815194,490097.0060334633,3119991.003748056,3610088.0097815194,0,0,0,-0
2019,Higher portfolio share,0.95,2952559.093,490097.0060334633,3119991.003748056,3610088.0097815194,490097.0060334633,3119991.003748056,3610088.0097815194,0,0,0,-0
2019,Lower portfolio share,0.95,2952559.093,490097.0060334633,3119991.003748056,3610088.0097815194,490097.0060334633,3119991.003748056,3610088.0097815194,0,0,0,-0
2020,Baseline,0.95,3055221.8499999996,658628.7198515831,3299565.297351007,3958194.01720259,658628.7198515831,3299565.297351007,3958194.01720259,0,0,0,-0
2020,Higher portfolio share,0.95,3055221.8499999996,658628.7198515831,3299565.297351007,3958194.01720259,658628.7198515831,3299565.297351007,3958194.01720259,0,0,0,-0
2020,Lower portfolio share,0.95,3055221.8499999996,658628.7198515831,3299565.297351007,3958194.01720259,658628.7198515831,3299565.297351007,3958194.01720259,0,0,0,-0
2021,Baseline,0.95,3087527.854,768733.125670203,3298475.8809581464,4067209.0066283494,768733.125670203,3298475.8809581464,4067209.0066283494,0,0,0,-0
2021,Higher portfolio share,0.95,3087527.854,768733.125670203,3298475.8809581464,4067209.0066283494,768733.125670203,3298475.8809581464,4067209.0066283494,0,0,0,-0
2021,Lower portfolio share,0.95,3087527.854,768733.125670203,3298475.8809581464,4067209.0066283494,768733.125670203,3298475.8809581464,4067209.0066283494,0,0,0,-0
