year,scenario,share,reserves_China,china_equity,china_debt,china_portfolio,baseline_equity,baseline_debt,baseline_portfolio,delta_equity_assets,delta_debt_assets,delta_portfolio_assets,delta_global_gap_L_minus_A,world_gdp,published_wealth,securities,deposits,deposit_share,component_wealth,baseline_discrepancy,scenario_securities,scenario_wealth,baseline_wealth,delta_offshore_wealth,baseline_percent_gdp,scenario_percent_gdp,delta_percentage_points_gdp,delta_gap_bn
2001,Baseline,0.85,180340.25,5293.2950623160405,208267.98729057307,213561.2823528891,5293.2950623160405,208267.98729057307,213561.2823528891,0,0,0,-0,34810,3311.5495732678387,2792.175643097027,519.3739301708114,0.1568371297725412,3311.5495732678387,0,2792.175643097027,3311.5495732678387,3311.5495732678387,-0,9.513213367618036,9.513213367618036,0,-0
2001,Higher portfolio share,0.95,201556.75,5819.163765913985,228958.61858697512,234777.7823528891,5293.2950623160405,208267.98729057307,213561.2823528891,525.8687035979447,20690.631296402047,21216.5,-21216.5,34810,3311.5495732678387,2792.175643097027,519.3739301708114,0.1568371297725412,3311.5495732678387,0,2770.959143097027,3286.3865819299062,3311.5495732678387,-25.162991337932677,9.513213367618036,9.440926693277525,-0.07228667434051061,-21.2165
2001,Lower portfolio share,0.75,159123.75,4767.426358718097,187577.355994171,192344.7823528891,5293.2950623160405,208267.98729057307,213561.2823528891,-525.8687035979437,-20690.631296402076,-21216.5,21216.5,34810,3311.5495732678387,2792.175643097027,519.3739301708114,0.1568371297725412,3311.5495732678387,0,2813.392143097027,3336.712564605771,3311.5495732678387,25.162991337932677,9.513213367618036,9.58550004195855,0.07228667434051417,21.2165
2002,Baseline,0.85,243445.94999999984,3484.8812304059043,286914.1005259958,290398.98175640166,3484.8812304059043,286914.1005259958,290398.98175640166,0,0,0,-0,35600,3326.746220979236,2743.218900775206,583.5273202040302,0.17540481943713382,3326.746220979236,0,2743.218900775206,3326.746220979236,3326.746220979236,-0,9.344792755559652,9.344792755559652,0,-0
2002,Higher portfolio share,0.95,272086.64999999985,3828.578846878302,315211.10290952347,319039.6817564018,3484.8812304059043,286914.1005259958,290398.98175640166,343.69761647239784,28297.002383527695,28640.700000000128,-28640.700000000128,35600,3326.746220979236,2743.218900775206,583.5273202040302,0.17540481943713382,3326.746220979236,0,2714.578200775206,3292.013177814407,3326.746220979236,-34.73304316482916,9.344792755559652,9.247228027568559,-0.09756472799109339,-28.640700000000127
2002,Lower portfolio share,0.75,214805.24999999988,3141.183613933508,258617.09814246825,261758.28175640176,3484.8812304059043,286914.1005259958,290398.98175640166,-343.6976164723965,-28297.00238352752,-28640.699999999895,28640.699999999895,35600,3326.746220979236,2743.218900775206,583.5273202040302,0.17540481943713382,3326.746220979236,0,2771.8596007752058,3361.479264144065,3326.746220979236,34.73304316482888,9.344792755559652,9.442357483550744,0.09756472799109162,28.640699999999896
2003,Baseline,0.85,342763.35,3304.5381570188297,401569.0068461931,404873.54500321194,3304.5381570188297,401569.0068461931,404873.54500321194,0,0,0,-0,39890,3569.3502972638985,2899.6006143527775,669.749682911121,0.18763910155428584,3569.3502972638985,0,2899.6006143527775,3569.3502972638985,3569.3502972638985,-0,8.947982695572572,8.947982695572572,0,-0
2003,Higher portfolio share,0.95,383088.44999999995,3633.667667405938,441564.977335806,445198.6450032119,3304.5381570188297,401569.0068461931,404873.54500321194,329.12951038710844,39995.9704896129,40325.09999999998,-40325.09999999998,39890,3569.3502972638985,2899.6006143527775,669.749682911121,0.18763910155428584,3569.3502972638985,0,2859.2755143527775,3519.7109065975656,3569.3502972638985,-49.639390666332886,8.947982695572572,8.8235420070132,-0.12444068855937118,-40.32509999999998
2003,Lower portfolio share,0.75,302438.25,2975.4086466317217,361573.03635658027,364548.44500321196,3304.5381570188297,401569.0068461931,404873.54500321194,-329.129510387108,-39995.97048961284,-40325.09999999998,40325.09999999998,39890,3569.3502972638985,2899.6006143527775,669.749682911121,0.18763910155428584,3569.3502972638985,0,2939.9257143527775,3618.9896879302314,3569.3502972638985,49.639390666332886,8.947982695572572,9.072423384131941,0.1244406885593694,40.32509999999998
2004,Baseline,0.85,518442.2,3810.829106842524,607443.1253114674,611253.95441831,3810.829106842524,607443.1253114674,611253.95441831,0,0,0,-0,44810,4266.8113944519455,3530.203942063712,736.6074523882337,0.1726365157236691,4266.8113944519455,0,3530.203942063712,4266.8113944519455,4266.8113944519455,-0,9.522007128881825,9.522007128881825,0,-0
2004,Higher portfolio share,0.95,579435.4,4191.087852326896,668056.0665659831,672247.15441831,3810.829106842524,607443.1253114674,611253.95441831,380.2587454843715,60612.94125451567,60993.20000000007,-60993.20000000007,44810,4266.8113944519455,3530.203942063712,736.6074523882337,0.1726365157236691,4266.8113944519455,0,3469.210742063712,4193.091438037203,4266.8113944519455,-73.71995641474186,9.522007128881825,9.357490377230983,-0.1645167516508419,-60.99320000000007
2004,Lower portfolio share,0.75,457449,3430.570361358153,546830.1840569519,550260.75441831,3810.829106842524,607443.1253114674,611253.95441831,-380.25874548437105,-60612.94125451555,-60993.19999999995,60993.19999999995,44810,4266.8113944519455,3530.203942063712,736.6074523882337,0.1726365157236691,4266.8113944519455,0,3591.197142063712,4340.531350866687,4266.8113944519455,73.71995641474172,9.522007128881825,9.686523880532663,0.16451675165083834,60.99319999999995
2005,Baseline,0.85,696041.2,4380.068528958298,809327.5645253438,813707.6330543021,4380.068528958298,809327.5645253438,813707.6330543021,0,0,0,-0,48520,4566.731931122663,3780.1072873111043,786.6246438115586,0.1722511099131187,4566.731931122663,0,3780.1072873111043,4566.731931122663,4566.731931122663,-0,9.412060863814228,9.412060863814228,0,-0
2005,Higher portfolio share,0.95,777928.3999999999,4820.855284636401,890773.9777696657,895594.833054302,4380.068528958298,809327.5645253438,813707.6330543021,440.78675567810296,81446.41324432183,81887.19999999995,-81887.19999999995,48520,4566.731931122663,3780.1072873111043,786.6246438115586,0.1722511099131187,4566.731931122663,0,3698.220087311104,4467.80434453127,4566.731931122663,-98.92758659139368,9.412060863814228,9.20817053695645,-0.20389032685777764,-81.88719999999995
2005,Lower portfolio share,0.75,614154,3939.281773280196,727881.1512810219,731820.4330543021,4380.068528958298,809327.5645253438,813707.6330543021,-440.78675567810205,-81446.41324432194,-81887.19999999995,81887.19999999995,48520,4566.731931122663,3780.1072873111043,786.6246438115586,0.1722511099131187,4566.731931122663,0,3861.9944873111044,4665.659517714056,4566.731931122663,98.92758659139368,9.412060863814228,9.615951190672003,0.20389032685777586,81.88719999999995
2006,Baseline,0.85,906392.4,20422.585116658203,1153698.8424958219,1174121.42761248,20422.585116658203,1153698.8424958219,1174121.42761248,0,0,0,-0,51690,5052.610039900942,4147.676414534959,904.9336253659834,0.17910221018832573,5052.610039900942,0,4147.676414534959,5052.610039900942,5052.610039900942,-0,9.774830798802364,9.774830798802364,0,-0
2006,Higher portfolio share,0.95,1013026.7999999999,22277.376332582204,1258478.4512798977,1280755.82761248,20422.585116658203,1153698.8424958219,1174121.42761248,1854.7912159240004,104779.60878407583,106634.3999999999,-106634.3999999999,51690,5052.610039900942,4147.676414534959,904.9336253659834,0.17910221018832573,5052.610039900942,0,4041.042014534959,4922.7103114287,5052.610039900942,-129.89972847224178,9.774830798802364,9.523525462233895,-0.25130533656846943,-106.6343999999999
2006,Lower portfolio share,0.75,799758,18567.7939007342,1048919.2337117458,1067487.02761248,20422.585116658203,1153698.8424958219,1174121.42761248,-1854.791215924004,-104779.60878407606,-106634.3999999999,106634.3999999999,51690,5052.610039900942,4147.676414534959,904.9336253659834,0.17910221018832573,5052.610039900942,0,4254.310814534959,5182.509768373184,5052.610039900942,129.89972847224178,9.774830798802364,10.026136135370834,0.25130533656846943,106.6343999999999
2007,Baseline,0.85,1299011.65,104322.50129409369,1480111.5820440648,1584434.0833381584,104322.50129409369,1480111.5820440648,1584434.0833381584,0,0,0,-0,58340,6795.072296255632,5658.835217390995,1136.2370788646365,0.16721486237766012,6795.072296255632,0,5658.835217390995,6795.072296255632,6795.072296255632,-0,11.647364237668206,11.647364237668206,0,-0
2007,Higher portfolio share,0.95,1451836.55,114384.81691559948,1622874.1664225592,1737258.9833381586,104322.50129409369,1480111.5820440648,1584434.0833381584,10062.315621505797,142762.58437849442,152824.90000000014,-152824.90000000014,58340,6795.072296255632,5658.835217390995,1136.2370788646365,0.16721486237766012,6795.072296255632,0,5506.010317390995,6611.56169658724,6795.072296255632,-183.51059966839222,11.647364237668206,11.3328105872253,-0.31455365044290673,-152.82490000000013
2007,Lower portfolio share,0.75,1146186.75,94260.18567258792,1337348.9976655706,1431609.1833381585,104322.50129409369,1480111.5820440648,1584434.0833381584,-10062.315621505768,-142762.58437849418,-152824.8999999999,152824.8999999999,58340,6795.072296255632,5658.835217390995,1136.2370788646365,0.16721486237766012,6795.072296255632,0,5811.660117390995,6978.582895924024,6795.072296255632,183.51059966839193,11.647364237668206,11.961917888111115,0.3145536504429085,152.8248999999999
2008,Baseline,0.85,1654125.5,96177.42606325349,1810692.137640815,1906869.5637040685,96177.42606325349,1810692.137640815,1906869.5637040685,0,0,0,-0,64000,5644.1315902770675,4384.102911639908,1260.02867863716,0.22324580114463735,5644.1315902770675,0,4384.102911639908,5644.1315902770675,5644.1315902770675,-0,8.818955609807917,8.818955609807917,0,-0
2008,Higher portfolio share,0.95,1848728.5,105992.68348853377,1995479.880215535,2101472.563704069,96177.42606325349,1810692.137640815,1906869.5637040685,9815.257425280288,184787.74257471994,194603.00000000023,-194603.00000000023,64000,5644.1315902770675,4384.102911639908,1260.02867863716,0.22324580114463735,5644.1315902770675,0,4189.499911639908,5393.598023433437,5644.1315902770675,-250.53356684362996,8.818955609807917,8.427496911614746,-0.3914586981931709,-194.60300000000024
2008,Lower portfolio share,0.75,1459522.5,86362.1686379732,1625904.3950660953,1712266.5637040685,96177.42606325349,1810692.137640815,1906869.5637040685,-9815.257425280288,-184787.7425747197,-194603,194603,64000,5644.1315902770675,4384.102911639908,1260.02867863716,0.22324580114463735,5644.1315902770675,0,4578.705911639908,5894.665157120698,5644.1315902770675,250.53356684362967,8.818955609807917,9.210414308001091,0.39145869819317447,194.603
2009,Baseline,0.87,2087262.24,175952.9937079507,2154828.402152836,2330781.3958607865,175952.9937079507,2154828.402152836,2330781.3958607865,0,0,0,-0,60690,6305.321264958117,5145.125021923792,1160.1962430343253,0.1840027167976558,6305.321264958117,0,5145.125021923792,6305.321264958117,6305.321264958117,-0,10.38939078094928,10.38939078094928,0,-0
2009,Higher portfolio share,0.87,2087262.24,175952.9937079507,2154828.402152836,2330781.3958607865,175952.9937079507,2154828.402152836,2330781.3958607865,0,0,0,-0,60690,6305.321264958117,5145.125021923792,1160.1962430343253,0.1840027167976558,6305.321264958117,0,5145.125021923792,6305.321264958117,6305.321264958117,-0,10.38939078094928,10.38939078094928,0,-0
2009,Lower portfolio share,0.87,2087262.24,175952.9937079507,2154828.402152836,2330781.3958607865,175952.9937079507,2154828.402152836,2330781.3958607865,0,0,0,-0,60690,6305.321264958117,5145.125021923792,1160.1962430343253,0.1840027167976558,6305.321264958117,0,5145.125021923792,6305.321264958117,6305.321264958117,-0,10.38939078094928,10.38939078094928,0,-0
2010,Baseline,0.89,2534130.82,257457.88901434583,2533784.9096394842,2791242.79865383,257457.88901434583,2533784.9096394842,2791242.79865383,0,0,0,-0,66400,5844.857398652377,4702.042067274786,1142.8153313775906,0.19552492959727033,5844.857398652377,0,4702.042067274786,5844.857398652377,5844.857398652377,-0,8.802496082307798,8.802496082307798,0,-0
2010,Higher portfolio share,0.89,2534130.82,257457.88901434583,2533784.9096394842,2791242.79865383,257457.88901434583,2533784.9096394842,2791242.79865383,0,0,0,-0,66400,5844.857398652377,4702.042067274786,1142.8153313775906,0.19552492959727033,5844.857398652377,0,4702.042067274786,5844.857398652377,5844.857398652377,-0,8.802496082307798,8.802496082307798,0,-0
2010,Lower portfolio share,0.89,2534130.82,257457.88901434583,2533784.9096394842,2791242.79865383,257457.88901434583,2533784.9096394842,2791242.79865383,0,0,0,-0,66400,5844.857398652377,4702.042067274786,1142.8153313775906,0.19552492959727033,5844.857398652377,0,4702.042067274786,5844.857398652377,5844.857398652377,-0,8.802496082307798,8.802496082307798,0,-0
2011,Baseline,0.91,2894844.68,367073.6489865318,2734034.971013468,3101108.62,367073.6489865318,2734034.971013468,3101108.62,0,0,0,-0,73900,6563.066040110752,5401.5733001094195,1161.4927400013319,0.17697410522806986,6563.066040110752,0,5401.5733001094195,6563.066040110752,6563.066040110752,-0,8.881009526536875,8.881009526536875,0,-0
2011,Higher portfolio share,0.91,2894844.68,367073.6489865318,2734034.971013468,3101108.62,367073.6489865318,2734034.971013468,3101108.62,0,0,0,-0,73900,6563.066040110752,5401.5733001094195,1161.4927400013319,0.17697410522806986,6563.066040110752,0,5401.5733001094195,6563.066040110752,6563.066040110752,-0,8.881009526536875,8.881009526536875,0,-0
2011,Lower portfolio share,0.91,2894844.68,367073.6489865318,2734034.971013468,3101108.62,367073.6489865318,2734034.971013468,3101108.62,0,0,0,-0,73900,6563.066040110752,5401.5733001094195,1161.4927400013319,0.17697410522806986,6563.066040110752,0,5401.5733001094195,6563.066040110752,6563.066040110752,-0,8.881009526536875,8.881009526536875,0,-0
2012,Baseline,0.93,3079777.77,464714.5628032701,2857836.8504053866,3322551.413208657,464714.5628032701,2857836.8504053866,3322551.413208657,0,0,0,-0,75230,8219.975666549735,6765.252827965589,1454.7228385841465,0.17697410522806986,8219.975666549735,0,6765.252827965589,8219.975666549735,8219.975666549735,-0,10.926459745513407,10.926459745513407,0,-0
2012,Higher portfolio share,0.93,3079777.77,464714.5628032701,2857836.8504053866,3322551.413208657,464714.5628032701,2857836.8504053866,3322551.413208657,0,0,0,-0,75230,8219.975666549735,6765.252827965589,1454.7228385841465,0.17697410522806986,8219.975666549735,0,6765.252827965589,8219.975666549735,8219.975666549735,-0,10.926459745513407,10.926459745513407,0,-0
2012,Lower portfolio share,0.93,3079777.77,464714.5628032701,2857836.8504053866,3322551.413208657,464714.5628032701,2857836.8504053866,3322551.413208657,0,0,0,-0,75230,8219.975666549735,6765.252827965589,1454.7228385841465,0.17697410522806986,8219.975666549735,0,6765.252827965589,8219.975666549735,8219.975666549735,-0,10.926459745513407,10.926459745513407,0,-0
2013,Baseline,0.95,3630249.4494999996,658741.9521799473,3233549.9698030734,3892291.921983021,658741.9521799473,3233549.9698030734,3892291.921983021,0,0,0,-0,77380,8475.816267396418,6975.816267396418,1500,0.17697410522806986,8475.816267396418,0,6975.816267396418,8475.816267396418,8475.816267396418,-0,10.953497373218426,10.953497373218426,0,-0
2013,Higher portfolio share,0.95,3630249.4494999996,658741.9521799473,3233549.9698030734,3892291.921983021,658741.9521799473,3233549.9698030734,3892291.921983021,0,0,0,-0,77380,8475.816267396418,6975.816267396418,1500,0.17697410522806986,8475.816267396418,0,6975.816267396418,8475.816267396418,8475.816267396418,-0,10.953497373218426,10.953497373218426,0,-0
2013,Lower portfolio share,0.95,3630249.4494999996,658741.9521799473,3233549.9698030734,3892291.921983021,658741.9521799473,3233549.9698030734,3892291.921983021,0,0,0,-0,77380,8475.816267396418,6975.816267396418,1500,0.17697410522806986,8475.816267396418,0,6975.816267396418,8475.816267396418,8475.816267396418,-0,10.953497373218426,10.953497373218426,0,-0
2014,Baseline,0.95,3650867.0429999996,705716.5903675184,3213413.114481174,3919129.7048486923,705716.5903675184,3213413.114481174,3919129.7048486923,0,0,0,-0,79420,9523.389064490357,7714.051315927289,1809.337748563068,0.18998885127034287,9523.389064490357,0,7714.051315927289,9523.389064490357,9523.389064490357,-0,11.991172330005485,11.991172330005485,0,-0
2014,Higher portfolio share,0.95,3650867.0429999996,705716.5903675184,3213413.114481174,3919129.7048486923,705716.5903675184,3213413.114481174,3919129.7048486923,0,0,0,-0,79420,9523.389064490357,7714.051315927289,1809.337748563068,0.18998885127034287,9523.389064490357,0,7714.051315927289,9523.389064490357,9523.389064490357,-0,11.991172330005485,11.991172330005485,0,-0
2014,Lower portfolio share,0.95,3650867.0429999996,705716.5903675184,3213413.114481174,3919129.7048486923,705716.5903675184,3213413.114481174,3919129.7048486923,0,0,0,-0,79420,9523.389064490357,7714.051315927289,1809.337748563068,0.18998885127034287,9523.389064490357,0,7714.051315927289,9523.389064490357,9523.389064490357,-0,11.991172330005485,11.991172330005485,0,-0
2015,Baseline,0.95,3164534.55,440562.36107350304,2992485.2133995863,3433047.5744730895,440562.36107350304,2992485.2133995863,3433047.5744730895,0,0,0,-0,75120,9523.389064490357,7107.906957321546,1809.337748563068,0.20290322944362635,8917.244705884614,-606.144358605743,7107.906957321546,9523.389064490357,8917.244705884614,-0,12.677567977223584,12.677567977223584,0,-0
2015,Higher portfolio share,0.95,3164534.55,440562.36107350304,2992485.2133995863,3433047.5744730895,440562.36107350304,2992485.2133995863,3433047.5744730895,0,0,0,-0,75120,9523.389064490357,7107.906957321546,1809.337748563068,0.20290322944362635,8917.244705884614,-606.144358605743,7107.906957321546,9523.389064490357,8917.244705884614,-0,12.677567977223584,12.677567977223584,0,-0
2015,Lower portfolio share,0.95,3164534.55,440562.36107350304,2992485.2133995863,3433047.5744730895,440562.36107350304,2992485.2133995863,3433047.5744730895,0,0,0,-0,75120,9523.389064490357,7107.906957321546,1809.337748563068,0.20290322944362635,8917.244705884614,-606.144358605743,7107.906957321546,9523.389064490357,8917.244705884614,-0,12.677567977223584,12.677567977223584,0,-0
2016,Baseline,0.95,2860172.8185,418604.459806625,2813992.92023455,3232597.3800411746,418604.459806625,2813992.92023455,3232597.3800411746,0,0,0,-0,76440,7905.563979386344,6301.499517395649,1604.064461990695,0.20290322944362635,7905.563979386344,0,6301.499517395649,7905.563979386344,7905.563979386344,-0,10.342182076643569,10.342182076643569,0,-0
2016,Higher portfolio share,0.95,2860172.8185,418604.459806625,2813992.92023455,3232597.3800411746,418604.459806625,2813992.92023455,3232597.3800411746,0,0,0,-0,76440,7905.563979386344,6301.499517395649,1604.064461990695,0.20290322944362635,7905.563979386344,0,6301.499517395649,7905.563979386344,7905.563979386344,-0,10.342182076643569,10.342182076643569,0,-0
2016,Lower portfolio share,0.95,2860172.8185,418604.459806625,2813992.92023455,3232597.3800411746,418604.459806625,2813992.92023455,3232597.3800411746,0,0,0,-0,76440,7905.563979386344,6301.499517395649,1604.064461990695,0.20290322944362635,7905.563979386344,0,6301.499517395649,7905.563979386344,7905.563979386344,-0,10.342182076643569,10.342182076643569,0,-0
2017,Baseline,0.95,2983469.1289999997,496227.36657394626,2986448.2292397716,3482675.5958137177,496227.36657394626,2986448.2292397716,3482675.5958137177,0,0,0,-0,81200,9429.189571691051,7515.976556558773,1913.213015132278,0.20290322944362632,9429.189571691051,0,7515.976556558773,9429.189571691051,9429.189571691051,-0,11.612302428190949,11.612302428190949,0,-0
2017,Higher portfolio share,0.95,2983469.1289999997,496227.36657394626,2986448.2292397716,3482675.5958137177,496227.36657394626,2986448.2292397716,3482675.5958137177,0,0,0,-0,81200,9429.189571691051,7515.976556558773,1913.213015132278,0.20290322944362632,9429.189571691051,0,7515.976556558773,9429.189571691051,9429.189571691051,-0,11.612302428190949,11.612302428190949,0,-0
2017,Lower portfolio share,0.95,2983469.1289999997,496227.36657394626,2986448.2292397716,3482675.5958137177,496227.36657394626,2986448.2292397716,3482675.5958137177,0,0,0,-0,81200,9429.189571691051,7515.976556558773,1913.213015132278,0.20290322944362632,9429.189571691051,0,7515.976556558773,9429.189571691051,9429.189571691051,-0,11.612302428190949,11.612302428190949,0,-0
2018,Baseline,0.95,2918867.4,402638.7088427681,3022778.2216300624,3425416.9304728303,402638.7088427681,3022778.2216300624,3425416.9304728303,0,0,0,-0,86030,8765.78477137622,6987.178732656226,1778.606038719995,0.20290322944362635,8765.78477137622,0,6987.178732656226,8765.78477137622,8765.78477137622,-0,10.189218611386982,10.189218611386982,0,-0
2018,Higher portfolio share,0.95,2918867.4,402638.7088427681,3022778.2216300624,3425416.9304728303,402638.7088427681,3022778.2216300624,3425416.9304728303,0,0,0,-0,86030,8765.78477137622,6987.178732656226,1778.606038719995,0.20290322944362635,8765.78477137622,0,6987.178732656226,8765.78477137622,8765.78477137622,-0,10.189218611386982,10.189218611386982,0,-0
2018,Lower portfolio share,0.95,2918867.4,402638.7088427681,3022778.2216300624,3425416.9304728303,402638.7088427681,3022778.2216300624,3425416.9304728303,0,0,0,-0,86030,8765.78477137622,6987.178732656226,1778.606038719995,0.20290322944362635,8765.78477137622,0,6987.178732656226,8765.78477137622,8765.78477137622,-0,10.189218611386982,10.189218611386982,0,-0
2019,Baseline,0.95,2952559.093,490097.0060334633,3119991.003748056,3610088.0097815194,490097.0060334633,3119991.003748056,3610088.0097815194,0,0,0,-0,87330,10740.665488591729,8561.349774582763,2179.3157140089666,0.20290322944362635,10740.665488591729,0,8561.349774582763,10740.665488591729,10740.665488591729,-0,12.298941358744681,12.298941358744681,0,-0
2019,Higher portfolio share,0.95,2952559.093,490097.0060334633,3119991.003748056,3610088.0097815194,490097.0060334633,3119991.003748056,3610088.0097815194,0,0,0,-0,87330,10740.665488591729,8561.349774582763,2179.3157140089666,0.20290322944362635,10740.665488591729,0,8561.349774582763,10740.665488591729,10740.665488591729,-0,12.298941358744681,12.298941358744681,0,-0
2019,Lower portfolio share,0.95,2952559.093,490097.0060334633,3119991.003748056,3610088.0097815194,490097.0060334633,3119991.003748056,3610088.0097815194,0,0,0,-0,87330,10740.665488591729,8561.349774582763,2179.3157140089666,0.20290322944362635,10740.665488591729,0,8561.349774582763,10740.665488591729,10740.665488591729,-0,12.298941358744681,12.298941358744681,0,-0
2020,Baseline,0.95,3055221.8499999996,658628.7198515831,3299565.297351007,3958194.01720259,658628.7198515831,3299565.297351007,3958194.01720259,0,0,0,-0,85050,12856.722293311333,10248.051819938599,2608.670473372735,0.20290322944362632,12856.722293311333,0,10248.051819938599,12856.722293311333,12856.722293311333,-0,15.1166634841991,15.1166634841991,0,-0
2020,Higher portfolio share,0.95,3055221.8499999996,658628.7198515831,3299565.297351007,3958194.01720259,658628.7198515831,3299565.297351007,3958194.01720259,0,0,0,-0,85050,12856.722293311333,10248.051819938599,2608.670473372735,0.20290322944362632,12856.722293311333,0,10248.051819938599,12856.722293311333,12856.722293311333,-0,15.1166634841991,15.1166634841991,0,-0
2020,Lower portfolio share,0.95,3055221.8499999996,658628.7198515831,3299565.297351007,3958194.01720259,658628.7198515831,3299565.297351007,3958194.01720259,0,0,0,-0,85050,12856.722293311333,10248.051819938599,2608.670473372735,0.20290322944362632,12856.722293311333,0,10248.051819938599,12856.722293311333,12856.722293311333,-0,15.1166634841991,15.1166634841991,0,-0
2021,Baseline,0.95,3087527.854,768733.125670203,3298475.8809581464,4067209.0066283494,768733.125670203,3298475.8809581464,4067209.0066283494,0,0,0,-0,96590,14033.606116016257,11186.142114336733,2847.4640016795242,0.20290322944362632,14033.606116016257,0,11186.142114336733,14033.606116016257,14033.606116016257,-0,14.52904660525547,14.52904660525547,0,-0
2021,Higher portfolio share,0.95,3087527.854,768733.125670203,3298475.8809581464,4067209.0066283494,768733.125670203,3298475.8809581464,4067209.0066283494,0,0,0,-0,96590,14033.606116016257,11186.142114336733,2847.4640016795242,0.20290322944362632,14033.606116016257,0,11186.142114336733,14033.606116016257,14033.606116016257,-0,14.52904660525547,14.52904660525547,0,-0
2021,Lower portfolio share,0.95,3087527.854,768733.125670203,3298475.8809581464,4067209.0066283494,768733.125670203,3298475.8809581464,4067209.0066283494,0,0,0,-0,96590,14033.606116016257,11186.142114336733,2847.4640016795242,0.20290322944362632,14033.606116016257,0,11186.142114336733,14033.606116016257,14033.606116016257,-0,14.52904660525547,14.52904660525547,0,-0
