year,haven_group,share
2001,Switzerland,38.38839371510072
2001,American tax havens,9.810688940778288
2001,Asian tax havens,19.368153028864405
2001,Other European tax havens,32.432764315256584
2002,Switzerland,38.5493830129644
2002,American tax havens,12.822555572586744
2002,Asian tax havens,16.095220656420743
2002,Other European tax havens,32.53284075802811
2003,Switzerland,43.59837891017234
2003,American tax havens,11.505808120108656
2003,Asian tax havens,13.861400623380998
2003,Other European tax havens,31.034412346338
2004,Switzerland,42.65290418784721
2004,American tax havens,12.259008016161719
2004,Asian tax havens,13.626942142955587
2004,Other European tax havens,31.461145653035476
2005,Switzerland,44.22203001911507
2005,American tax havens,10.903351268125958
2005,Asian tax havens,14.660505198823282
2005,Other European tax havens,30.214113513935693
2006,Switzerland,47.93883073282114
2006,American tax havens,10.650635186040388
2006,Asian tax havens,13.78651520735225
2006,Other European tax havens,27.62401887378621
2007,Switzerland,42.85078369306068
2007,American tax havens,11.83962394237907
2007,Asian tax havens,15.765433369304427
2007,Other European tax havens,29.54415899525582
2008,Switzerland,37.83374581722839
2008,American tax havens,16.09712730525078
2008,Asian tax havens,18.710503790676675
2008,Other European tax havens,27.35862308684417
2009,Switzerland,37.406636259860804
2009,American tax havens,15.787684735954361
2009,Asian tax havens,20.113498247224392
2009,Other European tax havens,26.692180756960436
2010,Switzerland,39.372224190428184
2010,American tax havens,16.43694144571478
2010,Asian tax havens,20.557825148916624
2010,Other European tax havens,23.633009214940415
2011,Switzerland,34.308605058057566
2011,American tax havens,15.92578756327934
2011,Asian tax havens,24.44978954913977
2011,Other European tax havens,25.31581782952331
2012,Switzerland,28.830679206944982
2012,American tax havens,15.702694756271091
2012,Asian tax havens,26.696812552994597
2012,Other European tax havens,28.76981348378933
2013,Switzerland,28.59292777784243
2013,American tax havens,16.77467514522229
2013,Asian tax havens,28.725154220794547
2013,Other European tax havens,25.907242856140726
2014,Switzerland,24.59098222540853
2014,American tax havens,18.225754305050025
2014,Asian tax havens,32.41501604170836
2014,Other European tax havens,24.76824742783309
2015,Switzerland,23.27847048837026
2015,American tax havens,17.471822333951295
2015,Asian tax havens,35.05647054915389
2015,Other European tax havens,24.19323662852455
2016,Switzerland,26.929654669696035
2016,American tax havens,16.058324527177916
2016,Asian tax havens,34.55395413800401
2016,Other European tax havens,22.458066665122047
2017,Switzerland,25.92315084449067
2017,American tax havens,14.503237269650224
2017,Asian tax havens,35.64883061069726
2017,Other European tax havens,23.924781275161852
2018,Switzerland,26.028103914458413
2018,American tax havens,13.606095899069237
2018,Asian tax havens,37.58177988570416
2018,Other European tax havens,22.78402030076819
2019,Switzerland,24.15653757955811
2019,American tax havens,13.881686646815492
2019,Asian tax havens,39.18361653065715
2019,Other European tax havens,22.778159242969256
2020,Switzerland,21.477955656817638
2020,American tax havens,14.65510723329434
2020,Asian tax havens,40.3585355543973
2020,Other European tax havens,23.508401555490718
2021,Switzerland,21.565888753976704
2021,American tax havens,15.250814484967604
2021,Asian tax havens,40.575861748326666
2021,Other European tax havens,22.60743501272902
