year,iso3,country_name,indicator,label,unit,value,gdp,regionname,incomelevelname,gdp_used,ratio_offshore_GDP
2001,IRL,Ireland,total,total offshore wealth,USD Bn,8.475118911173784,109346996224,Europe & Central Asia,High income,109346996224,7.750664585072182
2002,IRL,Ireland,total,total offshore wealth,USD Bn,9.056189676557821,128505004032,Europe & Central Asia,High income,128505004032,7.047343988489874
2003,IRL,Ireland,total,total offshore wealth,USD Bn,10.548382874570613,164630003712,Europe & Central Asia,High income,164630003712,6.40732711943791
2004,IRL,Ireland,total,total offshore wealth,USD Bn,15.031894678713401,194282995712,Europe & Central Asia,High income,194282995712,7.737112876824427
2005,IRL,Ireland,total,total offshore wealth,USD Bn,17.474599728179413,211993001984,Europe & Central Asia,High income,211993001984,8.243007818483694
2006,IRL,Ireland,total,total offshore wealth,USD Bn,19.73493184420674,232192999424,Europe & Central Asia,High income,232192999424,8.499365567938348
2007,IRL,Ireland,total,total offshore wealth,USD Bn,30.065235025998735,270111997952,Europe & Central Asia,High income,270111997952,11.130655155622316
2008,IRL,Ireland,total,total offshore wealth,USD Bn,28.55144862279421,275417006080,Europe & Central Asia,High income,275417006080,10.366625151135695
2009,IRL,Ireland,total,total offshore wealth,USD Bn,34.1473845612367,236184993792,Europe & Central Asia,High income,236184993792,14.457897605175173
2010,IRL,Ireland,total,total offshore wealth,USD Bn,32.28100608306302,222095998976,Europe & Central Asia,High income,222095998976,14.534708518792968
2011,IRL,Ireland,total,total offshore wealth,USD Bn,40.19833301850111,238959001600,Europe & Central Asia,High income,238959001600,16.82227191666552
2012,IRL,Ireland,total,total offshore wealth,USD Bn,56.33601842586572,225770995712,Europe & Central Asia,High income,225770995712,24.952726211886652
2013,IRL,Ireland,total,total offshore wealth,USD Bn,58.265400253391256,238343995392,Europe & Central Asia,High income,238343995392,24.445927474515656
2014,IRL,Ireland,total,total offshore wealth,USD Bn,65.97713785158139,259237003264,Europe & Central Asia,High income,259237003264,25.450509387501306
2015,IRL,Ireland,total,total offshore wealth,USD Bn,65.61874606520911,291805003776,Europe & Central Asia,High income,291805003776,22.487190149618
2016,IRL,Ireland,total,total offshore wealth,USD Bn,52.13852575127718,299009015808,Europe & Central Asia,High income,299009015808,17.437108245845142
2017,IRL,Ireland,total,total offshore wealth,USD Bn,65.0218189641393,336258990080,Europe & Central Asia,High income,336258990080,19.3368269346999
2018,IRL,Ireland,total,total offshore wealth,USD Bn,60.662254244566476,385910996992,Europe & Central Asia,High income,385910996992,15.719234413479027
2019,IRL,Ireland,total,total offshore wealth,USD Bn,77.69557210773968,399365996544,Europe & Central Asia,High income,399365996544,19.454728940394304
2020,IRL,Ireland,total,total offshore wealth,USD Bn,98.81947032817645,425510993920,Europe & Central Asia,High income,425510993920,23.22371730464746
2021,IRL,Ireland,total,total offshore wealth,USD Bn,111.88195092554307,504517001216,Europe & Central Asia,High income,504517001216,22.176051680296656
2022,IRL,Ireland,total,total offshore wealth,USD Bn,102.50713423752579,529661001728,Europe & Central Asia,High income,529661001728,19.35334750021239
