year,income_group,share
2001,High income countries,81.49585391311793
2001,Middle- and low-income countries,18.50414608688207
2002,High income countries,81.67236366384466
2002,Middle- and low-income countries,18.327636336155358
2003,High income countries,80.32821960758557
2003,Middle- and low-income countries,19.67178039241445
2004,High income countries,79.85678489299316
2004,Middle- and low-income countries,20.143215107006835
2005,High income countries,77.79798812774254
2005,Middle- and low-income countries,22.20201187225747
2006,High income countries,76.09700219271218
2006,Middle- and low-income countries,23.902997807287825
2007,High income countries,77.06248654254257
2007,Middle- and low-income countries,22.937513457457428
2008,High income countries,78.44054378073477
2008,Middle- and low-income countries,21.559456219265215
2009,High income countries,78.1890620258203
2009,Middle- and low-income countries,21.810937974179694
2010,High income countries,77.37340461512773
2010,Middle- and low-income countries,22.62659538487229
2011,High income countries,78.35329130420051
2011,Middle- and low-income countries,21.646708695799486
2012,High income countries,79.13672193560582
2012,Middle- and low-income countries,20.863278064394194
2013,High income countries,79.01378504422215
2013,Middle- and low-income countries,20.986214955777832
2014,High income countries,79.13046584461908
2014,Middle- and low-income countries,20.869534155380926
2015,High income countries,76.02462210864849
2015,Middle- and low-income countries,23.975377891351506
2016,High income countries,73.73049911539684
2016,Middle- and low-income countries,26.269500884603175
2017,High income countries,72.19041077277267
2017,Middle- and low-income countries,27.809589227227328
2018,High income countries,70.99617973808218
2018,Middle- and low-income countries,29.003820261917824
2019,High income countries,70.08738190285021
2019,Middle- and low-income countries,29.912618097149775
2020,High income countries,69.81258039832304
2020,Middle- and low-income countries,30.187419601676964
2021,High income countries,69.67211324468133
2021,Middle- and low-income countries,30.32788675531868
