year,tot_haven,tot_europe,tot_middle_east,tot_latin_am,tot_asia,tot_africa,tot_north_am,tot_caribbean,tot_all,tot_rich,tot_rich_eu16,tot_developing,tot_excl_middle_east
1987,42816013.73556845,36151830.99924067,19146258.998435054,7241842.723004695,5389061.815360986,3219706.572769953,4199674.4913928015,21619.718309859152,118186009.05408242,40838629.12096131,27155011.750069298,34531366.19755269,15385107.199117634
1988,43383240.60718565,37456054.73510051,19338310.505319152,7935727.393617022,5387991.356952146,3072380.3191489363,4320372.340425531,26069.14893617021,120920146.4066851,42334254.86293397,28005903.13421058,35202650.93656547,15864340.431246322
1989,58089656.066458255,47804593.1292942,21472052.376333658,10336781.76527643,5949350.792504385,3860209.5053346264,5439413.514387326,14863.886194633042,152966921.03578356,53899926.4591297,37927689.79569615,40977338.51019557,19505286.13386191
1990,73910206.96935645,61880300.69336668,25286254.727904286,13686719.413353916,6458142.800909123,4324802.778849865,6533719.799305286,19550.752605171747,192099697.93565083,69223734.12260243,49619691.66795171,48965756.84369189,23679502.115787607
1991,69056967.47346437,59619812.01039886,25233924.75101439,12471980.81888602,6564669.864126274,4232087.790483218,6111857.617115456,20649.20693471044,183311949.53242338,66428476.70620285,48421851.106793046,47826505.352756046,22592580.601741657
1992,64622991.79965393,58242357.35976794,23578363.324175823,10123552.197802199,6209537.774725273,3792214.972527473,6870327.60989011,28513.049450549453,173467858.0879933,65909588.815240115,48480283.18337198,42935277.47309929,19356914.148923468
1993,57224774.02749406,50127004.76137026,21804837.445082795,7943161.203109158,5613476.85028726,3618638.0533964178,4975608.651571477,20429.874957756,151327930.86726916,55666425.51162372,41331882.084790334,38436731.328151375,16631893.88306858
1994,66504615.299814515,51614134.5092923,22614647.350362178,9043083.49218452,6600165.459397638,3904305.756767061,4258063.286313381,40789.17270301181,164579804.32683468,56430730.773112364,43321714.37966973,41644458.25390773,19029810.903545555
1995,70541063.9159779,52688585.36566596,22872524.989135154,8981275.96697088,7105215.993046502,3570270.317253369,4512877.009995654,74163.40721425466,170345976.96525973,57729439.77679155,44284101.22833435,42075473.27249022,19202948.283355065
1996,74525895.30910206,51197377.31843263,22967424.242424242,9220445.632798573,8113942.364824717,3443869.5781342844,5013794.563279858,62214.795008912646,174544963.80400524,56523062.8502211,42094194.01480813,43496005.644682094,20528581.402257852
1997,77261832.15592928,50345899.959719256,23138206.555349413,10021483.542912113,9278732.907304341,3692616.642616642,4894539.9573971,37988.043702329414,178671299.76493034,55760766.31029987,41278627.91959005,45648701.29870133,22510494.743351918
1998,79888593.3378806,52017193.55116013,22636672.72066836,10523080.276062477,9873193.60697421,3938412.6407555393,5082261.532873229,42226.661823465314,184001634.32819802,57923333.761839375,42100999.5809458,46189707.22847806,23553034.5078097
1999,88011472.73097967,55883569.86180234,24167696.299074773,12880737.059264816,12166644.786196548,4244407.976994249,5878532.133033259,39042.88572143036,203272103.73306724,62548337.92881909,45028973.71276509,52712293.07326834,28544596.774193566
2000,102945223.51049054,54942958.74880225,24436160.09776963,14349611.365719525,12722366.025053466,4036888.4815154304,6294637.335777573,47010.693553315,219774856.25868168,61842238.308838904,42729578.36383434,54987394.43935226,30551234.34158263
2001,102704050.25914325,55031730.27387553,21937150.181839865,11787081.619269066,12857365.409970375,4131776.664878078,5773121.683658261,45486.794252667976,214267762.88688692,61350381.08056974,42049136.81895881,50213331.547174126,28276181.36533426
2002,105772684.6093348,52410479.97726527,21643645.803288147,12756507.78771272,12358932.07138566,4432598.78857802,5640933.80444188,59247.18777040669,215075030.02977702,58520288.171845466,39343233.80207333,50782057.24859662,29138411.445308477
2003,106621980.57828853,54040101.22249797,22193233.89117956,11861089.821327511,14335970.571590265,4653731.910421213,5713756.973077856,64062.57579432451,219483927.5441771,60291380.22517661,40991600.12977682,52570566.7407121,30377332.849532537
2004,124004669.07824247,57586314.81402922,22993503.00459527,12046091.375044188,13452704.13558016,4756228.349240012,5641778.013432309,50852.77483209615,240532141.54499567,63943261.6161866,41628522.30901091,52584210.85056665,29590707.84597138
2005,142533878.47595003,37287098.078091644,26379135.66156889,19036560.146085367,14323913.870501406,4831266.073194857,6113900.935859392,53692.459864566685,250559445.70111617,44185282.659971096,24943347.02883664,63840284.56519503,37461148.903626144
2006,180474938.0830008,45179221.50617091,29570135.212652627,18367700.56543473,17576536.917151526,5149409.161681554,8648321.724166188,84453.82283045152,305050716.99308884,53853857.24821765,28912691.960993204,70721921.6618703,41151786.44921768
2007,227311116.86099643,55528476.23278545,30908474.455797423,22563649.04486895,18311595.735228788,5886094.180364283,8750087.960906263,110431.80808529543,369369926.27903265,64684047.090182155,36075734.3402932,77374762.32785429,46466287.87205687
2008,184313835.54029638,48101212.74795525,22884274.701513585,16194302.904954402,18293527.310331862,5151375.38779731,7305153.708752467,124097.95995111403,302367780.2615523,55593965.40377925,31388921.68844599,62459979.31747671,39575704.61596313
2009,126592570.04029995,27576312.469674923,16728500.72780204,8821934.012615234,12359622.513343038,3316640.4657933037,4321712.76079573,90146.53081028628,199807439.52113461,32189166.42406599,17076079.5730228,41025703.05676856,24297202.32896652
2010,111944294.05831362,24202255.2149851,13741106.853980416,7482106.215410814,11625083.01404853,2561442.103022563,4751528.309919115,211053.6398467433,176518869.4095269,28991329.28905917,14450415.070242656,35583246.06215411,21842139.208173692
2011,96037984.6631168,22652569.879902218,16486729.726857265,5340995.855032417,10385316.186629822,2408728.8766075037,3736520.352853651,72802.63577425868,157121648.17677394,26510899.139122117,14613661.388032736,34572764.374535024,18086034.647677757
2012,78551812.42950082,15178507.527820196,14103507.527820205,3911740.1265546586,9072371.808858825,1576819.7687104517,2299493.7813659175,9824.350861880865,124704077.32149297,17828999.563604623,9649113.026401918,28323265.328387536,14219757.80056733
2013,72794936.37118983,15585707.234997198,13023095.905776782,3380088.614694336,8993301.177790243,1470923.1632080763,2221936.0628154795,520132.3611890073,117990120.89166093,17911758.833426807,10192059.450364554,27283425.68704429,14260329.781267507
2014,63472412.459582195,11241536.750581339,14140196.137903145,2852131.230411485,6906215.751693458,1027527.0447881912,1196546.35527247,7161.0555050045505,100843726.78573729,12446083.308057832,5462604.387827319,24925231.018097278,10785034.880194133
2015,62956968.724368095,9821765.078177601,15979539.648392301,1979182.0206027618,6305183.66673823,1222773.5007761312,1156497.3516782583,5375.769327688741,99427285.76006107,10882029.379378086,4886789.031166212,25588287.6563149,9608748.007922597
2016,63753256.86406084,10119510.605242126,17905938.962912403,1252904.5815187008,5110593.627928149,1113937.260019685,1560681.4041476378,5701.14686023622,100822524.45268977,11450904.513300195,5200404.314074803,25618363.07532873,7712424.112416327
2017,73019641.6650104,15461598.922406435,24644712.677709427,1438937.5254516564,5492642.311628217,1084570.7500307597,1719743.7830042038,7188.593878806521,122869036.22911985,16381275.953587612,7652543.758342049,33468118.610521898,8823405.932812471
2018,85494851.45064345,19309746.372613203,22759689.062998984,2058454.6483908629,6961667.585770559,1488892.3031167516,2183087.8952588835,9382.278060913704,140265771.5968535,20158183.302794926,10451965.301166497,34612736.843415216,11853047.780416232
2019,110772163.31330076,24054816.825393226,23360195.454936225,2367171.678274206,8253193.103568293,1873507.1636880965,1854769.315925639,17264.35571391686,172553081.2108003,24088995.156051632,12022148.322637746,37691922.74144799,14331727.286511768
2020,77787934.82294784,15243346.03945642,14599619.354110304,1372186.5913640491,5184735.964258964,817222.2976532,1344815.10827281,9597.309396277804,116359457.48745993,15658434.406185884,8159098.990966863,22913088.258326154,8313468.90421585
2021,71636047.237195,11985748.561387096,12232670.918187795,842204.9459800592,3580396.5422921013,557666.7507713378,1669859.5376136738,3704.2161608414594,102508298.70958795,12578556.20697272,5919869.503787663,18293695.265420184,6061024.347232388
2022,114868672.1551638,34616426.30571738,26049174.049298912,2407453.8353021736,7147203.172347826,1382866.5867673915,2381002.0057608695,8565.836891304349,188861363.94724965,32646786.91637499,18666418.918844562,41345904.87571085,15296730.82641194
