year,group,pct
1987,Tax Havens,36.22765002241142
1987,Europe,30.58892612466289
1987,Middle East,16.20010621534199
1987,Latin and South America,6.12749578479361
1987,Asia,4.5598136856410205
1987,Africa,2.72427049406212
1987,North America,3.553444713977111
1988,Tax Havens,35.87759517035053
1988,Europe,30.975859563654762
1988,Middle East,15.992629086206623
1988,Latin and South America,6.56278348103149
1988,Asia,4.455826028221108
1988,Africa,2.5408341045302265
1988,North America,3.5729135870337303
1989,Tax Havens,37.975305819791814
1989,Europe,31.25158877853812
1989,Middle East,14.037056005926079
1989,Latin and South America,6.757527506785828
1989,Asia,3.8893054473605138
1989,Africa,2.5235583479068704
1989,North America,3.555941034542288
1990,Tax Havens,38.47492097260597
1990,Europe,32.21259656227842
1990,Middle East,13.16308927064249
1990,Latin and South America,7.124800070189942
1990,Asia,3.361870357064517
1990,Africa,2.2513324202615768
1990,North America,3.4012129480255298
1991,Tax Havens,37.67183080514339
1991,Europe,32.52369098821546
1991,Middle East,13.765564555599868
1991,Latin and South America,6.8036922037534895
1991,Asia,3.58114671786039
1991,Africa,2.308680804103644
1991,North America,3.334129407660038
1992,Tax Havens,37.25358260137926
1992,Europe,33.57530207712828
1992,Middle East,13.592352833581115
1992,Latin and South America,5.835981552655666
1992,Asia,3.579647459286333
1992,Africa,2.1861196733079127
1992,North America,3.960576723328807
1993,Tax Havens,37.815077295734866
1993,Europe,33.12475395261766
1993,Middle East,14.408997281676955
1993,Latin and South America,5.248972319641483
1993,Asia,3.709478361407638
1993,Africa,2.3912558855842363
1993,North America,3.2879645040119
1994,Tax Havens,40.408733970630294
1994,Europe,31.361159238464737
1994,Middle East,13.740839857515171
1994,Latin and South America,5.494649558718699
1994,Asia,4.010313103964168
1994,Africa,2.3722872759124223
1994,North America,2.587233168571161
1995,Tax Havens,41.41046661193766
1995,Europe,30.930337366529788
1995,Middle East,13.427100185524054
1995,Latin and South America,5.272373393826915
1995,Asia,4.171050070936243
1995,Africa,2.0958935343577196
1995,North America,2.649241907788646
1996,Tax Havens,42.697247565840065
1996,Europe,29.33191322318623
1996,Middle East,13.158457134411583
1996,Latin and South America,5.282561829255708
1996,Asia,4.648625882976367
1996,Africa,1.9730558264639309
1996,North America,2.872494544677781
1997,Tax Havens,43.242441431600454
1997,Europe,28.177944653650055
1997,Middle East,12.950152926514383
1997,Latin and South America,5.60889384926226
1997,Asia,5.1931859898662776
1997,Africa,2.066709453322861
1997,North America,2.7394102823657867
1998,Tax Havens,43.41732812839357
1998,Europe,28.26996278651453
1998,Middle East,12.302430249229216
1998,Latin and South America,5.719014569888431
1998,Asia,5.365818430375298
1998,Africa,2.140422640883023
1998,North America,2.7620741258244244
1999,Tax Havens,43.29736895258118
1999,Europe,27.492001526774917
1999,Middle East,11.889332503200388
1999,Latin and South America,6.3366968820175815
1999,Asia,5.985398174544175
1999,Africa,2.088042529715695
1999,North America,2.8919522281093855
2000,Tax Havens,46.841219811478744
2000,Europe,24.99965632289288
2000,Middle East,11.118724186085931
2000,Latin and South America,6.529232510942743
2000,Asia,5.78881781184234
2000,Africa,1.8368290851087579
2000,North America,2.8641298840703566
2001,Tax Havens,47.932572252299686
2001,Europe,25.683625727182797
2001,Middle East,10.23819443777952
2001,Latin and South America,5.501098933623313
2001,Asia,6.000606547965802
2001,Africa,1.9283239854701169
2001,North America,2.6943491666107153
2002,Tax Havens,49.179435006793035
2002,Europe,24.368463400892733
2002,Middle East,10.063300142416159
2002,Latin and South America,5.9311895880923915
2002,Asia,5.7463351601878525
2002,Africa,2.0609546296305665
2002,North America,2.6227748538084112
2003,Tax Havens,48.57849126871851
2003,Europe,24.621438948699755
2003,Middle East,10.111553105278094
2003,Latin and South America,5.404081271026165
2003,Asia,6.5316721511213
2003,Africa,2.120306467308192
2003,North America,2.603268966894083
2004,Tax Havens,51.55430300571504
2004,Europe,23.94121402825356
2004,Middle East,9.559430543004558
2004,Latin and South America,5.008100496536243
2004,Asia,5.592892512896701
2004,Africa,1.9773774592824125
2004,North America,2.345540174878008
2005,Tax Havens,56.886252313143224
2005,Europe,14.881537582330923
2005,Middle East,10.528094675399172
2005,Latin and South America,7.597622230052916
2005,Asia,5.716772652661403
2005,Africa,1.928191555371618
2005,North America,2.440099960610727
2006,Tax Havens,59.16227303510636
2006,Europe,14.810396760088414
2006,Middle East,9.693514411022532
2006,Latin and South America,6.021195670833603
2006,Asia,5.7618408802329535
2006,Africa,1.6880501748823027
2006,North America,2.8350438934920197
2007,Tax Havens,61.540233973807354
2007,Europe,15.033296509049748
2007,Middle East,8.367891443454514
2007,Latin and South America,6.108686018965096
2007,Asia,4.957522102488572
2007,Africa,1.5935499242344269
2007,North America,2.3689226811324633
2008,Tax Havens,60.95683719371898
2008,Europe,15.908180662088744
2008,Middle East,7.568357541838081
2008,Latin and South America,5.355829543394507
2008,Asia,6.0500914794915355
2008,Africa,1.7036786734821083
2008,North America,2.4159828479189844
2009,Tax Havens,63.357285566391354
2009,Europe,13.80144429845318
2009,Middle East,8.372311245213963
2009,Latin and South America,4.415217988758669
2009,Asia,6.18576692788043
2009,Africa,1.6599184063126369
2009,North America,2.162938863114054
2010,Tax Havens,63.41774929376013
2010,Europe,13.710860088750874
2010,Middle East,7.784497430753879
2010,Latin and South America,4.238700508585399
2010,Asia,6.5857452253889806
2010,Africa,1.4510868507094115
2010,North America,2.6917962514792033
2011,Tax Havens,61.12333072974558
2011,Europe,14.417217578074496
2011,Middle East,10.492971476666556
2011,Latin and South America,3.3992743310733258
2011,Asia,6.6097296630605245
2011,Africa,1.5330343746760462
2011,North America,2.3781066429813533
2012,Tax Havens,62.990572655447785
2012,Europe,12.171620891504045
2012,Middle East,11.309580112172837
2012,Latin and South America,3.1368181462663873
2012,Asia,7.27512043208485
2012,Africa,1.2644492486363026
2012,North America,1.843960382656707
2013,Tax Havens,61.695789292419214
2013,Europe,13.209332372248408
2013,Middle East,11.037446022904449
2013,Latin and South America,2.864721714962856
2013,Asia,7.6220798061965995
2013,Africa,1.2466494246231723
2013,North America,1.8831543234502417
2014,Tax Havens,62.94135935142704
2014,Europe,11.14748245517169
2014,Middle East,14.021889698649105
2014,Latin and South America,2.8282683725794957
2014,Asia,6.848433682312334
2014,Africa,1.018930058952877
2014,North America,1.1865352396334703
2015,Tax Havens,63.31960914260145
2015,Europe,9.878339736518187
2015,Middle East,16.07158389795965
2015,Latin and South America,1.9905823692893958
2015,Asia,6.341502353744185
2015,Africa,1.229816836926375
2015,North America,1.1631589284948693
2016,Tax Havens,63.23314875335877
2016,Europe,10.0369542026203
2016,Middle East,17.759859773511856
2016,Latin and South America,1.242683208261282
2016,Asia,5.0689006803497145
2016,Africa,1.1048496018787863
2016,North America,1.547949143923664
2017,Tax Havens,59.428838954060915
2017,Europe,12.583804184460634
2017,Middle East,20.057708137103994
2017,Latin and South America,1.171114846842617
2017,Asia,4.470322613571918
2017,Africa,0.8827046938077288
2017,North America,1.3996559554657158
2018,Tax Havens,60.952041597410854
2018,Europe,13.766542010058261
2018,Middle East,16.226117607946442
2018,Latin and South America,1.4675388193116665
2018,Asia,4.963197725657202
2018,Africa,1.0614794230741258
2018,North America,1.5563938874078496
2019,Tax Havens,64.19599263949127
2019,Europe,13.940531607202391
2019,Middle East,13.537976425004045
2019,Latin and South America,1.3718512944908468
2019,Asia,4.782987962692906
2019,Africa,1.0857570033184847
2019,North America,1.0748978244322112
2020,Tax Havens,66.8514072707249
2020,Europe,13.100220960637598
2020,Middle East,12.546998472972176
2020,Latin and South America,1.1792652019814804
2020,Asia,4.455792486672365
2020,Africa,0.702325634116395
2020,North America,1.1557419889292118
2021,Tax Havens,69.88316862046861
2021,Europe,11.692466573212212
2021,Middle East,11.933346931104255
2021,Latin and South America,0.8215968429698316
2021,Asia,3.4927870107722456
2021,Africa,0.5440210771141959
2021,North America,1.6289993674994883
2022,Tax Havens,60.821689388649894
2022,Europe,18.329014247395776
2022,Middle East,13.79274908581865
2022,Latin and South America,1.2747201359694684
2022,Asia,3.7843649028946396
2022,Africa,0.732212538268884
2022,North America,1.260714185261259
