year,world_gdp,offshore_wealth,offshore_gdp
2001,34810,3311.5495732678387,9.513213367618036
2002,35600,3326.746220979236,9.344792755559652
2003,39890,3569.3502972638985,8.947982695572572
2004,44810,4266.8113944519455,9.522007128881825
2005,48520,4566.731931122663,9.412060863814228
2006,51690,5052.610039900942,9.774830798802364
2007,58340,6795.072296255632,11.647364237668206
2008,64000,5644.1315902770675,8.818955609807917
2009,60690,6305.321264958117,10.38939078094928
2010,66400,5844.857398652377,8.802496082307798
2011,73900,6563.066040110752,8.881009526536875
2012,75230,8219.975666549735,10.926459745513407
2013,77380,8475.816267396418,10.953497373218426
2014,79420,9523.389064490357,11.991172330005485
2015,75120,9523.389064490357,12.677567977223584
2016,76440,7905.563979386344,10.342182076643569
2017,81200,9429.189571691051,11.612302428190949
2018,86030,8765.78477137622,10.189218611386982
2019,87330,10740.665488591729,12.298941358744681
2020,85050,12856.722293311333,15.1166634841991
2021,96590,14033.606116016257,14.52904660525547
